#item,x,y,dx,dy,label
0,2.94117647059,410.588235294,58.1818168051,66.6253011873,1
1,261.176470588,300.0,38.1730900058,43.712860109,1
