#item,x,y,dx,dy,label
0,112.631578947,112.105263158,28.2314773822,36.7912254374,1
1,309.473684211,168.947368421,37.5760963957,40.0656445014,1
2,338.947368421,201.578947368,30.1322716997,35.3415043582,1
3,266.315789474,221.578947368,43.2387374815,42.7632202734,1
4,268.421052632,235.789473684,34.6731435864,34.6382084215,1
5,316.315789474,421.052631579,46.1499541135,50.7138009499,1
6,164.736842105,283.684210526,26.7087897851,26.9513930906,1
7,82.1052631579,255.263157895,26.4417018872,29.6465323997,1
