#item,x,y,dx,dy,label
0,182.0,234.666666667,66.7026927084,70.848751034,1
1,150.666666667,147.333333333,48.6262629844,51.6487395038,1
2,296.0,310.666666667,58.8377782111,62.4949747996,1
3,275.263157895,255.789473684,42.1235952753,47.7543054283,1
4,187.894736842,394.210526316,34.120112173,38.6809873969,1
