#item,x,y,dx,dy,label
0,218.0,4.66666666667,37.1446903818,39.453503513,1
1,5.78947368421,314.736842105,30.4112370622,37.1692897427,1
2,298.947368421,222.631578947,30.4112370622,37.1692897427,1
