#item,x,y,dx,dy,label
0,185.882352941,209.411764706,38.7203873806,47.3249179096,1
1,236.470588235,197.058823529,46.3831520432,47.3249179096,1
2,196.470588235,70.0,37.570353155,38.3331835068,1
3,269.411764706,368.823529412,50.0061400493,51.0214672475,1
4,421.764705882,220.0,45.0055260444,41.3273884705,1
5,472.941176471,272.352941176,25.1757677172,46.189438907,1
