#item,x,y,dx,dy,label
0,56.8421052632,206.315789474,34.0451543823,38.7709027612,1
1,96.8421052632,268.947368421,41.1946368025,46.9127923411,1
2,195.789473684,341.578947368,41.1946368025,62.440926606,1
3,219.473684211,404.210526316,35.9740034054,40.9674919462,1
4,194.210526316,243.684210526,35.9740034054,45.0642411408,1
5,221.578947368,250.0,35.9740034054,45.0642411408,1
6,204.210526316,206.315789474,39.5714037459,44.6135987294,1
7,329.473684211,115.263157895,39.5714037459,53.9824544625,1
8,84.2105263158,121.578947368,39.5714037459,39.3532093032,1
