#item,x,y,dx,dy,label
0,344.0,78.0,30.5288237165,36.9522913794,1
1,183.0,26.0,30.5288237165,33.2570622415,1
2,147.0,64.0,30.5288237165,33.2570622415,1
3,140.0,36.0,30.5288237165,33.2570622415,1
4,75.0,71.0,30.5288237165,29.9313560173,1
5,109.0,346.0,27.2011819314,32.924491619,1
6,284.0,191.0,27.2011819314,32.924491619,1
