#item,x,y,dx,dy,label
0,135.789473684,127.368421053,34.6096472202,36.9150598434,1
1,174.736842105,223.684210526,34.6096472202,36.9150598434,1
2,189.473684211,244.210526316,31.1486824982,33.223553859,1
3,292.631578947,314.210526316,34.263550748,36.1804501525,1
4,323.684210526,334.736842105,34.263550748,36.1804501525,1
5,370.526315789,429.473684211,34.263550748,36.1804501525,1
6,484.736842105,126.315789474,34.263550748,36.1804501525,1
