#item,x,y,dx,dy,label
0,58.0,262.0,39.2887311429,37.9371018438,1
1,317.0,340.0,23.1996028526,30.4217619685,1
2,440.0,179.0,33.9665385364,36.8103319819,1
3,275.0,21.0,24.7616065931,26.8347320148,1
4,217.222222222,209.444444444,26.3449460414,28.6896462391,1
