#item,x,y,dx,dy,label
0,264.0,470.666666667,17.0022219282,16.6042704347,1
1,360.0,448.0,17.0022219282,22.1002839486,1
2,369.333333333,486.0,16.6638777118,14.2114463724,1
