#item,x,y,dx,dy,label
0,351.052631579,81.0526315789,52.6958207644,61.2083196944,1
1,319.473684211,61.0526315789,31.1163552032,44.6208650572,1
2,37.8947368421,56.3157894737,66.7006708215,78.2580984784,1
3,0.0,184.210526316,54.0275433654,77.4755174936,1
4,1.57894736842,395.263157895,48.6247890289,62.7551691698,1
5,1.57894736842,431.578947368,48.6247890289,62.7551691698,1
