#item,x,y,dx,dy,label
0,81.7647058824,188.823529412,37.7717433554,41.562881371,1
1,215.294117647,348.235294118,44.7943036518,44.8093580349,1
2,243.529411765,317.647058824,44.7943036518,54.2193232222,1
3,380.0,318.235294118,54.2011074186,54.2193232222,1
