#item,x,y,dx,dy,label
0,104.666666667,84.0,38.0008938473,37.2446760597,1
1,146.0,80.6666666667,38.0008938473,45.0660580323,1
2,381.333333333,248.666666667,38.0008938473,36.5035070061,1
