#item,x,y,dx,dy,label
0,112.352941176,45.2941176471,39.0720953406,53.0608702157,1
1,11.1764705882,345.882352941,42.9793048747,58.3669572372,1
2,19.4117647059,455.294117647,47.2772353622,42.1240167077,1
