#item,x,y,dx,dy,label
0,170.0,350.0,25.6420202424,32.5400199652,1
1,440.0,383.0,31.0268444933,39.3734241579,1
2,46.0,163.0,24.6316223332,25.3188288086,1
3,387.777777778,328.888888889,35.9512848609,35.2358542922,1
