#item,x,y,dx,dy,label
0,205.714285714,309.523809524,38.1510992149,41.9188854006,1
