#item,x,y,dx,dy,label
0,63.6842105263,177.368421053,30.1522270316,38.1657167608,1
1,241.052631579,145.789473684,30.1522270316,38.1657167608,1
2,260.526315789,70.5263157895,24.4233038956,30.9142305762,1
3,251.578947368,77.8947368421,24.4233038956,30.9142305762,1
4,343.157894737,428.421052632,26.8656342852,37.4062189972,1
5,476.315789474,448.947368421,21.5435521333,27.269133649,1
