#item,x,y,dx,dy,label
0,11.0,247.0,35.2150971853,45.5957200457,1
1,55.0,330.0,38.7366069038,40.6257865607,1
2,48.0,18.0,34.8629462134,39.419160074,1
3,407.0,36.0,28.2389864329,31.92951966,1
