#item,x,y,dx,dy,label
0,102.631578947,363.684210526,49.3958224089,46.8960789129,1
1,13.1578947368,471.052631579,49.3958224089,46.8960789129,1
2,60.0,486.315789474,49.3958224089,46.8960789129,1
3,301.052631579,114.736842105,40.0106161512,42.2064710216,1
