#item,x,y,dx,dy,label
0,42.1052631579,353.684210526,29.1051344215,41.9681838506,1
1,197.894736842,290.526315789,32.0156478637,41.9681838506,1
2,188.947368421,396.842105263,32.0156478637,37.7713654656,1
3,437.368421053,414.210526316,32.0156478637,41.5485020121,1
4,87.3684210526,2.10526315789,32.0156478637,30.2888579668,1
