#item,x,y,dx,dy,label
0,19.5238095238,109.523809524,34.9989119511,40.2007363195,1
1,113.333333333,52.380952381,34.9989119511,40.2007363195,1
2,132.380952381,51.9047619048,34.9989119511,40.2007363195,1
3,289.047619048,87.1428571429,34.9989119511,44.2208099515,1
