#item,x,y,dx,dy,label
0,241.428571429,147.619047619,35.5538825724,31.3158342613,1
1,1.90476190476,440.0,39.1092708297,50.4344642361,1
2,161.428571429,447.142857143,25.6595925913,24.1226478973,1
3,179.523809524,201.904761905,25.6595925913,24.1226478973,1
4,159.523809524,130.476190476,25.6595925913,24.1226478973,1
5,24.2857142857,88.5714285714,28.2255518505,26.534912687,1
