#item,x,y,dx,dy,label
0,373.75,20.0,52.2624643406,58.7848377593,1
1,227.5,30.0,47.0362179066,52.9063539834,1
2,243.125,81.25,42.3325961159,52.9063539834,1
3,221.25,151.25,51.2224413003,57.6150194879,1
4,233.125,249.375,46.1001971702,62.7427562223,1
5,123.125,290.625,36.9677481108,49.8102820525,1
6,121.875,171.875,33.2709732997,39.9428651779,1
7,478.125,73.75,21.829085582,53.1639535518,1
8,360.0,464.375,40.8625173548,34.5320612261,1
