#item,x,y,dx,dy,label
0,423.157894737,112.105263158,29.8045446959,33.5458368384,1
1,302.631578947,38.9473684211,29.8045446959,36.9004205223,1
2,244.736842105,0.0,31.1782079924,17.2981345453,1
3,1.05263157895,69.4736842105,37.7256316708,44.8669060506,1
4,5.78947368421,44.7368421053,37.3483753541,44.8669060506,1
