#item,x,y,dx,dy,label
0,174.117647059,1.17647058824,43.6954912687,50.7881946269,1
1,328.235294118,340.588235294,28.6686118214,50.7881946269,1
