#item,x,y,dx,dy,label
0,306.666666667,256.666666667,39.3019352238,45.9193205228,1
1,326.0,184.0,47.5553416208,55.5623778325,1
2,141.333333333,228.0,27.8001441369,32.4809382015,1
3,142.0,284.666666667,46.5933313257,56.1047583934,1
4,352.105263158,260.0,42.9933191428,37.9239768827,1
5,264.210526316,200.526315789,42.9933191428,37.9239768827,1
