#item,x,y,dx,dy,label
0,6.66666666667,131.904761905,32.3325740479,37.1505867858,1
1,95.7142857143,108.095238095,35.2101731381,33.4355281072,1
2,152.857142857,50.0,38.7311904519,40.4569890097,1
3,161.904761905,246.666666667,42.6043094971,44.5026879107,1
4,402.857142857,300.952380952,34.5094906927,40.0524191196,1
5,434.761904762,38.0952380952,37.9604397619,36.0471772076,1
6,456.19047619,81.4285714286,41.7564837381,43.6170844212,1
7,358.235294118,447.058823529,36.2778402989,38.3331835068,1
