#item,x,y,dx,dy,label
0,103.529411765,173.529411765,25.3432052444,24.3364029071,1
1,84.1176470588,295.294117647,25.3432052444,24.3364029071,1
