#item,x,y,dx,dy,label
0,463.333333333,139.523809524,22.6797492807,31.3684924695,1
1,440.0,385.238095238,18.3705969174,25.4084789003,1
2,448.095238095,348.571428571,18.3705969174,25.4084789003,1
3,114.117647059,4.11764705882,33.1515705872,35.0297930744,1
