#item,x,y,dx,dy,label
0,100.0,138.421052632,30.7018532677,29.7399691646,1
1,218.421052632,456.842105263,40.8641666993,43.5422888538,1
2,331.052631579,459.473684211,54.3902058768,43.1068659653,1
3,388.421052632,402.105263158,53.846303818,52.159307818,1
