#item,x,y,dx,dy,label
0,309.375,16.25,20.4933458127,27.6034230102,1
1,268.125,1.25,27.2766432767,30.0601276582,1
