#item,x,y,dx,dy,label
0,230.0,5.78947368421,74.3976695519,71.4180923491,1
1,178.421052632,43.1578947368,74.3976695519,71.4180923491,1
2,301.578947368,275.789473684,53.6935420923,63.6335202831,1
3,100.526315789,270.0,59.0628963015,63.6335202831,1
4,42.1052631579,472.105263158,64.9691859317,63.6335202831,1
