#item,x,y,dx,dy,label
0,421.052631579,145.789473684,52.6234454385,61.2981554321,1
1,284.736842105,275.789473684,52.6234454385,67.4279709753,1
2,251.052631579,369.473684211,63.6743689806,73.4290603921,1
3,440.0,441.052631579,33.8391703254,42.9255346122,1
