#item,x,y,dx,dy,label
0,405.0,111.0,25.1588541972,36.1020603694,1
1,426.0,141.0,22.4165390897,32.1669357892,1
2,422.0,166.0,29.8364135284,28.9502422102,1
3,443.0,8.0,28.6607397881,33.6494794584,1
