#item,x,y,dx,dy,label
0,221.764705882,329.411764706,41.2643192484,56.9178461839,1
1,315.882352941,429.411764706,33.4240985912,46.103455409,1
2,288.235294118,250.0,36.7665084503,50.7138009499,1
