#item,x,y,dx,dy,label
0,462.631578947,321.578947368,23.4251248375,27.3508965529,1
