#item,x,y,dx,dy,label
0,69.5238095238,173.333333333,31.7424417803,35.5615554757,1
1,307.058823529,326.470588235,24.9072656553,28.9502422102,1
