#item,x,y,dx,dy,label
0,82.0,205.333333333,46.5222258126,49.4139210925,1
1,157.333333333,282.666666667,37.6830029082,40.0252760849,1
2,212.0,310.666666667,30.5232323557,32.4204736288,1
3,182.0,251.333333333,40.6264222654,43.1516503999,1
