#item,x,y,dx,dy,label
0,27.3684210526,352.105263158,24.1063002738,29.1196580377,1
1,46.6666666667,410.555555556,20.7125632868,25.5710657862,1
