#item,x,y,dx,dy,label
0,45.8823529412,299.411764706,40.0636420251,55.8528443813,1
1,116.470588235,130.0,40.0636420251,32.9805460787,1
2,118.235294118,104.705882353,39.6630056048,39.9064607553,1
3,1.76470588235,100.588235294,32.1270345399,39.5073961477,1
4,271.764705882,90.5882352941,35.3397379939,38.7211989644,1
