#item,x,y,dx,dy,label
0,172.666666667,86.6666666667,61.2101750925,65.0148334317,1
1,358.0,36.6666666667,55.0891575833,58.5133500885,1
2,346.666666667,74.0,45.7499050924,48.5935950126,1
3,376.666666667,58.0,45.7499050924,48.5935950126,1
