#item,x,y,dx,dy,label
0,213.333333333,78.0952380952,45.0855225628,57.5792399004,1
1,325.714285714,408.571428571,29.5806113534,37.7777392986,1
2,292.941176471,2.35294117647,36.4422286621,32.7980057959,1
