#item,x,y,dx,dy,label
0,405.0,133.75,21.209227797,29.2994797253,1
1,356.25,220.625,21.209227797,26.3695317527,1
2,64.375,227.5,28.2294821978,38.6076314392,1
3,25.0,204.375,37.5734408053,42.4683945831,1
4,1.875,223.125,30.1301421818,42.4683945831,1
5,352.5,422.5,21.9648736505,27.863513686,1
6,303.157894737,251.052631579,22.7761650459,23.0062273191,1
