#item,x,y,dx,dy,label
0,443.684210526,228.421052632,38.7448557924,40.3070863498,1
1,468.947368421,208.421052632,28.2449998726,40.3070863498,1
