#item,x,y,dx,dy,label
0,186.470588235,431.764705882,28.8046907277,32.0159681695,1
