#item,x,y,dx,dy,label
0,5.2380952381,96.6666666667,45.389537169,51.6143441763,1
1,22.380952381,218.095238095,29.7800753366,37.6268569045,1
2,66.1904761905,376.666666667,43.6010083003,41.389542595,1
3,131.428571429,411.904761905,52.7572200433,55.089481194,1
4,191.904761905,386.666666667,52.7572200433,49.5805330746,1
5,287.619047619,296.19047619,42.7333482351,49.5805330746,1
6,361.428571429,182.380952381,47.0066830586,54.538586382,1
7,428.571428571,304.761904762,38.0754132775,44.1762549694,1
8,247.619047619,97.619047619,41.8829546052,44.1762549694,1
