#item,x,y,dx,dy,label
0,380.0,92.1052631579,20.697813735,24.9062614894,1
