#item,x,y,dx,dy,label
0,231.176470588,94.7058823529,35.0062594483,47.7708325294,1
1,145.294117647,32.9411764706,31.5056335035,34.824936914,1
