#item,x,y,dx,dy,label
0,57.619047619,178.095238095,20.1632628132,23.2963299646,1
1,434.285714286,297.619047619,20.1632628132,23.2963299646,1
2,449.523809524,298.095238095,20.1632628132,23.2963299646,1
3,269.523809524,288.571428571,22.1795890945,25.6259629611,1
4,297.142857143,297.619047619,19.9616301851,23.0633666649,1
