#item,x,y,dx,dy,label
0,232.0,131.333333333,35.3004995252,43.1160693746,1
1,430.666666667,192.666666667,42.2864683812,46.4838655534,1
2,468.666666667,262.0,20.2254867387,22.2330887942,1
3,475.333333333,241.333333333,16.3826442583,18.0088019233,1
4,236.666666667,318.666666667,42.0674364213,46.243092262,1
5,215.333333333,326.666666667,27.600445036,30.3400928331,1
6,234.0,468.0,43.5662219595,34.9122829408,1
7,127.333333333,48.0,29.0131029773,35.082269877,1
8,435.333333333,380.0,21.1505520704,25.5749747403,1
