#item,x,y,dx,dy,label
0,56.0,471.333333333,31.9885994912,33.976924008,1
1,141.578947368,427.894736842,24.5752293279,29.7360274868,1
2,410.526315789,255.263157895,17.91534218,21.6775640379,1
3,436.842105263,180.0,17.91534218,21.6775640379,1
4,331.578947368,27.8947368421,17.91534218,21.6775640379,1
