#item,x,y,dx,dy,label
0,420.909090909,339.090909091,39.4330250202,33.5755555912,1
