#item,x,y,dx,dy,label
0,134.736842105,37.8947368421,52.1338146048,55.606544434,1
1,145.789473684,95.2631578947,69.390107239,73.2721875353,1
2,431.052631579,328.421052632,56.2059868636,63.986337264,1
3,466.315789474,400.526315789,56.2059868636,63.986337264,1
