#item,x,y,dx,dy,label
0,2.85714285714,270.476190476,31.0016646192,38.7786207185,1
