#item,x,y,dx,dy,label
0,191.578947368,266.315789474,47.953607592,65.4172759393,1
1,196.842105263,76.8421052632,52.7489683513,52.9879935109,1
2,198.947368421,46.8421052632,46.999330801,47.6891941598,1
3,152.105263158,116.842105263,46.999330801,47.6891941598,1
4,0.0,364.736842105,22.4796342242,47.6891941598,1
5,203.157894737,386.315789474,48.1870923758,52.4581135758,1
6,235.789473684,357.894736842,43.3683831383,46.740179196,1
7,259.473684211,0.526315789474,35.128390342,22.3556828149,1
