#item,x,y,dx,dy,label
0,154.761904762,173.333333333,40.5100817885,49.663903743,1
