#item,x,y,dx,dy,label
0,193.684210526,0.526315789474,35.6745063829,41.4234554904,1
1,428.421052632,21.0526315789,42.734491196,45.1101430291,1
2,291.578947368,85.2631578947,42.3071462841,44.6590415988,1
3,338.947368421,264.736842105,46.5378609125,49.1249457587,1
4,35.7894736842,87.3684210526,41.465234073,49.1249457587,1
5,0.0,161.052631579,36.9455235591,54.0374403346,1
