#item,x,y,dx,dy,label
0,57.619047619,367.142857143,34.020681415,37.5625541681,1
1,110.476190476,286.666666667,34.020681415,37.5625541681,1
2,215.714285714,412.380952381,41.1650245122,45.4506905434,1
3,240.0,465.238095238,41.1650245122,33.1335534062,1
4,461.428571429,462.380952381,33.3436698549,33.1335534062,1
