#item,x,y,dx,dy,label
0,55.2631578947,232.631578947,33.0067408302,37.6009814585,1
1,97.8947368421,142.105263158,26.7354600725,30.4567949814,1
