#item,x,y,dx,dy,label
0,68.8235294118,403.529411765,35.9567806006,41.6048005747,1
1,190.0,124.705882353,35.9567806006,41.6048005747,1
2,328.235294118,1.76470588235,35.9567806006,41.6048005747,1
3,424.705882353,66.4705882353,35.9567806006,41.6048005747,1
4,443.529411765,88.2352941176,47.8584749795,50.3418086954,1
5,409.411764706,395.882352941,43.0726274815,45.3076278259,1
6,424.117647059,424.705882353,43.0726274815,45.3076278259,1
7,406.470588235,459.411764706,47.3798902297,36.3321867536,1
