#item,x,y,dx,dy,label
0,123.333333333,194.0,46.2501612722,49.1249457587,1
1,78.6666666667,188.666666667,46.2501612722,49.1249457587,1
2,12.0,134.666666667,46.2501612722,49.1249457587,1
3,153.333333333,24.0,37.4626306305,39.7912060645,1
4,310.666666667,194.0,27.3102577296,29.007789221,1
5,424.0,37.3333333333,30.0412835026,31.9085681432,1
