#item,x,y,dx,dy,label
0,74.7619047619,146.666666667,34.6605675747,35.4725850528,1
1,92.380952381,174.761904762,50.7465369861,57.1289529533,1
2,113.80952381,240.476190476,26.9687903624,30.3606678865,1
3,245.714285714,90.4761904762,24.2719113262,27.3246010978,1
4,262.857142857,91.4285714286,32.3059139752,30.0570612076,1
