#item,x,y,dx,dy,label
0,297.272727273,270.909090909,34.3725808358,38.1789253847,1
1,216.363636364,305.454545455,37.8098389194,46.1964997155,1
2,23.6363636364,210.909090909,45.7499050924,50.3079881901,1
3,90.0,390.909090909,27.014861458,29.7063639464,1
4,352.777777778,229.444444444,25.9289705516,30.4422135787,1
5,362.222222222,211.666666667,25.9289705516,30.4422135787,1
