#item,x,y,dx,dy,label
0,336.666666667,127.619047619,25.6807678661,36.8094324186,1
1,96.6666666667,323.80952381,25.6807678661,36.8094324186,1
2,79.0476190476,67.1428571429,25.6807678661,36.8094324186,1
3,89.0476190476,96.1904761905,20.8014219715,24.1506686098,1
4,1.76470588235,431.176470588,28.7809395983,48.2533661914,1
