#item,x,y,dx,dy,label
0,347.142857143,370.0,32.6143098183,36.9198006513,1
1,370.0,365.714285714,29.3528788365,36.9198006513,1
2,354.761904762,302.857142857,29.3528788365,36.9198006513,1
