#item,x,y,dx,dy,label
0,10.0,162.380952381,42.1138986657,39.221818732,1
1,45.2380952381,124.761904762,50.9578173855,69.4838444147,1
2,20.4761904762,104.761904762,49.4443192513,55.7190948362,1
