#item,x,y,dx,dy,label
0,74.7058823529,49.4117647059,23.7699207116,29.6420011368,1
1,131.764705882,94.7058823529,21.3929286404,26.6778010231,1
2,383.529411765,73.5294117647,30.6980912247,47.2613518583,1
