#item,x,y,dx,dy,label
0,443.333333333,120.476190476,39.6239635278,50.0645209524,1
