#item,x,y,dx,dy,label
0,273.157894737,82.1052631579,28.7466752397,42.0456011565,1
1,398.947368421,64.7368421053,28.4592084873,41.2088936935,1
2,312.631578947,73.1578947368,25.3571547622,36.7171242809,1
3,300.0,59.4736842105,25.3571547622,36.7171242809,1
4,304.210526316,50.0,22.821439286,29.7408706676,1
5,295.263157895,43.1578947368,25.1035832146,26.7667836008,1
