#item,x,y,dx,dy,label
0,28.0952380952,50.9523809524,32.0356635602,31.6795427507,1
1,178.571428571,229.523809524,32.0356635602,31.6795427507,1
2,38.0952380952,272.380952381,32.0356635602,31.6795427507,1
3,143.333333333,36.1904761905,25.9488874838,25.6604296281,1
