#item,x,y,dx,dy,label
0,147.5,358.125,30.0816887321,27.7204349658,1
1,320.0,445.625,36.3988433658,39.3800592296,1
2,75.0,441.25,26.2694092456,31.2630808013,1
3,140.625,341.875,26.9332866746,32.053157712,1
4,210.0,455.0,26.9332866746,32.053157712,1
5,145.625,466.875,23.7575828428,28.2737698862,1
6,73.125,330.0,23.7575828428,28.2737698862,1
