#item,x,y,dx,dy,label
0,442.857142857,287.619047619,32.9548189622,40.2191751508,1
1,290.476190476,440.952380952,26.1622046325,31.9292389879,1
