#item,x,y,dx,dy,label
0,172.380952381,376.666666667,39.7889357079,40.7484746069,1
1,223.80952381,160.476190476,52.9590734272,54.2362197017,1
2,328.095238095,86.6666666667,47.1865344236,48.8125977315,1
3,413.333333333,41.4285714286,51.905187866,53.6938575047,1
4,455.714285714,40.0,42.0432021715,48.3244717542,1
