#item,x,y,dx,dy,label
0,31.4285714286,182.380952381,30.7235340327,28.5656288097,1
1,56.1904761905,200.476190476,27.6511806294,31.4221916907,1
2,59.0476190476,228.095238095,22.3974563098,25.4519752695,1
3,82.8571428571,266.19047619,22.3974563098,25.4519752695,1
4,98.5714285714,315.238095238,22.3974563098,25.4519752695,1
5,312.380952381,221.904761905,27.1009221349,30.796890076,1
6,350.0,251.904761905,24.1469216222,27.4400290578,1
7,414.285714286,220.476190476,19.559006514,22.2264235368,1
8,282.857142857,162.857142857,23.6663978819,26.8939724795,1
