#item,x,y,dx,dy,label
0,2.94117647059,202.941176471,22.0477694406,30.2438538279,1
1,122.352941176,362.941176471,24.2525463846,30.2438538279,1
2,267.647058824,340.0,29.3455811254,36.5950631318,1
