#item,x,y,dx,dy,label
0,120.588235294,234.705882353,49.266202875,51.2871200402,1
