#item,x,y,dx,dy,label
0,63.5294117647,226.470588235,37.6243257929,42.0083528782,1
1,65.8823529412,81.1764705882,33.8618932136,37.8075175904,1
2,180.588235294,151.764705882,49.577197854,44.8367290683,1
3,315.294117647,385.882352941,44.6194780686,49.3204019752,1
4,330.588235294,463.529411765,49.0814258755,35.9545730399,1
5,424.705882353,14.1176470588,49.0814258755,46.9032115355,1
