#item,x,y,dx,dy,label
0,262.0,195.0,51.4849093094,58.9367151244,1
1,283.0,136.0,41.7027765406,47.7387392508,1
2,237.0,172.0,30.4013240981,38.6683787931,1
3,211.0,181.0,27.3611916883,38.6683787931,1
4,171.0,26.0,22.1625652675,31.3213868224,1
5,0.0,136.0,35.693032989,50.4434066914,1
