#item,x,y,dx,dy,label
0,29.4117647059,340.0,34.4282651776,38.0426996722,1
1,44.7058823529,160.588235294,34.4282651776,38.0426996722,1
2,136.470588235,10.0,30.9854386599,38.0426996722,1
3,148.235294118,10.0,30.9854386599,38.0426996722,1
4,170.0,68.8235294118,30.9854386599,38.0426996722,1
5,416.470588235,355.294117647,27.5591597056,34.1893141838,1
6,101.764705882,404.705882353,27.5591597056,34.1893141838,1
7,74.1176470588,419.411764706,30.3150756761,37.6082456022,1
8,25.2941176471,392.352941176,27.2835681085,33.847421042,1
