#item,x,y,dx,dy,label
0,338.947368421,172.631578947,45.9951405449,59.0737156656,1
1,121.578947368,412.631578947,45.9951405449,59.0737156656,1
2,130.526315789,394.210526316,37.2560638414,53.1663440991,1
