#item,x,y,dx,dy,label
0,228.235294118,34.1176470588,37.381462832,41.9686037282,1
1,226.470588235,2.35294117647,37.381462832,41.9686037282,1
2,369.411764706,28.8235294118,30.2789848939,33.9945690199,1
3,395.294117647,40.5882352941,30.2789848939,33.9945690199,1
