#item,x,y,dx,dy,label
0,8.94736842105,150.0,31.3156503035,45.8030478877,1
1,51.0526315789,311.052631579,45.8492436094,49.8795191498,1
2,176.315789474,280.526315789,37.1378873236,44.8915672348,1
3,292.631578947,252.105263158,44.9368436615,48.8869167187,1
4,337.368421053,388.947368421,44.9368436615,53.7756083905,1
5,281.052631579,423.684210526,44.9368436615,48.3980475515,1
6,71.5789473684,460.526315789,36.3988433658,38.8103943315,1
7,162.105263158,481.578947368,44.0426004727,51.1400685067,1
