#item,x,y,dx,dy,label
0,447.058823529,320.0,45.9319328426,109.931746959,1
1,1.76470588235,3.52941176471,30.135941138,52.5800137821,1
2,195.294117647,1.76470588235,44.1220314202,42.5898111635,1
3,323.529411765,104.705882353,26.6110566075,49.8140317592,1
