#item,x,y,dx,dy,label
0,348.421052632,198.421052632,66.0013897149,102.570102251,1
1,404.736842105,232.631578947,48.1150131021,91.389961106,1
2,408.947368421,191.052631579,58.2191658536,74.0258684959,1
3,389.473684211,231.578947368,52.3972492682,73.2856098109,1
4,86.3157894737,390.0,52.3972492682,73.2856098109,1
5,1.57894736842,219.473684211,34.3778352449,87.7888319925,1
