#item,x,y,dx,dy,label
0,84.7619047619,104.761904762,26.08478589,31.9790096293,1
1,83.3333333333,68.5714285714,21.1286765709,25.9029977998,1
2,77.1428571429,134.285714286,23.241544228,31.3426273377,1
3,29.0476190476,352.857142857,25.5656986508,37.9245790786,1
4,424.285714286,450.0,23.0091287857,30.7189090537,1
