#item,x,y,dx,dy,label
0,115.625,155.625,34.4795209479,41.8118840367,1
1,443.75,28.75,34.1347257384,41.3937651963,1
2,443.157894737,52.1052631579,36.6812415681,37.0517591597,1
