#item,x,y,dx,dy,label
0,174.705882353,214.705882353,42.9569963011,53.3273728313,1
1,163.529411765,394.705882353,42.9569963011,53.3273728313,1
2,284.117647059,285.882352941,34.7951670039,43.1951719934,1
3,287.647058824,417.058823529,38.2746837043,57.4927739232,1
