#item,x,y,dx,dy,label
0,207.0,215.0,34.1691735838,34.7712469097,1
1,240.0,255.0,34.1691735838,34.7712469097,1
2,305.0,458.0,34.1691735838,34.7712469097,1
3,357.0,471.0,37.2102300327,30.6713691866,1
4,59.4444444444,165.555555556,19.2924927595,19.4873664237,1
