#item,x,y,dx,dy,label
0,89.4736842105,51.5789473684,52.8021695414,65.8242048286,1
1,73.1578947368,3.15789473684,47.5219525872,53.3176059112,1
