#item,x,y,dx,dy,label
0,408.823529412,294.705882353,36.8722292991,41.3829733997,1
1,430.0,319.411764706,36.8722292991,41.3829733997,1
