#item,x,y,dx,dy,label
0,1.42857142857,252.857142857,20.5487893803,35.6267982542,1
1,13.3333333333,277.142857143,33.0940307849,39.1894780796,1
2,2.85714285714,318.571428571,26.8061649357,39.1894780796,1
3,34.2857142857,243.333333333,29.4867814293,31.4260424721,1
4,138.095238095,243.80952381,35.6790055295,46.0108687833,1
5,173.80952381,233.333333333,39.2469060824,41.409781905,1
6,212.380952381,130.952380952,35.3222154742,37.2688037145,1
