#item,x,y,dx,dy,label
0,158.0,129.0,34.6212787637,36.3932800599,1
1,150.0,184.0,28.0432357986,29.4785568486,1
2,429.0,304.0,33.9323153163,47.4755105902,1
3,308.0,407.0,37.3255468479,52.2230616492,1
4,242.0,231.0,24.4892912869,34.263550748,1
5,379.0,17.0,23.0561816195,20.0299612404,1
6,187.0,228.0,30.6877777356,26.659878411,1
7,401.666666667,345.0,39.919035734,46.8674145489,1
