#item,x,y,dx,dy,label
0,348.75,191.25,39.7984951677,42.258059594,1
1,396.25,351.875,35.818645651,42.258059594,1
2,362.5,361.25,29.0131029773,34.2290282712,1
3,336.875,358.125,25.8506747528,30.4980641896,1
4,275.0,365.0,25.8506747528,30.4980641896,1
5,253.125,363.125,25.8506747528,30.4980641896,1
6,311.25,435.0,28.435742228,33.5478706086,1
7,117.5,119.375,20.5223595234,24.2118336969,1
