#item,x,y,dx,dy,label
0,396.470588235,322.352941176,24.6574455615,33.9084911321,1
1,433.529411765,360.588235294,26.1812864929,31.9134458878,1
2,442.352941176,284.705882353,23.0942510025,25.3354783348,1
3,463.529411765,307.647058824,23.0942510025,30.6559287851,1
4,96.4705882353,364.705882353,23.0942510025,30.6559287851,1
5,15.2941176471,431.764705882,23.0942510025,30.6559287851,1
6,156.470588235,215.882352941,23.0942510025,30.6559287851,1
7,102.941176471,198.823529412,27.9440437131,30.0458758023,1
