#item,x,y,dx,dy,label
0,305.625,169.375,51.1458216873,59.2499722707,1
1,333.75,198.125,45.1152178522,52.7917252932,1
2,409.375,183.125,54.5894136011,58.0708978225,1
3,460.0,214.375,39.7956825152,63.8779876047,1
4,20.625,180.625,35.8161142637,46.5670529639,1
5,4.375,202.5,23.4989525684,33.9473816106,1
6,10.0,65.0,34.4048164554,37.3421197717,1
