#item,x,y,dx,dy,label
0,172.941176471,375.882352941,44.9890420099,49.3550927035,1
1,11.7647058824,382.352941176,29.5173104627,32.3818763227,1
2,2.35294117647,331.176470588,29.5173104627,32.3818763227,1
3,201.764705882,275.294117647,32.1443510939,35.2638633155,1
4,347.058823529,136.470588235,21.0899087527,23.1366207213,1
5,230.0,44.1176470588,23.198899628,30.79484218,1
6,286.470588235,152.352941176,20.8790096652,27.715357962,1
7,272.777777778,411.666666667,23.1260135359,25.6955705955,1
8,213.333333333,468.888888889,33.8587964179,28.265127655,1
