#item,x,y,dx,dy,label
0,146.470588235,61.1764705882,30.452444539,32.3452858336,1
1,388.823529412,319.411764706,30.452444539,32.3452858336,1
2,430.0,406.470588235,30.452444539,32.3452858336,1
3,440.588235294,457.647058824,33.4976889929,35.579814417,1
4,420.588235294,19.4117647059,26.8617968034,31.7016146455,1
5,1.17647058824,354.705882353,24.1756171231,28.531453181,1
6,410.588235294,480.588235294,26.5931788354,18.5322915677,1
7,300.0,338.235294118,23.9338609519,29.8464408927,1
