#item,x,y,dx,dy,label
0,151.333333333,88.6666666667,34.2457661202,36.3743899879,1
1,238.421052632,45.7894736842,26.1203069555,33.7335397735,1
2,61.5789473684,186.315789474,31.289515702,40.4094072947,1
3,41.0526315789,207.368421053,28.1605641318,40.4094072947,1
