#item,x,y,dx,dy,label
0,18.4210526316,189.473684211,20.2283761558,23.9811965248,1
1,2.10526315789,432.631578947,26.6547289767,35.110869832,1
2,324.210526316,422.105263158,23.9892560791,28.4398045639,1
3,353.684210526,477.368421053,26.388181687,20.5252913518,1
4,434.736842105,426.842105263,26.388181687,30.0510790682,1
5,471.578947368,449.473684211,23.7493635183,27.0459711614,1
6,419.473684211,396.842105263,26.1242998701,29.7505682775,1
