#item,x,y,dx,dy,label
0,398.75,346.875,28.0,30.492,1
1,351.875,298.75,25.2,29.2904935369,1
2,336.25,295.0,19.6076857561,23.2531662996,1
