#item,x,y,dx,dy,label
0,344.0,164.0,16.4557269185,18.6063142674,1
1,298.0,344.0,16.4557269185,18.6063142674,1
2,332.0,387.0,17.9202866143,22.5136402636,1
