#item,x,y,dx,dy,label
0,412.307692308,252.307692308,34.6212787637,34.9827416325,1
1,391.538461538,477.692307692,34.6212787637,28.3360207223,1
2,159.230769231,109.230769231,28.0432357986,22.9521767851,1
