#item,x,y,dx,dy,label
0,143.157894737,11.5789473684,27.7667696403,33.4237641977,1
1,6.31578947368,392.631578947,30.5434466043,36.7661406175,1
