#item,x,y,dx,dy,label
0,126.315789474,102.631578947,37.2731520427,56.0910821827,1
1,335.789473684,64.2105263158,27.1721278391,33.1212231181,1
2,370.0,390.526315789,35.8044411323,48.4927827671,1
3,443.157894737,420.526315789,43.3233737701,52.8086404334,1
