#item,x,y,dx,dy,label
0,454.210526316,110.526315789,42.2787236051,47.8818775698,1
1,428.947368421,132.105263158,38.0508512446,47.8818775698,1
2,307.368421053,366.315789474,41.8559363691,57.9370718595,1
3,202.631578947,483.157894737,41.8559363691,57.9370718595,1
4,374.736842105,351.578947368,30.5129776131,38.012512847,1
