#item,x,y,dx,dy,label
0,420.952380952,243.333333333,37.2129703645,37.8747874655,1
1,2.38095238095,455.238095238,33.4916733281,37.8747874655,1
2,18.0952380952,474.285714286,40.524924727,24.3551400598,1
