#item,x,y,dx,dy,label
0,263.636363636,247.272727273,29.5723606012,36.1318531669,1
1,5.45454545455,175.454545455,29.5723606012,36.1318531669,1
2,16.3636363636,395.454545455,39.3608119602,36.1318531669,1
3,58.1818181818,232.727272727,31.5634351109,35.058700996,1
4,421.666666667,350.555555556,32.3344189445,37.9626057846,1
