#item,x,y,dx,dy,label
0,284.0,294.0,42.443058438,42.443058438,1
1,246.0,300.0,51.35610071,51.35610071,1
2,368.0,342.0,46.220490639,46.220490639,1
3,380.0,369.0,46.220490639,46.220490639,1
4,253.157894737,154.210526316,25.404192,33.4748497565,1
5,302.631578947,189.473684211,33.812979552,44.5550250259,1
