#item,x,y,dx,dy,label
0,344.375,368.75,34.8653893366,34.1371382896,1
1,445.625,436.25,42.1871210972,41.3059373305,1
2,423.75,384.375,27.9491626084,37.5382363406,1
