#item,x,y,dx,dy,label
0,235.238095238,36.1904761905,34.9860930082,43.806704947,1
1,328.095238095,184.285714286,56.3454526506,58.3067242844,1
2,374.285714286,213.333333333,56.3454526506,58.3067242844,1
3,360.952380952,258.571428571,61.9799979157,64.1373967128,1
4,406.666666667,278.571428571,49.7017603286,51.431778424,1
5,433.333333333,236.666666667,54.1252169978,68.4556970824,1
6,397.619047619,380.0,54.1252169978,61.6101273741,1
