#item,x,y,dx,dy,label
0,293.076923077,320.0,49.9054227515,50.9358176407,1
1,462.307692308,256.923076923,36.017242654,33.418989954,1
2,185.384615385,24.6153846154,36.017242654,33.418989954,1
3,80.0,6.15384615385,32.4155183886,30.0770909586,1
4,105.384615385,86.1538461538,39.2227772502,36.3932800599,1
