#item,x,y,dx,dy,label
0,222.631578947,65.7894736842,49.3792271335,53.1468710271,1
1,214.736842105,183.684210526,39.9971739782,47.8321839244,1
2,229.473684211,153.157894737,39.9971739782,47.8321839244,1
3,251.578947368,163.157894737,39.9971739782,47.8321839244,1
