#item,x,y,dx,dy,label
0,1.90476190476,204.761904762,39.1355627835,59.2529845475,1
1,117.142857143,190.476190476,39.1355627835,47.9949174834,1
2,185.714285714,187.142857143,39.1355627835,47.9949174834,1
3,217.142857143,205.714285714,39.1355627835,47.9949174834,1
4,227.142857143,232.380952381,43.0491190618,58.073850155,1
