#item,x,y,dx,dy,label
0,3.68421052632,197.368421053,20.9077254803,26.3360950574,1
1,16.3157894737,217.894736842,20.9077254803,23.7024855517,1
2,69.4736842105,244.210526316,22.9984980283,26.0727341068,1
3,122.631578947,425.789473684,33.6721009632,31.5480082693,1
4,94.7368421053,447.894736842,24.5469616022,22.9984980283,1
5,167.368421053,458.421052632,27.0016577624,27.8281826142,1
