#item,x,y,dx,dy,label
0,10.0,114.210526316,38.0888472432,45.8487849077,1
