#item,x,y,dx,dy,label
0,313.333333333,440.476190476,28.5341865178,30.7283015432,1
