#item,x,y,dx,dy,label
0,60.0,236.315789474,28.1230206838,39.3211537027,1
1,30.5263157895,234.736842105,33.6885664772,38.9279421657,1
2,68.4210526316,169.473684211,27.2877388465,31.5316331542,1
3,92.6315789474,152.631578947,29.7163476038,37.7717433554,1
4,116.315789474,142.105263158,29.7163476038,41.5489176909,1
5,135.263157895,89.4736842105,21.6632174032,24.5342204073,1
6,36.8421052632,46.8421052632,28.8337423637,39.5126073082,1
7,125.789473684,0.526315789474,28.54540494,28.8046907277,1
