#item,x,y,dx,dy,label
0,238.0,228.666666667,33.0959191302,35.1530716301,1
1,130.0,411.333333333,36.4055110432,38.6683787931,1
2,98.6666666667,434.666666667,36.4055110432,38.6683787931,1
3,205.333333333,331.333333333,36.4055110432,38.6683787931,1
