#item,x,y,dx,dy,label
0,20.5882352941,88.8235294118,39.4005102161,47.658600351,1
1,108.823529412,193.529411765,20.9390465497,20.5154647256,1
