#item,x,y,dx,dy,label
0,391.764705882,358.235294118,51.874849202,57.0623341222,1
1,285.294117647,465.882352941,62.7685675344,33.0242123961,1
2,422.941176471,70.0,33.3577902991,35.9633672993,1
