#item,x,y,dx,dy,label
0,216.315789474,277.368421053,27.50365284,30.5390837846,1
1,203.684210526,310.0,24.753287556,27.4851754062,1
2,224.736842105,352.105263158,24.753287556,24.7366578656,1
3,369.473684211,460.526315789,20.0501629203,22.262992079,1
4,411.052631579,457.894736842,26.686766847,29.6320424571,1
5,419.473684211,260.0,32.2909878848,29.0423648122,1
