#item,x,y,dx,dy,label
0,171.428571429,110.476190476,43.6943563354,58.0720898249,1
1,93.8095238095,185.714285714,25.2876389711,33.6085976531,1
