#item,x,y,dx,dy,label
0,202.941176471,51.7647058824,36.8879947906,44.8517977097,1
1,341.176470588,54.7058823529,44.6344736967,54.2706752287,1
