#item,x,y,dx,dy,label
0,72.1052631579,322.105263158,25.7165182755,25.9762810863,1
1,84.2105263158,347.368421053,25.7165182755,25.9762810863,1
2,328.421052632,58.4210526316,25.7165182755,28.288170103,1
