#item,x,y,dx,dy,label
0,388.421052632,17.8947368421,22.8058792798,23.1406274605,1
