#item,x,y,dx,dy,label
0,54.2105263158,226.315789474,30.5434466043,36.7661406175,1
1,88.4210526316,244.210526316,30.5434466043,36.7661406175,1
