#item,x,y,dx,dy,label
0,349.473684211,282.631578947,28.7660007409,39.8179564623,1
1,364.736842105,364.210526316,25.8894006668,32.2525447345,1
2,377.368421053,373.684210526,25.8894006668,32.2525447345,1
3,407.368421053,312.631578947,23.3004606001,28.7370173584,1
