#item,x,y,dx,dy,label
0,373.636363636,419.090909091,51.4236153621,47.2050861515,1
1,317.272727273,347.272727273,37.487815599,34.4125078045,1
2,457.272727273,402.727272727,41.2365971589,37.8537585849,1
3,339.444444444,383.333333333,24.2851658199,34.1548665045,1
