#item,x,y,dx,dy,label
0,426.666666667,364.285714286,33.3171859834,37.1324291861,1
