#item,x,y,dx,dy,label
0,440.588235294,48.2352941176,42.1021520747,57.4927739232,1
1,440.0,230.0,42.1021520747,57.4927739232,1
2,449.411764706,368.823529412,37.5130174986,51.7434965309,1
