#item,x,y,dx,dy,label
0,422.631578947,175.789473684,29.8701658648,37.783292291,1
1,426.315789474,244.736842105,29.8701658648,37.783292291,1
2,387.894736842,237.368421053,29.8701658648,37.783292291,1
3,307.894736842,343.157894737,32.8571824512,37.783292291,1
4,255.263157895,388.947368421,21.5575974063,27.5440200801,1
