#item,x,y,dx,dy,label
0,253.529411765,175.882352941,36.6319719278,38.9089158715,1
