#item,x,y,dx,dy,label
0,131.428571429,352.380952381,29.5318496238,36.2049858287,1
1,207.619047619,375.238095238,29.5318496238,36.2049858287,1
