#item,x,y,dx,dy,label
0,11.5789473684,350.526315789,33.7441916002,41.0154898632,1
1,8.42105263158,311.052631579,27.3327951962,24.2192366093,1
2,430.526315789,339.473684211,33.0726821874,35.4593843197,1
3,397.894736842,293.684210526,29.7654139687,28.722101299,1
4,457.894736842,221.052631579,29.7654139687,20.938411847,1
5,296.315789474,444.210526316,24.1099853146,20.7290277285,1
