#item,x,y,dx,dy,label
0,336.470588235,74.1176470588,35.3339332048,43.381609791,1
1,330.0,184.117647059,42.7540591778,47.7197707702,1
2,83.5294117647,381.176470588,31.1677091406,34.7877128914,1
3,473.529411765,54.7058823529,25.2458444039,38.2664841806,1
4,200.0,349.411764706,37.8040599528,46.8989220629,1
