#item,x,y,dx,dy,label
0,96.0,202.0,45.1455744767,45.0268289835,1
1,266.0,203.0,40.631017029,45.0268289835,1
2,318.0,223.0,32.9111237935,40.5241460851,1
3,162.0,366.0,36.2022361729,44.5765606936,1
4,53.0,404.0,39.8224597902,49.034216763,1
5,349.0,411.0,35.481811673,43.6894871358,1
