#item,x,y,dx,dy,label
0,120.588235294,348.235294118,28.9838706253,36.8902596622,1
1,44.1176470588,440.588235294,31.8822576878,36.8902596622,1
2,307.058823529,332.941176471,28.694031919,29.5822992231,1
3,196.470588235,401.764705882,23.2421658544,29.5822992231,1
4,173.529411765,436.470588235,20.917949269,26.6240693008,1
