#item,x,y,dx,dy,label
0,382.352941176,55.2941176471,37.0325273015,42.4210282052,1
