#item,x,y,dx,dy,label
0,216.428571429,338.571428571,43.6394794423,41.472829831,1
1,7.14285714286,302.142857143,35.3479783483,36.9522913794,1
