#item,x,y,dx,dy,label
0,185.263157895,136.842105263,34.1694965082,36.7272374535,1
1,85.7894736842,174.736842105,37.5864461591,40.3999611989,1
2,201.052631579,344.210526316,37.5864461591,48.8839530506,1
3,180.526315789,332.105263158,33.8278015432,35.6364017739,1
4,325.263157895,393.157894737,33.8278015432,39.2000419513,1
5,455.263157895,420.0,44.1288102573,46.0232714214,1
6,43.1578947368,258.947368421,39.7159292315,37.2788498514,1
7,253.157894737,292.105263158,28.9529124098,33.5509648662,1
