#item,x,y,dx,dy,label
0,14.1176470588,17.6470588235,33.5981273994,37.9174104451,1
1,2.94117647059,244.705882353,30.2383146594,37.9174104451,1
