#item,x,y,dx,dy,label
0,207.0,160.0,36.7485385715,44.6972508033,1
1,32.0,371.0,32.0913632047,40.0191585044,1
2,42.0,462.0,32.0913632047,35.6570702274,1
