#item,x,y,dx,dy,label
0,12.2727272727,207.727272727,36.4580212954,48.8404530007,1
1,242.727272727,215.909090909,21.5280969947,23.3602372648,1
2,97.7272727273,245.909090909,23.6809066942,34.2017233795,1
3,90.4545454545,69.5454545455,21.3128160248,24.9330563436,1
4,105.454545455,71.8181818182,21.3128160248,24.9330563436,1
5,117.727272727,1.36363636364,28.3673581289,30.1689981758,1
6,123.333333333,372.666666667,27.2495710329,28.9802192734,1
