#item,x,y,dx,dy,label
0,423.846153846,241.538461538,40.4369778444,45.8576424467,1
1,464.615384615,287.692307692,36.3932800599,49.9389726245,1
