#item,x,y,dx,dy,label
0,320.526315789,105.789473684,35.0447978469,39.6093093189,1
1,289.473684211,419.473684211,51.3090885277,57.9919897738,1
2,238.421052632,346.315789474,45.7163978782,46.9735117168,1
