#item,x,y,dx,dy,label
0,15.2941176471,322.352941176,35.9633672993,39.9592969992,1
1,32.3529411765,348.823529412,35.9633672993,39.9592969992,1
2,341.176470588,188.235294118,32.3670305694,35.9633672993,1
3,341.764705882,228.823529412,35.6037336263,35.9633672993,1
4,364.117647059,408.235294118,28.8390242373,32.3670305694,1
