#item,x,y,dx,dy,label
0,61.1764705882,396.470588235,31.2430247544,42.8573727769,1
1,18.8235294118,377.058823529,31.2430247544,34.7144719493,1
2,117.058823529,280.0,20.4985485413,22.7761650459,1
3,417.058823529,193.529411765,20.4985485413,22.7761650459,1
