#item,x,y,dx,dy,label
0,370.588235294,434.705882353,51.571482225,54.7770255781,1
