#item,x,y,dx,dy,label
0,41.4285714286,147.142857143,50.0705407886,63.5930713541,1
1,49.5238095238,347.619047619,55.0775948675,76.9476163384,1
2,360.952380952,350.476190476,44.6128518426,76.9476163384,1
3,380.0,337.619047619,53.9815507296,69.2528547046,1
4,391.904761905,435.714285714,58.7859087445,62.3275692341,1
