#item,x,y,dx,dy,label
0,54.2857142857,100.0,52.9073178701,75.4163587733,1
