#item,x,y,dx,dy,label
0,273.684210526,317.368421053,26.83856563,27.3742973238,1
1,313.684210526,322.631578947,26.83856563,27.3742973238,1
2,237.894736842,458.947368421,21.7392381603,22.1731808323,1
3,246.315789474,409.473684211,21.7392381603,22.1731808323,1
4,463.157894737,251.578947368,31.8284185906,32.4637540566,1
5,342.631578947,354.736842105,23.2029171525,23.6660767072,1
