#item,x,y,dx,dy,label
0,294.0,28.6666666667,51.5967004601,54.8038113102,1
1,306.666666667,444.0,54.5199430502,57.9087547251,1
2,329.473684211,312.105263158,38.0958245019,52.785501797,1
3,190.0,39.4736842105,38.0958245019,38.48063081,1
