#item,x,y,dx,dy,label
0,222.857142857,54.7619047619,33.9251932302,44.1762549694,1
1,387.142857143,97.619047619,33.9251932302,44.1762549694,1
2,437.058823529,3.52941176471,33.6607883105,38.7334004536,1
