#item,x,y,dx,dy,label
0,346.875,269.375,29.3339159439,26.7197024943,1
1,284.375,421.875,39.0434421213,38.7291132577,1
2,145.625,381.25,28.1780426134,30.7463071621,1
3,235.0,383.75,22.8242145168,27.6716764459,1
