#item,x,y,dx,dy,label
0,341.176470588,385.882352941,39.7098282782,82.9954933001,1
