#item,x,y,dx,dy,label
0,265.714285714,88.5714285714,43.4348231596,46.2447656759,1
1,302.380952381,166.666666667,39.0913408437,37.4582601975,1
2,69.0476190476,252.857142857,43.000474928,45.324494839,1
3,5.2380952381,278.571428571,34.8303846917,36.7128408196,1
4,199.047619048,362.380952381,38.3134231609,36.7128408196,1
5,234.285714286,446.19047619,27.9304854843,31.7395875664,1
6,291.428571429,413.80952381,27.9304854843,31.7395875664,1
