#item,x,y,dx,dy,label
0,366.842105263,57.8947368421,25.4712853377,32.5117265262,1
1,261.578947368,110.526315789,33.9022807845,38.9457972057,1
2,255.789473684,181.578947368,33.9022807845,42.8403769263,1
3,274.736842105,28.9473684211,45.1239357241,47.1244146189,1
4,220.0,36.3157894737,29.6058142286,37.4111774021,1
5,216.315789474,5.78947368421,26.6452328057,33.6700596619,1
