#item,x,y,dx,dy,label
0,358.947368421,335.263157895,22.5511666964,22.8744885529,1
1,372.631578947,472.631578947,24.806283366,25.1619374082,1
2,354.736842105,485.789473684,20.0930895265,22.6457436674,1
