#item,x,y,dx,dy,label
0,359.0,122.0,56.0482296571,51.2182320242,1
1,481.0,111.0,26.8076944955,54.6666992463,1
2,484.0,168.0,26.8076944955,54.6666992463,1
3,320.0,16.0,39.4402485105,37.5198892746,1
4,350.555555556,107.222222222,41.584465948,40.7569350757,1
