#item,x,y,dx,dy,label
0,206.666666667,299.333333333,46.3831520432,54.1928231625,1
1,57.3684210526,2.63157894737,24.761358864,26.6954686049,1
2,46.25,60.0,20.2632598838,21.4933405095,1
3,103.125,228.125,29.6674387958,31.4683998399,1
4,244.375,465.625,35.5386249335,34.2690874256,1
