#item,x,y,dx,dy,label
0,1.42857142857,73.3333333333,33.1436076954,45.4132138268,1
1,270.476190476,128.095238095,44.1141418426,49.9545352095,1
2,462.380952381,61.9047619048,35.7324548925,44.5094908717,1
