#item,x,y,dx,dy,label
0,391.875,134.375,37.2605944135,46.3312896446,1
1,318.75,143.75,24.2022092348,37.5283446121,1
2,356.875,13.75,32.2131404915,45.4092969806,1
3,445.0,1.25,32.2131404915,45.4092969806,1
4,25.625,385.0,38.9778999947,49.9502266787,1
5,60.0,341.25,23.0160601679,40.4596836098,1
6,12.6315789474,306.842105263,35.7650673619,44.6004082328,1
