#item,x,y,dx,dy,label
0,33.1578947368,7.36842105263,28.0429552382,33.5926560799,1
