#item,x,y,dx,dy,label
0,102.352941176,202.352941176,25.7340641538,34.2405318969,1
1,149.411764706,180.588235294,31.1382176261,41.4310435952,1
2,160.0,160.0,31.1382176261,41.4310435952,1
3,220.588235294,195.882352941,31.1382176261,41.4310435952,1
4,140.588235294,367.058823529,28.0243958635,37.2879392357,1
5,162.941176471,347.058823529,28.0243958635,37.2879392357,1
6,187.647058824,424.117647059,33.9095189949,37.2879392357,1
7,341.764705882,318.235294118,22.2480354125,30.2032307809,1
