#item,x,y,dx,dy,label
0,425.384615385,145.384615385,38.6424007017,43.822498345,1
