#item,x,y,dx,dy,label
0,322.352941176,224.117647059,28.3784698388,38.5516147434,1
1,341.176470588,199.411764706,28.3784698388,38.5516147434,1
2,106.470588235,428.235294118,31.2163168226,42.4067762177,1
3,10.0,296.470588235,31.2163168226,34.3494887363,1
