#item,x,y,dx,dy,label
0,308.421052632,60.0,32.9909386231,40.5185862732,1
1,198.421052632,73.6842105263,29.6918447608,36.4667276459,1
2,326.842105263,168.421052632,29.6918447608,39.7122664064,1
3,31.0526315789,2.10526315789,15.7794636715,21.1047265713,1
