#item,x,y,dx,dy,label
0,277.368421053,298.947368421,41.8414556231,39.3796652493,1
