#item,x,y,dx,dy,label
0,195.882352941,375.294117647,40.5049734399,45.4601273175,1
1,258.235294118,388.823529412,32.8090284863,36.8227031272,1
