#item,x,y,dx,dy,label
0,325.238095238,304.285714286,34.6785676187,36.9220389734,1
1,331.428571429,266.19047619,31.2107108568,33.2298350761,1
2,220.588235294,443.529411765,29.4048053033,27.9636772627,1
