#item,x,y,dx,dy,label
0,294.736842105,36.3157894737,33.1738573633,40.3358097439,1
1,294.736842105,77.3684210526,26.8708244642,32.0218329753,1
2,363.684210526,178.947368421,29.2623278416,38.7464179001,1
3,452.631578947,117.894736842,29.2623278416,38.7464179001,1
4,456.842105263,98.9473684211,35.0533425214,38.3589537211,1
