#item,x,y,dx,dy,label
0,197.142857143,449.523809524,42.5990889899,44.0078772775,1
1,279.523809524,422.380952381,31.0547358736,39.6070895497,1
2,423.80952381,273.80952381,25.1543360576,32.0817425353,1
