#item,x,y,dx,dy,label
0,30.4761904762,300.952380952,31.240295147,41.7361712979,1
1,60.0,313.333333333,28.1162656323,37.5625541681,1
