#item,x,y,dx,dy,label
0,95.2380952381,336.19047619,22.1829796062,27.0728582418,1
1,101.904761905,353.80952381,22.1829796062,27.0728582418,1
2,111.904761905,327.619047619,22.1829796062,27.0728582418,1
3,199.523809524,268.095238095,22.1829796062,27.0728582418,1
4,276.666666667,226.666666667,22.1829796062,27.0728582418,1
5,307.619047619,221.428571429,24.4012775668,29.780144066,1
6,269.523809524,183.80952381,21.9611498101,26.8021296594,1
7,197.619047619,164.285714286,24.1572647911,29.4823426253,1
8,144.761904762,73.8095238095,21.741538312,26.5341083628,1
