#item,x,y,dx,dy,label
0,234.285714286,380.0,31.960399385,36.3801641132,1
1,222.857142857,372.857142857,31.960399385,36.3801641132,1
2,278.571428571,176.666666667,28.7643594465,29.4679329317,1
3,295.238095238,179.523809524,28.7643594465,29.4679329317,1
4,263.333333333,226.666666667,28.7643594465,32.4147262248,1
5,429.411764706,439.411764706,35.8788754276,38.109008937,1
