#item,x,y,dx,dy,label
0,85.0,40.625,39.7689470815,45.8471820649,1
1,114.375,114.375,35.7920523733,45.8471820649,1
2,96.25,183.75,35.7920523733,41.2624638584,1
3,134.375,181.875,39.3712576106,45.3887102442,1
4,286.25,203.125,25.8314821183,33.088369768,1
5,406.25,129.375,23.2483339065,33.088369768,1
