#item,x,y,dx,dy,label
0,146.842105263,44.7368421053,63.7385892358,64.85815629,1
1,264.210526316,1.05263157895,57.3647303122,31.0214550932,1
2,365.789473684,23.6842105263,37.2606295622,47.036690626,1
3,370.526315789,248.947368421,65.3493833862,83.3283666821,1
