#item,x,y,dx,dy,label
0,15.625,110.625,30.9123550601,50.3810872624,1
1,0.625,136.875,30.2971991944,60.9611155875,1
