#item,x,y,dx,dy,label
0,357.5,21.875,41.7062038065,49.5689322976,1
1,1.25,91.875,24.6270962857,49.5689322976,1
