#item,x,y,dx,dy,label
0,138.947368421,271.052631579,36.2933796639,33.5622406097,1
1,104.736842105,301.578947368,36.2933796639,33.5622406097,1
2,86.8421052632,328.947368421,36.2933796639,36.9184646707,1
3,31.0526315789,376.315789474,36.2933796639,36.9184646707,1
4,81.0526315789,362.631578947,36.2933796639,36.9184646707,1
5,4.73684210526,88.4210526316,39.9227176303,36.549280024,1
