#item,x,y,dx,dy,label
0,159.0,155.0,37.8167650683,51.874849202,1
1,55.0,111.0,41.5984415751,46.6873642818,1
2,385.0,45.0,37.4385974176,42.0186278536,1
3,187.5,285.833333333,27.0198101422,39.9592969992,1
4,125.833333333,356.666666667,27.0198101422,32.3670305694,1
5,456.666666667,6.66666666667,29.7217911565,46.9146837621,1
6,45.0,47.5,29.7217911565,38.0008938473,1
7,46.6666666667,7.5,24.0746508367,30.7807240163,1
