#item,x,y,dx,dy,label
0,27.6470588235,328.235294118,30.3604895396,38.6164400628,1
1,52.3529411765,70.0,33.0625731086,46.2586335512,1
2,110.0,120.0,29.7563157978,41.6327701961,1
3,307.058823529,30.5882352941,36.0051421153,45.7960472157,1
