#item,x,y,dx,dy,label
0,390.0,175.0,44.4178172082,45.6570458387,1
1,419.0,164.0,32.3805887448,33.2839864164,1
2,167.0,156.0,17.2083724631,21.8376234878,1
3,349.0,406.0,30.4856815291,38.6866821036,1
4,178.0,368.0,27.4371133762,34.8180138933,1
5,199.0,257.0,24.202003338,30.7126218751,1
