#item,x,y,dx,dy,label
0,52.0,14.0,47.7066675329,39.4402485105,1
