#item,x,y,dx,dy,label
0,257.647058824,440.588235294,28.6511107781,30.4319860555,1
