#item,x,y,dx,dy,label
0,457.647058824,92.9411764706,26.1948830477,30.0064282287,1
1,357.647058824,9.41176470588,23.575394743,27.0057854058,1
