#item,x,y,dx,dy,label
0,262.666666667,244.0,45.6270865917,48.4631424473,1
1,402.666666667,208.666666667,45.6270865917,48.4631424473,1
2,66.6666666667,453.333333333,41.0643779325,43.6168282026,1
3,2.66666666667,374.666666667,41.0643779325,43.6168282026,1
