#item,x,y,dx,dy,label
0,267.619047619,61.9047619048,43.6063515924,62.4820018716,1
