#item,x,y,dx,dy,label
0,231.052631579,384.210526316,59.1423353136,65.012862707,1
1,12.1052631579,182.631578947,47.905291604,38.3894452999,1
2,90.5263157895,371.052631579,47.905291604,68.0092441049,1
