#item,x,y,dx,dy,label
0,342.941176471,204.705882353,29.7608645355,39.4330250202,1
1,420.588235294,46.4705882353,32.7369509891,31.9407502664,1
2,462.941176471,86.4705882353,36.010646088,46.764452465,1
