#item,x,y,dx,dy,label
0,28.5714285714,205.714285714,42.0598817629,40.908101458,1
1,87.1428571429,230.476190476,27.5954884246,26.8398053666,1
2,142.380952381,222.380952381,30.3550372671,29.5237859032,1
3,158.095238095,191.428571429,22.1288221677,29.5237859032,1
4,202.380952381,241.428571429,29.4534623052,31.8298888201,1
5,225.714285714,199.047619048,26.5081160747,28.6468999381,1
6,471.904761905,405.714285714,27.4525515906,55.8247037714,1
7,216.666666667,46.6666666667,40.1932807837,40.6962090493,1
8,333.80952381,51.4285714286,40.1932807837,40.6962090493,1
