#item,x,y,dx,dy,label
0,138.0,162.0,28.1588725533,37.7584625283,1
1,302.0,189.0,30.9747598086,37.380877903,1
2,22.0,307.0,30.9747598086,49.7539484889,1
3,250.0,298.0,37.4794593684,49.7539484889,1
4,259.0,374.0,33.7315134316,44.77855364,1
5,460.0,45.5555555556,23.9419045976,26.0727341068,1
