#item,x,y,dx,dy,label
0,182.0,294.666666667,42.3616932084,53.9679439488,1
1,292.666666667,253.333333333,41.9380762763,48.5711495539,1
2,400.0,292.666666667,37.7442686487,48.5711495539,1
3,416.0,328.0,33.9698417838,38.9492048273,1
4,462.666666667,296.666666667,37.3668259622,42.84412531,1
5,246.666666667,12.0,41.1035085584,47.128537841,1
