#item,x,y,dx,dy,label
0,451.052631579,0.526315789474,29.9945286479,27.7373889337,1
