#item,x,y,dx,dy,label
0,417.894736842,356.315789474,34.3830904572,27.0049668085,1
1,304.736842105,318.947368421,30.9447814115,24.3044701277,1
