#item,x,y,dx,dy,label
0,151.764705882,244.705882353,32.2151238539,37.8352573053,1
1,227.058823529,242.941176471,32.2151238539,37.8352573053,1
2,255.294117647,38.8235294118,32.2151238539,37.8352573053,1
3,382.941176471,296.470588235,42.8783298496,45.7806613394,1
4,402.941176471,330.0,34.7314471782,37.0823356849,1
5,98.8235294118,389.411764706,28.1324722143,33.3741021164,1
6,184.117647059,428.823529412,28.1324722143,33.3741021164,1
7,140.588235294,10.0,30.9457194358,33.3741021164,1
