#item,x,y,dx,dy,label
0,336.19047619,203.333333333,22.0290005874,28.2324990039,1
1,343.80952381,223.80952381,29.3205997818,37.5774561742,1
2,390.952380952,162.857142857,23.7496858233,27.393965551,1
3,10.4761904762,204.285714286,21.3747172409,27.393965551,1
4,0.952380952381,245.238095238,17.3135209652,27.393965551,1
5,119.047619048,428.571428571,27.8835986496,32.8152313335,1
6,370.952380952,357.619047619,14.8184875499,17.4393593551,1
