#item,x,y,dx,dy,label
0,32.3529411765,92.9411764706,41.786939558,39.7389637355,1
1,95.8823529412,163.529411765,30.4626789378,39.7389637355,1
