#item,x,y,dx,dy,label
0,385.263157895,173.157894737,39.5972022384,43.048965532,1
1,410.0,160.0,39.5972022384,47.3538620852,1
2,343.684210526,401.052631579,32.0737338131,34.5209654601,1
3,226.842105263,424.210526316,32.0737338131,34.5209654601,1
