#item,x,y,dx,dy,label
0,387.0,325.0,55.5669774286,55.4208207295,1
1,189.0,342.0,55.5669774286,55.4208207295,1
2,153.0,466.0,49.01507512,39.5977829234,1
