#item,x,y,dx,dy,label
0,404.705882353,2.94117647059,52.7860298982,46.3364183785,1
