#item,x,y,dx,dy,label
0,35.8823529412,152.941176471,25.3153551283,30.9409896013,1
1,77.6470588235,290.0,22.7838196155,27.8468906412,1
2,334.117647059,271.176470588,25.0622015771,30.6315797053,1
