#item,x,y,dx,dy,label
0,82.3529411765,57.6470588235,41.5007107324,46.1119008138,1
1,147.647058824,1.76470588235,41.5007107324,33.6155756933,1
2,312.941176471,277.647058824,54.685071525,54.1382208098,1
3,443.529411765,237.058823529,54.685071525,54.1382208098,1
