#item,x,y,dx,dy,label
0,2.85714285714,373.333333333,25.6760644277,60.4542276049,1
1,279.047619048,376.19047619,45.4867143737,54.4088048444,1
2,295.714285714,305.238095238,45.4867143737,54.4088048444,1
3,336.19047619,289.047619048,40.9380429363,44.0711319239,1
