#item,x,y,dx,dy,label
0,1.42857142857,251.428571429,25.8357826708,32.9951754767,1
1,94.2857142857,289.523809524,41.6087863492,43.4774127739,1
2,35.2380952381,435.714285714,30.3328052485,31.6950339121,1
