#item,x,y,dx,dy,label
0,463.529411765,50.0,35.3004995252,52.1879772853,1
