#item,x,y,dx,dy,label
0,333.157894737,124.736842105,35.7825563275,42.1871210972,1
1,329.473684211,36.8421052632,31.8822576878,33.8298524079,1
2,225.263157895,46.3157894737,35.0704834566,33.1566383449,1
3,216.315789474,74.2105263158,31.5634351109,32.8250719615,1
4,242.631578947,66.8421052632,31.5634351109,32.8250719615,1
5,140.526315789,13.1578947368,28.1230206838,29.5425647653,1
6,156.842105263,26.3157894737,28.1230206838,29.5425647653,1
