#item,x,y,dx,dy,label
0,459.333333333,337.333333333,47.2050861515,50.1392261765,1
1,438.0,400.0,47.2050861515,50.1392261765,1
2,404.666666667,429.333333333,47.2050861515,50.1392261765,1
3,454.666666667,466.666666667,47.2050861515,50.1392261765,1
