#item,x,y,dx,dy,label
0,52.1052631579,78.4210526316,43.2162942485,59.8602971821,1
1,90.5263157895,67.3684210526,43.2162942485,59.8602971821,1
