#item,x,y,dx,dy,label
0,248.421052632,198.421052632,35.1634680926,37.7010525498,1
1,365.263157895,263.157894737,38.6798149018,41.4711578048,1
