#item,x,y,dx,dy,label
0,61.1764705882,58.8235294118,25.3277342291,28.8628233003,1
1,27.0588235294,370.588235294,27.8605076521,31.7491056304,1
2,222.352941176,312.352941176,37.0823356849,42.258059594,1
3,259.411764706,315.882352941,44.8696261787,42.258059594,1
4,255.294117647,427.647058824,29.1445721185,33.5478706086,1
5,447.647058824,434.705882353,32.0590293304,36.9026576694,1
