#item,x,y,dx,dy,label
0,15.2380952381,148.571428571,20.1472477416,23.2465599986,1
1,26.6666666667,121.428571429,18.1325229674,20.9219039988,1
2,24.2857142857,126.666666667,18.1325229674,20.9219039988,1
3,156.666666667,133.333333333,19.9457752642,20.9219039988,1
4,167.619047619,136.19047619,24.1343880696,25.3155038385,1
5,355.238095238,253.80952381,32.1228705207,37.06442917,1
