#item,x,y,dx,dy,label
0,361.904761905,296.666666667,35.0620596487,38.7123496655,1
1,413.333333333,162.380952381,35.0620596487,38.7123496655,1
2,383.80952381,410.476190476,38.5682656135,42.5835846321,1
3,310.952380952,457.619047619,31.240295147,34.492703552,1
4,464.285714286,367.142857143,31.240295147,41.7361712979,1
