#item,x,y,dx,dy,label
0,165.294117647,244.705882353,47.0007554843,48.1723633887,1
1,155.294117647,271.764705882,34.263550748,35.1176529103,1
