#item,x,y,dx,dy,label
0,32.380952381,336.666666667,37.4113108253,37.9176331836,1
1,260.476190476,154.761904762,41.1524419079,50.4683697674,1
2,263.333333333,272.857142857,30.0001301508,36.7914415604,1
3,248.235294118,6.47058823529,30.899430173,32.650056269,1
