#item,x,y,dx,dy,label
0,152.352941176,358.823529412,28.5916491279,40.6040727942,1
1,276.470588235,405.882352941,34.5958954448,40.6040727942,1
2,269.411764706,459.411764706,31.1363059003,36.5436655147,1
3,474.705882353,345.882352941,25.2204077792,36.5436655147,1
