#item,x,y,dx,dy,label
0,419.333333333,372.0,19.7468456534,20.9742559797,1
