#item,x,y,dx,dy,label
0,300.952380952,316.19047619,30.4358240334,37.3132259527,1
