#item,x,y,dx,dy,label
0,26.8421052632,96.8421052632,32.0420683977,34.3543959113,1
1,282.631578947,3.15789473684,46.9127923411,34.3543959113,1
2,233.684210526,149.473684211,34.1994256166,34.3543959113,1
3,228.421052632,3.15789473684,41.3813049961,27.8270606881,1
4,361.052631579,184.736842105,33.5188570469,37.0378177759,1
5,28.9473684211,452.631578947,33.5188570469,44.3676019137,1
6,278.421052632,432.631578947,40.5578170267,44.3676019137,1
7,34.7368421053,232.631578947,40.5578170267,44.3676019137,1
8,120.588235294,394.705882353,44.399218888,49.3324654312,1
