#item,x,y,dx,dy,label
0,270.0,120.0,23.4418179094,28.2271624004,1
1,426.0,21.0,41.5286103774,45.0055260444,1
2,221.0,45.0,27.2469212686,29.5281256377,1
3,246.0,76.0,22.0700062276,23.9177817665,1
4,222.0,74.0,24.2770068503,26.3095599432,1
5,161.0,62.0,19.6643755488,21.310743554,1
