#item,x,y,dx,dy,label
0,135.263157895,36.3157894737,22.5323465299,29.5269351764,1
1,154.736842105,17.8947368421,22.5323465299,29.5269351764,1
