#item,x,y,dx,dy,label
0,195.333333333,270.666666667,52.381233394,61.20081955,1
1,190.0,358.666666667,42.4287990491,49.5726638355,1
2,449.333333333,410.666666667,42.4287990491,49.5726638355,1
3,343.333333333,4.66666666667,33.6834174179,39.3547959384,1
