#item,x,y,dx,dy,label
0,118.0,46.0,18.9687411447,26.8076944955,1
1,100.555555556,61.1111111111,20.900701213,19.8763588895,1
