#item,x,y,dx,dy,label
0,37.0588235294,302.352941176,33.1515705872,41.7588663631,1
1,76.4705882353,306.470588235,33.1515705872,41.7588663631,1
2,98.2352941176,391.176470588,33.1515705872,41.7588663631,1
3,337.647058824,291.176470588,48.0518423517,55.0252406179,1
4,362.352941176,348.823529412,38.9219923049,44.5704449005,1
5,152.941176471,3.52941176471,38.9219923049,40.1134004105,1
6,1.76470588235,442.941176471,31.526813767,40.1134004105,1
