#item,x,y,dx,dy,label
0,87.8571428571,143.571428571,48.8040845716,55.0412012392,1
1,112.142857143,117.857142857,38.7446354638,44.5833730038,1
2,395.0,1.42857142857,38.7446354638,23.6934323325,1
3,471.428571429,257.142857143,28.2448392531,38.1585097058,1
4,445.0,265.714285714,34.1762554962,41.9743606764,1
5,452.142857143,320.714285714,30.4510436471,41.1390708989,1
6,416.428571429,324.285714286,27.1318798896,32.9894209539,1
7,412.857142857,341.428571429,24.1745049816,32.6595267443,1
8,393.571428571,341.428571429,24.1745049816,32.6595267443,1
