#item,x,y,dx,dy,label
0,164.210526316,282.631578947,38.790249647,45.0564383851,1
1,477.368421053,211.578947368,28.2780919927,36.4957150919,1
