#item,x,y,dx,dy,label
0,31.4285714286,74.7619047619,49.0891417367,86.8663424895,1
1,235.238095238,405.238095238,49.0891417367,86.8663424895,1
