#item,x,y,dx,dy,label
0,293.157894737,12.1052631579,34.0975308173,40.8179914922,1
1,236.315789474,224.210526316,27.618999962,29.7563157978,1
2,183.157894737,227.894736842,27.618999962,29.7563157978,1
3,8.42105263158,27.3684210526,30.3808999582,39.6056563268,1
4,142.105263158,291.052631579,25.6955705955,31.4056973944,1
