#item,x,y,dx,dy,label
0,25.3333333333,342.666666667,29.192694392,31.0072330368,1
1,252.666666667,337.333333333,29.192694392,31.0072330368,1
2,71.5789473684,377.894736842,24.0780901462,32.3716545299,1
