#item,x,y,dx,dy,label
0,293.684210526,223.684210526,56.1973961758,85.5961618422,1
1,448.421052632,210.526315789,56.1973961758,85.5961618422,1
2,134.736842105,364.210526316,49.5711611927,67.9531665594,1
3,117.894736842,382.105263158,54.528277312,81.4010982215,1
