#item,x,y,dx,dy,label
0,24.2857142857,69.5238095238,49.5713379833,65.1583604452,1
1,462.857142857,69.0476190476,35.4183690326,46.5551859138,1
