#item,x,y,dx,dy,label
0,237.142857143,246.666666667,42.9545453148,43.1295057242,1
1,244.285714286,283.333333333,51.4552498326,57.4053721189,1
2,250.952380952,403.80952381,56.6007748158,63.1459093308,1
