#item,x,y,dx,dy,label
0,0.526315789474,462.105263158,19.9853520071,23.5307949123,1
