#item,x,y,dx,dy,label
0,55.8823529412,178.823529412,27.341131255,37.298180838,1
1,13.5294117647,124.705882353,27.341131255,37.298180838,1
2,102.352941176,111.176470588,24.6070181295,37.298180838,1
3,125.294117647,111.176470588,24.6070181295,37.298180838,1
4,2.35294117647,192.941176471,24.6070181295,45.1307988139,1
