#item,x,y,dx,dy,label
0,357.647058824,166.470588235,32.582295328,44.0035830489,1
1,381.764705882,111.764705882,35.8405248608,44.0035830489,1
2,440.0,80.5882352941,39.4245773469,53.2443354891,1
