#item,x,y,dx,dy,label
0,305.789473684,198.947368421,25.3778265571,27.2092266357,1
1,15.7894736842,286.315789474,25.3778265571,27.2092266357,1
2,55.7894736842,352.105263158,30.7071701341,32.9231642292,1
3,98.4210526316,64.7368421053,20.146974325,21.6008880508,1
4,104.210526316,86.8421052632,24.1340605439,28.7507819956,1
