#item,x,y,dx,dy,label
0,18.8235294118,111.764705882,35.9567806006,38.204591896,1
1,25.2941176471,162.941176471,35.9567806006,46.2275561942,1
