#item,x,y,dx,dy,label
0,6.31578947368,108.421052632,24.4108711058,26.9736344084,1
1,26.3157894737,347.368421053,32.1659607475,39.4920981373,1
2,94.2105263158,383.157894737,38.9208125044,43.441307951,1
3,329.473684211,211.578947368,35.028731254,35.1874594403,1
4,351.052631579,268.947368421,28.3732723157,25.651657932,1
5,417.368421053,297.368421053,28.0895395926,34.1423567075,1
