#item,x,y,dx,dy,label
0,142.352941176,182.352941176,28.5934046154,31.9358683485,1
1,231.764705882,159.411764706,28.5934046154,38.2559766947,1
2,418.235294118,32.9411764706,28.5934046154,38.2559766947,1
3,434.117647059,12.9411764706,28.5934046154,38.2559766947,1
