#item,x,y,dx,dy,label
0,266.470588235,359.411764706,17.2327251032,20.3376272448,1
