#item,x,y,dx,dy,label
0,25.2380952381,417.142857143,58.0010616488,74.7969063939,1
1,298.571428571,195.238095238,34.249046893,44.1668252566,1
2,131.428571429,399.523809524,34.249046893,44.1668252566,1
