#item,x,y,dx,dy,label
0,104.736842105,308.947368421,41.195048941,53.4431645935,1
1,54.2105263158,394.736842105,37.0755440469,48.0988481341,1
2,397.894736842,61.0526315789,37.0755440469,48.0988481341,1
3,415.789473684,42.1052631579,49.3475491264,57.6176101799,1
4,436.842105263,14.2105263158,39.9715147924,42.0032378211,1
5,461.578947368,28.4210526316,39.5717996445,46.2035616032,1
