#item,x,y,dx,dy,label
0,261.176470588,281.764705882,34.8536757805,42.6132536336,1
1,440.0,308.823529412,46.3902424638,46.8745789969,1
