#item,x,y,dx,dy,label
0,21.9047619048,269.523809524,35.4227095444,41.9611636605,1
1,143.333333333,200.0,25.8231552579,30.5896883085,1
