#item,x,y,dx,dy,label
0,169.047619048,150.952380952,34.0851635813,43.0518283427,1
1,210.476190476,323.80952381,24.5996034083,31.0709350332,1
2,254.285714286,306.666666667,29.765520124,41.3554145292,1
3,280.0,276.666666667,32.7420721364,40.9418603839,1
