#item,x,y,dx,dy,label
0,409.473684211,272.105263158,74.9611476597,82.8309068954,1
1,80.5263157895,73.1578947368,44.2638080816,54.3453580141,1
2,234.210526316,360.0,94.8834036916,87.5237425353,1
3,71.5789473684,440.0,45.3824378471,57.4243274774,1
4,216.842105263,226.315789474,40.8441940624,46.5137052567,1
5,411.052631579,370.0,36.7597746562,41.862334731,1
