#item,x,y,dx,dy,label
0,122.380952381,263.80952381,32.4622265509,35.8538951616,1
