#item,x,y,dx,dy,label
0,122.857142857,142.857142857,30.183047368,30.7198402311,1
1,260.0,251.428571429,24.4482683681,24.8830705872,1
2,429.047619048,221.904761905,39.3741806895,40.0744340114,1
