#item,x,y,dx,dy,label
0,326.470588235,338.235294118,24.3096591847,33.3465832437,1
1,439.411764706,318.235294118,24.3096591847,33.3465832437,1
2,350.0,453.529411765,26.7406251032,29.7118056702,1
