#item,x,y,dx,dy,label
0,110.666666667,66.0,40.4024105113,42.9137146832,1
1,92.0,432.0,40.4024105113,42.9137146832,1
2,130.666666667,462.666666667,40.4024105113,42.9137146832,1
3,292.666666667,131.333333333,32.7259525142,34.7601088934,1
4,208.421052632,120.526315789,21.5797780516,33.5588095675,1
5,176.315789474,1.57894736842,28.7226845867,24.219728453,1
6,2.63157894737,302.105263158,34.7544483499,39.0061148708,1
