#item,x,y,dx,dy,label
0,267.142857143,309.523809524,61.0535514175,60.3545727104,1
1,281.904761905,351.904761905,54.9481962758,54.3191154394,1
2,106.666666667,43.3333333333,36.0515115765,35.6387716398,1
