#item,x,y,dx,dy,label
0,23.3333333333,211.333333333,34.5336139798,36.6801296891,1
1,432.0,136.0,27.9722273236,29.7109050482,1
2,184.666666667,94.0,25.1750045913,26.7398145434,1
3,13.6842105263,142.631578947,38.6030800735,42.4633880808,1
4,175.263157895,48.4210526316,28.1416453736,30.9558099109,1
5,64.2105263158,115.263157895,28.1416453736,30.9558099109,1
