#item,x,y,dx,dy,label
0,8.125,175.625,15.8509662798,20.9954100499,1
1,454.545454545,225.0,11.3254028651,12.3975796804,1
2,96.6666666667,112.222222222,20.0636420251,21.9630686561,1
3,431.578947368,410.526315789,25.0622015771,25.0622015771,1
4,195.789473684,426.315789474,20.3003832774,20.3003832774,1
