#item,x,y,dx,dy,label
0,411.052631579,150.0,24.2392232474,31.2516301696,1
1,269.473684211,469.473684211,32.2624061422,31.2516301696,1
