#item,x,y,dx,dy,label
0,387.272727273,445.454545455,31.7016146455,39.1246469228,1
1,4.54545454545,413.636363636,42.1948490932,42.180673094,1
2,188.181818182,66.3636363636,27.1331280843,27.1240122986,1
3,250.909090909,89.0909090909,32.5027741322,39.3151437423,1
