#item,x,y,dx,dy,label
0,253.0,281.0,55.3349092532,58.0335861181,1
1,217.0,330.0,40.3391488456,42.3064842801,1
2,396.0,371.0,36.305233961,50.6789375191,1
3,282.0,448.0,39.9357573571,45.1549333296,1
4,1.0,177.0,29.1131671133,45.1549333296,1
5,1.0,298.0,29.1131671133,45.1549333296,1
