#item,x,y,dx,dy,label
0,427.142857143,398.095238095,33.0768532008,45.1021460387,1
1,425.714285714,60.4761904762,29.7691678807,32.8794644622,1
