#item,x,y,dx,dy,label
0,95.2941176471,135.882352941,25.066032743,26.7626924871,1
1,94.1176470588,110.588235294,25.066032743,26.7626924871,1
2,107.058823529,95.2941176471,25.066032743,26.7626924871,1
3,111.764705882,77.0588235294,25.066032743,26.7626924871,1
4,132.941176471,28.2352941176,25.066032743,26.7626924871,1
