#item,x,y,dx,dy,label
0,207.894736842,72.6315789474,74.136763838,87.4355573848,1
1,1.57894736842,103.157894737,73.3953961996,78.6920016464,1
2,43.1578947368,174.736842105,66.0558565796,70.8228014817,1
3,386.842105263,0.526315789474,72.6614422376,41.8201560469,1
4,448.947368421,0.526315789474,71.9348278152,80.6806966812,1
