#item,x,y,dx,dy,label
0,473.529411765,74.7058823529,24.7570714993,36.4477994506,1
