#item,x,y,dx,dy,label
0,263.333333333,363.333333333,44.0333563293,55.6544469887,1
1,431.428571429,63.8095238095,32.100316764,40.5720918548,1
