#item,x,y,dx,dy,label
0,422.105263158,99.4736842105,31.4950487083,32.1129372361,1
1,426.315789474,13.6842105263,28.3455438375,28.9016435125,1
2,222.105263158,460.526315789,28.3455438375,28.9016435125,1
3,406.315789474,405.789473684,30.868297239,28.3265008066,1
4,204.736842105,412.105263158,25.0033207636,22.9444656534,1
5,217.368421053,382.105263158,25.0033207636,22.9444656534,1
6,336.842105263,216.315789474,25.0033207636,30.5390837846,1
7,351.578947368,196.842105263,27.50365284,30.5390837846,1
