#item,x,y,dx,dy,label
0,288.666666667,65.3333333333,32.1659607475,34.1653095585,1
1,379.333333333,91.3333333333,32.1659607475,34.1653095585,1
2,160.666666667,346.0,32.1659607475,34.1653095585,1
3,82.6666666667,471.333333333,32.1659607475,34.1653095585,1
