#item,x,y,dx,dy,label
0,477.058823529,300.588235294,21.8673370463,25.0491929449,1
