#item,x,y,dx,dy,label
0,65.2941176471,24.1176470588,34.4587922875,38.4998328485,1
1,102.352941176,30.0,34.4587922875,38.4998328485,1
2,197.058823529,25.2941176471,27.9116217529,31.1848646073,1
3,197.647058824,175.294117647,49.4471405441,55.2458899286,1
4,304.705882353,247.058823529,36.0469654567,40.274253758,1
5,226.470588235,372.941176471,29.1980420199,32.6221455439,1
6,406.470588235,140.0,31.4787010821,39.4727961082,1
7,466.470588235,74.1176470588,28.3308309739,35.5255164974,1
