#item,x,y,dx,dy,label
0,41.1764705882,2.94117647059,37.2196544366,31.2220351453,1
