#item,x,y,dx,dy,label
0,198.095238095,210.476190476,31.4980659601,47.2443191155,1
1,109.047619048,220.476190476,22.9620900849,30.9969977717,1
2,116.19047619,230.0,22.9620900849,30.9969977717,1
3,220.952380952,200.952380952,22.9620900849,30.9969977717,1
4,217.142857143,160.952380952,18.5992929688,25.1075681951,1
5,379.523809524,148.095238095,20.4592222657,27.6183250146,1
6,378.571428571,102.380952381,22.5051444922,27.6183250146,1
7,466.19047619,148.095238095,32.9497820511,40.4359896539,1
8,187.647058824,8.23529411765,35.8788754276,38.109008937,1
