#item,x,y,dx,dy,label
0,278.095238095,264.761904762,30.902390364,33.9542971745,1
1,3.52941176471,21.7647058824,29.2132052465,33.7906014627,1
