#item,x,y,dx,dy,label
0,441.428571429,407.619047619,31.6262893928,43.0662971181,1
1,478.571428571,444.761904762,20.7500084706,43.0662971181,1
