#item,x,y,dx,dy,label
0,24.2105263158,174.736842105,30.6110008757,36.4789833133,1
1,39.4736842105,390.526315789,27.5499007881,26.5931788354,1
2,19.4736842105,396.842105263,30.3048908669,35.3955210299,1
3,68.9473684211,334.210526316,24.3014919862,31.8559689269,1
4,15.7894736842,374.210526316,21.8713427876,25.8033348308,1
5,1.05263157895,374.736842105,22.4240727969,32.6610292369,1
