#item,x,y,dx,dy,label
0,54.2857142857,145.238095238,25.5664736198,34.6341674888,1
1,71.9047619048,138.571428571,20.5017551957,24.7458667682,1
2,92.380952381,251.904761905,24.8071237868,29.9424987895,1
