#item,x,y,dx,dy,label
0,17.8947368421,78.9473684211,47.1023387774,54.4644662069,1
1,53.1578947368,78.9473684211,42.3921048996,49.0180195862,1
2,14.2105263158,203.684210526,45.7033522134,52.8468170961,1
3,11.5789473684,308.947368421,45.7033522134,58.1314988057,1
4,1.57894736842,361.578947368,41.133016992,58.1314988057,1
5,41.0526315789,405.263157895,37.0197152928,47.0865140326,1
6,254.736842105,276.315789474,37.0197152928,42.3778626294,1
7,284.210526316,265.263157895,40.7216868221,46.6156488923,1
8,277.894736842,83.6842105263,49.2732410547,56.4049351597,1
