#item,x,y,dx,dy,label
0,127.647058824,318.235294118,33.7679003471,41.6747598878,1
1,141.176470588,403.529411765,37.1446903818,41.6747598878,1
2,27.6470588235,470.0,44.4956246084,29.4785568486,1
3,2.35294117647,475.294117647,40.0460621476,23.8776310473,1
4,207.647058824,452.941176471,36.0414559328,34.9592396164,1
5,201.764705882,478.823529412,43.6101616787,20.0299612404,1
6,244.705882353,453.529411765,35.3242309598,42.9360007796,1
7,404.705882353,382.941176471,42.7423194613,51.9525609434,1
8,292.941176471,71.7647058824,34.275065976,37.8734169277,1
