#item,x,y,dx,dy,label
0,206.666666667,209.523809524,19.9719967268,25.7554521799,1
1,298.095238095,171.904761905,29.2410004078,34.2805068514,1
2,416.666666667,236.19047619,26.316900367,30.8524561663,1
