#item,x,y,dx,dy,label
0,34.2105263158,28.9473684211,48.7973909,67.1955809395,1
1,55.7894736842,43.1578947368,47.8263228211,66.5236251301,1
2,220.0,94.7368421053,52.6089551032,65.8583888788,1
3,233.157894737,35.7894736842,42.6132536336,59.2725499909,1
4,240.0,193.684210526,42.1871210972,58.679824491,1
5,274.736842105,170.0,46.4058332069,70.2925617578,1
6,293.684210526,184.736842105,37.5887248976,63.263305582,1
7,316.842105263,186.315789474,37.5887248976,56.9369750238,1
