#item,x,y,dx,dy,label
0,24.2105263158,123.157894737,39.4715996118,43.7837097092,1
1,151.578947368,448.947368421,52.5366990833,52.9782887481,1
2,465.789473684,200.0,34.1246349859,38.6211724974,1
