#item,x,y,dx,dy,label
0,285.789473684,74.7368421053,65.7036620285,61.8171357934,1
1,70.0,178.947368421,65.0466254083,61.1989644354,1
2,2.63157894737,188.421052632,22.6803558811,61.1989644354,1
3,221.578947368,170.0,52.9443018531,55.0790679919,1
4,95.2631578947,407.368421053,52.9443018531,49.5711611927,1
5,46.8421052632,455.789473684,58.2387320385,48.584695085,1
6,125.789473684,450.0,52.4148588346,48.584695085,1
7,119.473684211,445.263157895,52.4148588346,48.584695085,1
8,313.684210526,461.578947368,62.787759398,48.584695085,1
