#item,x,y,dx,dy,label
0,325.263157895,403.157894737,25.7676373212,27.3508965529,1
1,178.947368421,357.894736842,28.3444010533,27.3508965529,1
2,188.947368421,379.473684211,25.509960948,24.6158068977,1
3,391.052631579,454.210526316,22.9589648532,22.1542262079,1
4,54.7368421053,351.578947368,25.2548613385,24.3696488287,1
