#item,x,y,dx,dy,label
0,105.714285714,202.857142857,39.3057003818,44.5094908717,1
