#item,x,y,dx,dy,label
0,69.4117647059,112.941176471,40.2471968117,37.9174104451,1
1,27.6470588235,295.882352941,32.6002294175,34.1256694006,1
2,231.176470588,281.764705882,35.8602523592,41.2920599747,1
3,338.823529412,282.352941176,39.4462775951,45.4212659721,1
4,289.411764706,120.588235294,35.5016498356,36.7912254374,1
5,341.764705882,153.529411765,35.5016498356,36.7912254374,1
6,369.411764706,108.823529412,39.0518148192,40.4703479812,1
7,424.705882353,204.705882353,42.9569963011,44.5173827793,1
