#item,x,y,dx,dy,label
0,235.294117647,207.058823529,26.4005288736,30.6755842733,1
1,388.235294118,280.0,23.7604759862,24.8472232613,1
2,432.352941176,279.411764706,34.7877128914,33.0716541609,1
3,441.764705882,207.058823529,27.5591597056,34.1893141838,1
