#item,x,y,dx,dy,label
0,33.5294117647,25.2941176471,29.7808718448,33.2733248032,1
