#item,x,y,dx,dy,label
0,114.736842105,208.421052632,25.4541732839,26.0536384456,1
1,95.2631578947,197.368421053,45.0936206769,55.8482878318,1
2,391.578947368,194.736842105,32.8732494735,36.6420616464,1
3,292.105263158,0.0,48.1297245541,48.7705840514,1
