#item,x,y,dx,dy,label
0,304.285714286,200.0,29.3357220326,36.0051421153,1
1,200.0,169.285714286,29.3357220326,36.0051421153,1
2,200.0,20.0,35.4962236594,43.5662219595,1
3,177.142857143,0.0,40.845432166,34.2405318969,1
4,217.857142857,0.714285714286,29.776320049,27.7348308365,1
5,117.142857143,0.714285714286,35.6690537868,36.5459092449,1
6,82.8571428571,7.85714285714,28.3169840893,44.2205501864,1
