#item,x,y,dx,dy,label
0,1.42857142857,186.666666667,28.0656274936,39.7987289563,1
1,27.619047619,217.619047619,37.355350194,48.1564620372,1
2,59.0476190476,263.333333333,33.6198151746,43.3408158335,1
3,68.0952380952,134.285714286,24.5088452623,39.0067342501,1
