#item,x,y,dx,dy,label
0,192.666666667,388.666666667,40.268098123,42.7710538014,1
1,164.0,449.333333333,32.6171594796,34.6445535791,1
