#item,x,y,dx,dy,label
0,345.333333333,114.666666667,52.7328449697,56.0105754786,1
1,374.0,152.666666667,37.6772433276,40.0191585044,1
2,420.666666667,130.666666667,41.4449676604,44.0210743548,1
3,85.3333333333,380.0,45.5894644264,48.4231817903,1
4,53.3333333333,383.333333333,40.620212804,43.1450549752,1
5,203.333333333,363.333333333,40.620212804,43.1450549752,1
6,280.0,214.666666667,49.1504574928,52.20551652,1
7,362.105263158,198.947368421,41.9194904403,47.5229176619,1
