#item,x,y,dx,dy,label
0,234.761904762,270.0,26.6583572851,30.6308311371,1
1,151.904761905,389.523809524,29.3241930136,33.6939142508,1
2,86.6666666667,370.476190476,32.256612315,40.7696362434,1
3,1.42857142857,344.285714286,26.1278559751,36.6926726191,1
4,232.857142857,450.0,34.7761763029,36.6926726191,1
5,469.411764706,457.058823529,24.4034096179,25.7859997003,1
