#item,x,y,dx,dy,label
0,158.095238095,94.2857142857,52.6493658472,59.910048111,1
1,156.666666667,165.714285714,34.5432489323,39.3069825656,1
2,158.095238095,303.333333333,45.9770643289,52.3175937948,1
3,344.761904762,336.666666667,55.632247838,63.3042884918,1
4,351.764705882,22.9411764706,38.0962056378,33.4414565079,1
