#item,x,y,dx,dy,label
0,218.666666667,56.0,26.7038980643,28.3637398848,1
1,383.333333333,74.6666666667,32.3117166578,34.3201252606,1
2,248.666666667,198.666666667,32.3117166578,34.3201252606,1
3,175.333333333,329.333333333,32.3117166578,34.3201252606,1
4,105.333333333,327.333333333,29.080544992,30.8881127345,1
5,12.0,438.666666667,29.080544992,30.8881127345,1
6,456.0,460.666666667,31.9885994912,33.976924008,1
7,399.473684211,120.526315789,27.3058103643,33.0400305408,1
