#item,x,y,dx,dy,label
0,36.3157894737,184.210526316,38.1657167608,48.3089336763,1
1,24.7368421053,238.947368421,34.3491450847,47.8258443396,1
2,43.6842105263,275.789473684,34.3491450847,47.8258443396,1
3,139.473684211,46.8421052632,34.3491450847,47.8258443396,1
4,320.0,50.5263157895,34.3491450847,47.8258443396,1
5,450.526315789,158.421052632,34.3491450847,47.8258443396,1
