#item,x,y,dx,dy,label
0,216.19047619,414.285714286,32.5674989798,34.8432269974,1
1,177.619047619,397.619047619,29.3107490818,25.4007124811,1
2,266.666666667,352.380952381,23.7417067563,25.4007124811,1
