#item,x,y,dx,dy,label
0,408.125,343.75,16.0285425598,21.5895756876,1
1,432.5,230.0,12.9831194735,17.487556307,1
2,485.0,189.375,14.1386171066,17.487556307,1
3,337.5,390.625,13.9972309355,17.3126807439,1
