#item,x,y,dx,dy,label
0,110.0,224.0,22.0882192387,23.4611629918,1
1,80.6666666667,180.666666667,22.0882192387,23.4611629918,1
2,106.315789474,242.631578947,24.4972765136,24.7447237511,1
3,15.7894736842,440.0,26.947004165,27.2191961262,1
4,23.1578947368,435.263157895,26.947004165,27.2191961262,1
5,1.57894736842,124.210526316,19.6443660363,32.9352273128,1
