#item,x,y,dx,dy,label
0,308.421052632,14.7368421053,49.3716798677,59.6995984454,1
