#item,x,y,dx,dy,label
0,255.263157895,327.894736842,25.225559491,29.9054701644,1
1,283.157894737,384.210526316,25.225559491,29.9054701644,1
2,364.736842105,332.105263158,25.225559491,29.9054701644,1
3,346.315789474,299.473684211,27.74811544,32.8960171808,1
