#item,x,y,dx,dy,label
0,69.4117647059,36.4705882353,34.091285847,49.1910183254,1
1,111.764705882,1.76470588235,37.5004144317,32.2742271233,1
