#item,x,y,dx,dy,label
0,0.0,312.380952381,35.4931224631,46.2334929572,1
1,150.952380952,380.0,39.0424347094,41.6101436615,1
2,180.0,388.095238095,39.0424347094,41.6101436615,1
3,225.238095238,366.666666667,31.6243721146,33.7042163658,1
4,257.619047619,377.619047619,28.4619349031,30.3337947292,1
5,283.80952381,390.952380952,34.4389412328,33.3671742022,1
6,305.714285714,413.80952381,37.8828353561,36.7038916224,1
7,339.523809524,410.952380952,37.8828353561,36.7038916224,1
8,215.238095238,422.857142857,37.8828353561,40.3742807846,1
