#item,x,y,dx,dy,label
0,151.764705882,227.647058824,36.6006572835,37.1753435974,1
1,189.411764706,233.529411765,40.2607230119,40.8928779572,1
2,254.117647059,91.7647058824,36.2346507107,36.8035901614,1
3,390.588235294,43.5294117647,32.6111856396,33.1232311453,1
4,329.411764706,231.176470588,32.6111856396,33.1232311453,1
5,314.117647059,377.647058824,52.5206405845,58.679824491,1
6,436.470588235,454.117647059,38.2875469861,42.7775920539,1
