#item,x,y,dx,dy,label
0,73.3333333333,240.476190476,43.3089730826,55.3103881071,1
1,120.952380952,104.285714286,52.4038574299,60.2330126487,1
2,191.904761905,415.714285714,34.3821708598,39.5188795988,1
