#item,x,y,dx,dy,label
0,143.333333333,164.0,47.9462782221,50.9264887344,1
1,182.666666667,274.0,34.9528368239,37.1254102874,1
2,364.0,34.0,42.2929325569,44.9217464477,1
3,398.666666667,30.0,42.2929325569,44.9217464477,1
4,247.368421053,83.6842105263,38.2555939603,45.368112245,1
