#item,x,y,dx,dy,label
0,327.0,295.0,26.4287783272,31.5056335035,1
1,347.0,291.0,21.407310445,30.8786713968,1
2,434.0,166.0,23.3125610746,27.5128962145,1
3,342.0,26.0,18.8831744705,22.2854459337,1
