#item,x,y,dx,dy,label
0,282.857142857,155.714285714,26.1150858094,29.2571403042,1
1,331.428571429,299.047619048,28.7265943904,32.1828543346,1
2,419.047619048,157.619047619,28.7265943904,32.1828543346,1
3,371.428571429,334.285714286,23.2685414562,26.068112011,1
4,451.904761905,348.571428571,18.8475185795,21.1151707289,1
5,399.523809524,333.80952381,16.9627667216,19.003653656,1
6,417.619047619,298.095238095,16.9627667216,19.003653656,1
7,423.80952381,280.0,16.9627667216,19.003653656,1
8,373.529411765,20.0,31.0603138238,36.1020603694,1
