#item,x,y,dx,dy,label
0,20.5882352941,56.4705882353,52.0224366246,56.9282726097,1
1,381.764705882,167.647058824,30.7187286024,41.5007107324,1
2,283.529411765,155.294117647,33.7906014627,45.6507818057,1
3,275.882352941,290.0,40.8866277698,50.2158599863,1
4,313.529411765,330.0,33.1181684936,36.60736193,1
5,334.705882353,354.117647059,29.8063516442,36.60736193,1
6,324.705882353,311.764705882,29.8063516442,36.60736193,1
7,43.5294117647,382.352941176,43.6394794423,53.5968386017,1
