#item,x,y,dx,dy,label
0,247.058823529,234.117647059,35.8306835122,36.1804501525,1
1,248.823529412,301.764705882,32.247615161,36.1804501525,1
2,143.529411765,464.705882353,29.0228536449,32.5624051372,1
3,42.3529411765,425.294117647,26.1205682804,29.3061646235,1
4,15.2941176471,454.117647059,23.5085114524,26.3755481612,1
5,332.941176471,423.529411765,30.9769304557,35.1058546025,1
6,407.647058824,405.882352941,37.4820858514,35.1058546025,1
