#item,x,y,dx,dy,label
0,140.952380952,150.476190476,39.6227624493,43.7625671992,1
1,155.714285714,173.333333333,35.6604862043,39.3863104793,1
2,63.3333333333,365.238095238,42.7176964242,52.423179248,1
3,81.9047619048,466.666666667,51.6884126733,30.9553631141,1
