#item,x,y,dx,dy,label
0,28.5714285714,217.142857143,38.5623707268,42.3707739106,1
1,170.952380952,275.238095238,46.6604685794,62.0350500825,1
2,205.238095238,360.952380952,46.6604685794,49.7459066611,1
3,457.619047619,42.380952381,30.6139334349,39.4923301261,1
4,424.705882353,26.4705882353,27.7908042571,27.7908042571,1
