#item,x,y,dx,dy,label
0,31.5789473684,4.73684210526,37.7206315888,45.405551742,1
1,60.0,1.57894736842,45.6419642224,33.1006472199,1
2,471.052631579,190.526315789,26.150648136,44.0569614497,1
