#item,x,y,dx,dy,label
0,313.333333333,38.5714285714,43.4613881322,49.2153616283,1
1,381.428571429,160.0,47.8075269455,54.1368977911,1
