#item,x,y,dx,dy,label
0,260.0,300.0,20.9488891829,23.8030975441,1
1,425.294117647,360.0,27.8829715025,34.8501151143,1
2,148.260869565,146.52173913,19.5257336846,19.7677637728,1
