#item,x,y,dx,dy,label
0,95.2631578947,364.210526316,30.5024211492,28.7077759667,1
1,425.263157895,478.947368421,22.2362650178,20.9279686798,1
