#item,x,y,dx,dy,label
0,23.6842105263,23.6842105263,29.5025885148,34.806512669,1
1,20.5263157895,66.8421052632,26.5523296633,31.3258614021,1
2,222.631578947,376.842105263,35.3411507819,41.6947215262,1
3,284.736842105,333.157894737,35.3411507819,45.8641936788,1
4,315.263157895,321.052631579,38.8752658601,41.2777743109,1
5,469.473684211,153.684210526,28.340068812,41.2777743109,1
6,86.3157894737,208.947368421,31.1740756932,41.2777743109,1
