#item,x,y,dx,dy,label
0,234.705882353,231.764705882,37.2071499295,38.7334004536,1
1,43.5294117647,382.941176471,30.1377914429,31.3740543674,1
2,12.3529411765,434.705882353,30.1377914429,37.9626057846,1
3,136.470588235,214.705882353,33.6947376758,34.8952193272,1
4,213.529411765,142.352941176,33.6947376758,34.8952193272,1
