#item,x,y,dx,dy,label
0,28.8235294118,166.470588235,22.588384783,27.733128061,1
1,44.1176470588,165.294117647,22.588384783,27.733128061,1
2,62.9411764706,155.882352941,22.588384783,27.733128061,1
3,23.5294117647,201.764705882,24.8472232613,27.733128061,1
4,100.0,472.352941176,40.0167015346,27.733128061,1
5,221.764705882,78.8235294118,23.6294620892,27.733128061,1
6,345.294117647,162.352941176,23.6294620892,33.5570849538,1
