#item,x,y,dx,dy,label
0,200.0,16.25,40.3255721277,48.8847185896,1
1,58.75,175.0,32.6637134234,39.5966220576,1
2,295.0,333.75,31.693568471,47.9119126897,1
3,327.5,232.5,38.34921785,57.9734143545,1
4,316.25,241.25,34.514296065,52.1760729191,1
5,340.625,206.875,34.514296065,46.9584656272,1
6,0.0,117.5,14.8572727322,30.809449298,1
7,222.5,0.0,41.1305215187,20.2140796844,1
