#item,x,y,dx,dy,label
0,437.142857143,82.380952381,22.2957470921,24.8488948155,1
1,478.571428571,431.904761905,20.0661723829,36.3812668993,1
2,11.9047619048,374.285714286,21.2030336397,25.9941568926,1
