#item,x,y,dx,dy,label
0,199.230769231,172.307692308,43.822498345,54.1200322538,1
1,232.307692308,218.461538462,42.9504306279,48.7080290284,1
2,346.153846154,200.0,31.3108639277,35.5081531617,1
3,328.461538462,72.3076923077,22.8256198033,25.8854436549,1
4,464.615384615,375.384615385,22.8256198033,25.8854436549,1
5,463.076923077,406.153846154,22.8256198033,25.8854436549,1
