#item,x,y,dx,dy,label
0,416.666666667,262.380952381,31.7890303109,36.8949972851,1
1,427.619047619,260.476190476,31.7890303109,36.8949972851,1
