#item,x,y,dx,dy,label
0,26.1904761905,389.523809524,46.8475754437,57.7518836639,1
1,376.19047619,138.571428571,37.9465361094,46.7790257678,1
2,458.571428571,470.0,37.9465361094,30.3848016182,1
