#item,x,y,dx,dy,label
0,229.0,398.0,40.4369778444,51.9525609434,1
1,444.0,378.0,29.4785568486,37.8734169277,1
2,415.0,310.0,29.4785568486,37.8734169277,1
3,449.0,288.0,29.4785568486,37.8734169277,1
4,385.0,292.0,29.4785568486,37.8734169277,1
