#item,x,y,dx,dy,label
0,248.0,174.0,29.6619285378,34.9944985648,1
1,178.0,193.0,24.0261621156,28.3455438375,1
2,464.0,323.0,34.4766875448,40.6748465889,1
3,368.0,295.0,25.1335052202,29.6519631633,1
4,276.0,329.0,25.1335052202,29.6519631633,1
5,289.0,301.0,22.6201546982,26.686766847,1
6,265.0,293.0,22.6201546982,26.686766847,1
7,409.0,224.0,27.3703871848,32.2909878848,1
8,11.0,65.0,13.0911713423,15.4446794032,1
