#item,x,y,dx,dy,label
0,120.588235294,330.588235294,42.8717762,42.8717762,1
1,235.882352941,300.588235294,31.2535248498,34.726138722,1
2,318.235294118,178.235294118,34.3788773348,38.1987525942,1
3,311.764705882,435.882352941,41.5984415751,41.5984415751,1
4,428.235294118,305.294117647,37.0642114434,50.3341143059,1
