#item,x,y,dx,dy,label
0,337.142857143,194.761904762,28.0330644663,35.7652774569,1
1,400.952380952,308.571428571,45.1475306537,42.8432258657,1
2,453.80952381,205.238095238,29.6212948619,28.1094404905,1
3,266.19047619,47.1428571429,26.6591653757,30.9203845395,1
