#item,x,y,dx,dy,label
0,265.333333333,200.0,21.4498636892,22.7831289941,1
1,112.666666667,230.0,23.5948500581,25.0614418935,1
2,470.666666667,124.0,23.5948500581,25.0614418935,1
3,288.947368421,77.3684210526,25.9762810863,29.1540752933,1
4,336.315789474,161.052631579,28.573909195,28.8625345404,1
