#item,x,y,dx,dy,label
0,200.666666667,238.0,51.3372906703,54.528277312,1
1,100.526315789,119.473684211,36.1679329338,39.7847262272,1
