#item,x,y,dx,dy,label
0,45.0,259.0,30.1175443488,30.5698846828,1
1,71.0,251.0,21.9556898303,22.2854459337,1
2,209.0,421.0,28.9307929325,46.8201929621,1
3,121.666666667,320.0,24.4198152759,28.0998316308,1
