#item,x,y,dx,dy,label
0,285.714285714,187.142857143,33.1770354463,32.8082267061,1
1,236.19047619,234.285714286,26.8733987115,26.5746636319,1
2,377.619047619,256.666666667,42.8470785853,47.0786376784,1
