#item,x,y,dx,dy,label
0,68.2352941176,199.411764706,41.375394099,41.3892994615,1
1,28.2352941176,210.588235294,37.2378546891,37.2503695154,1
2,165.882352941,397.058823529,29.1303275124,30.1681876084,1
