#item,x,y,dx,dy,label
0,418.0,269.0,35.0769078,42.8717762,1
1,398.0,320.0,38.58459858,42.443058438,1
2,382.0,375.0,34.726138722,38.1987525942,1
3,315.555555556,260.555555556,18.0,18.0,1
