#item,x,y,dx,dy,label
0,423.157894737,286.315789474,22.0356574976,28.4105728815,1
