#item,x,y,dx,dy,label
0,2.35294117647,307.647058824,30.2336929468,35.6810413735,1
1,21.1764705882,272.352941176,30.2336929468,35.6810413735,1
