#item,x,y,dx,dy,label
0,312.666666667,168.0,30.0211012442,31.8871314104,1
1,178.666666667,69.3333333333,24.3170920078,25.8285764424,1
2,382.0,60.0,24.3170920078,25.8285764424,1
3,132.105263158,80.0,26.5037048121,29.7460211135,1
4,11.0526315789,64.2105263158,26.5037048121,29.7460211135,1
5,66.3157894737,232.631578947,23.8533343309,26.7714190021,1
