#item,x,y,dx,dy,label
0,326.842105263,378.421052632,40.9741644235,51.8289331838,1
