#item,x,y,dx,dy,label
0,137.333333333,345.333333333,31.5374092377,36.8474578922,1
1,401.333333333,290.666666667,72.1548891581,84.3038253376,1
2,457.894736842,330.526315789,40.0860504808,64.5589851599,1
3,225.263157895,327.368421053,32.4697008895,42.3571501634,1
