#item,x,y,dx,dy,label
0,456.315789474,378.421052632,41.9335786618,45.209010491,1
