#item,x,y,dx,dy,label
0,150.0,332.941176471,41.9545037396,42.3925290184,1
1,229.411764706,458.235294118,46.1499541135,38.1532761166,1
