#item,x,y,dx,dy,label
0,150.588235294,64.7058823529,36.5827684656,43.1740600619,1
1,178.823529412,105.882352941,44.2651498434,46.5463858934,1
2,369.411764706,3.52941176471,35.8547713731,41.891747304,1
3,380.0,23.5294117647,35.8547713731,41.891747304,1
4,109.411764706,350.588235294,39.4402485105,41.472829831,1
5,192.941176471,374.117647059,28.7519411641,30.2336929468,1
6,260.588235294,334.705882353,34.4419503205,40.2410453122,1
