#item,x,y,dx,dy,label
0,334.210526316,196.842105263,44.5527697008,44.2327300633,1
1,324.210526316,223.684210526,32.4789691119,44.2327300633,1
2,284.736842105,152.631578947,32.4789691119,44.2327300633,1
3,434.210526316,384.736842105,35.7268660231,48.6560030697,1
4,423.157894737,422.631578947,39.2995526254,53.5216033766,1
5,108.947368421,334.210526316,43.2295078879,64.7611400857,1
6,42.1052631579,234.736842105,31.1991681378,42.4897840102,1
7,111.052631579,281.052631579,45.6787020706,42.4897840102,1
