#item,x,y,dx,dy,label
0,420.588235294,298.235294118,31.6410193214,30.740024155,1
1,199.411764706,320.588235294,28.1921482154,30.740024155,1
2,50.0,235.882352941,25.3729333938,27.6660217395,1
3,58.8235294118,309.411764706,22.3812108174,18.1516768633,1
4,81.1764705882,307.058823529,24.3731385801,24.1598819051,1
5,168.235294118,77.0588235294,31.4771277802,28.6517113087,1
6,116.315789474,211.052631579,27.0198101422,27.0198101422,1
7,222.631578947,470.0,29.7217911565,29.7217911565,1
