#item,x,y,dx,dy,label
0,455.789473684,302.631578947,31.6571142948,34.5726800073,1
1,321.052631579,377.368421053,42.1356191264,46.0162370897,1
2,343.157894737,394.736842105,41.7142629352,41.4146133808,1
