#item,x,y,dx,dy,label
0,112.631578947,14.2105263158,28.6511107781,31.5056335035,1
1,303.684210526,23.6842105263,28.6511107781,31.5056335035,1
2,437.368421053,249.473684211,28.6511107781,38.1218165392,1
3,204.736842105,291.578947368,38.1346284457,49.7304090712,1
4,81.0526315789,218.421052632,22.5181167509,26.4287783272,1
5,290.0,258.947368421,35.2476962901,43.0805176879,1
