#item,x,y,dx,dy,label
0,238.181818182,134.545454545,28.8099672796,38.5198267128,1
1,254.545454545,79.0909090909,25.9289705516,41.1133242736,1
2,480.0,148.181818182,20.5845170705,26.9744520559,1
3,465.454545455,27.2727272727,27.3979922208,35.9029956864,1
