#item,x,y,dx,dy,label
0,452.307692308,223.846153846,29.2230231641,39.3019352238,1
1,423.076923077,149.230769231,19.173225498,25.7859997003,1
