#item,x,y,dx,dy,label
0,73.5294117647,377.058823529,39.4245773469,53.2443354891,1
1,223.529411765,357.058823529,35.4821196122,43.1279117462,1
