#item,x,y,dx,dy,label
0,133.571428571,75.0,45.7345347183,46.8745789969,1
