#item,x,y,dx,dy,label
0,10.0,341.578947368,48.5352576614,56.1024964636,1
1,295.789473684,158.947368421,31.8439825517,36.8088479298,1
