#item,x,y,dx,dy,label
0,59.4736842105,255.789473684,25.4425035963,35.046922494,1
1,0.526315789474,352.105263158,22.8982532367,34.696453269,1
2,218.421052632,132.105263158,22.8982532367,28.1041271479,1
3,450.0,187.894736842,27.7068864164,33.6659339105,1
4,119.473684211,34.2105263158,24.9361977748,27.2694064675,1
5,370.526315789,40.5263157895,30.1727993075,29.6963836431,1
