#item,x,y,dx,dy,label
0,0.47619047619,332.380952381,29.0593500481,40.6117807164,1
