#item,x,y,dx,dy,label
0,232.105263158,67.3684210526,60.6166015636,64.6543855239,1
1,444.210526316,188.421052632,60.6166015636,78.2318064839,1
2,392.105263158,138.947368421,39.7705522859,56.4606770575,1
