#item,x,y,dx,dy,label
0,43.3333333333,199.047619048,33.6763475733,40.0597560728,1
1,188.571428571,227.619047619,24.5500573809,29.2035621771,1
2,409.047619048,428.571428571,24.5500573809,29.2035621771,1
3,241.904761905,332.857142857,24.5500573809,29.2035621771,1
4,33.5294117647,2.35294117647,37.2196544366,31.2220351453,1
