#item,x,y,dx,dy,label
0,291.666666667,117.5,27.0198101422,33.6947376758,1
