#item,x,y,dx,dy,label
0,371.428571429,261.904761905,51.4473852614,66.3454280012,1
1,60.4761904762,130.0,46.3026467352,48.3658170128,1
2,52.3529411765,7.64705882353,51.0214672475,53.9121196485,1
