#item,x,y,dx,dy,label
0,133.333333333,92.380952381,43.6890022596,43.8227557718,1
1,376.19047619,119.523809524,35.3880918303,43.8227557718,1
2,212.380952381,351.904761905,35.3880918303,43.8227557718,1
3,467.619047619,36.1904761905,31.8492826472,25.8768990557,1
4,391.904761905,307.142857143,25.7979189443,20.9602882351,1
5,449.047619048,426.666666667,27.5348644491,37.1324291861,1
