#item,x,y,dx,dy,label
0,334.545454545,46.3636363636,31.0755021849,34.1715680888,1
1,348.181818182,89.0909090909,31.0755021849,34.1715680888,1
2,304.545454545,8.18181818182,19.9829031075,19.7764276528,1
3,457.272727273,397.272727273,50.7990772312,62.0669017358,1
4,354.545454545,424.545454545,50.2910864589,61.4462327185,1
5,240.555555556,10.5555555556,27.1240122986,31.8452664313,1
