#item,x,y,dx,dy,label
0,97.1428571429,228.571428571,29.5318496238,36.2049858287,1
1,121.428571429,290.952380952,32.4850345862,43.8080328527,1
2,175.238095238,259.047619048,21.313431192,28.7424503546,1
3,36.1904761905,360.476190476,21.313431192,28.7424503546,1
4,214.285714286,333.333333333,21.313431192,28.7424503546,1
5,223.333333333,324.285714286,21.313431192,28.7424503546,1
6,327.619047619,388.095238095,37.7580434759,42.0818215642,1
