#item,x,y,dx,dy,label
0,149.333333333,421.333333333,39.3211537027,41.7652498863,1
1,4.0,56.0,20.6879045125,21.9738085032,1
2,44.6666666667,30.0,14.9306675657,15.8587173348,1
3,28.0,23.3333333333,14.9306675657,15.8587173348,1
