#item,x,y,dx,dy,label
0,130.666666667,256.0,48.2445285767,51.2432775214,1
1,143.333333333,390.0,43.420075719,46.1189497693,1
2,251.333333333,413.333333333,43.420075719,46.1189497693,1
3,2.63157894737,372.105263158,28.0429552382,46.0804610149,1
