#item,x,y,dx,dy,label
0,252.666666667,189.333333333,47.3480595928,50.2910864589,1
1,376.0,18.6666666667,47.3480595928,50.2910864589,1
2,355.333333333,348.666666667,34.1715680888,36.2955800082,1
3,365.333333333,356.0,34.1715680888,36.2955800082,1
4,450.0,336.666666667,34.1715680888,36.2955800082,1
5,75.3333333333,422.666666667,45.4823571261,48.309416991,1
