#item,x,y,dx,dy,label
0,111.333333333,160.666666667,48.4957227198,51.5100852107,1
1,328.666666667,4.0,48.4957227198,51.5100852107,1
2,312.0,2.0,48.4957227198,51.5100852107,1
3,244.666666667,0.0,31.8180436765,33.7957669067,1
4,426.0,163.333333333,38.4998328485,40.8928779572,1
5,474.666666667,109.333333333,38.4998328485,40.8928779572,1
