#item,x,y,dx,dy,label
0,7.14285714286,130.476190476,36.0383071012,46.9436527961,1
