#item,x,y,dx,dy,label
0,82.9411764706,361.176470588,47.3798902297,53.1939546259,1
1,55.2941176471,408.235294118,47.3798902297,53.1939546259,1
2,435.882352941,308.235294118,42.6419012067,47.8745591633,1
3,294.705882353,464.117647059,46.4370304141,34.2060326128,1
