#item,x,y,dx,dy,label
0,70.4761904762,339.047619048,33.9086120634,28.9601418715,1
1,105.238095238,480.952380952,22.024965971,17.1006741737,1
