#item,x,y,dx,dy,label
0,389.411764706,139.411764706,27.8511474922,29.7363249857,1
1,410.0,173.529411765,27.8511474922,29.7363249857,1
2,429.411764706,167.647058824,27.8511474922,29.7363249857,1
