#item,x,y,dx,dy,label
0,60.0,404.705882353,32.8090284863,44.5554707839,1
1,164.705882353,432.352941176,32.8090284863,40.0999237055,1
2,252.352941176,94.7058823529,32.8090284863,36.089931335,1
3,359.411764706,150.588235294,29.5281256377,36.089931335,1
4,208.823529412,364.705882353,24.92401004,37.0393110596,1
5,200.588235294,311.764705882,24.92401004,37.0393110596,1
