#item,x,y,dx,dy,label
0,113.157894737,427.368421053,45.8548624222,45.5254693531,1
