#item,x,y,dx,dy,label
0,278.095238095,408.571428571,27.4794065165,32.2044898727,1
