#item,x,y,dx,dy,label
0,21.0,273.0,22.8409647619,25.0033207636,1
1,183.0,103.0,18.3161696426,20.0501629203,1
2,185.0,90.5555555556,21.3394062935,20.9147521083,1
