#item,x,y,dx,dy,label
0,158.571428571,161.904761905,46.0881306224,48.8155570735,1
1,118.095238095,226.19047619,61.3433018584,59.066824059,1
2,41.4285714286,341.428571429,49.6880745053,59.066824059,1
3,4.7619047619,337.619047619,36.2226063144,46.8920293508,1
4,142.857142857,374.761904762,53.0335179049,62.4132910659,1
5,104.761904762,417.619047619,47.7301661144,62.4132910659,1
6,431.904761905,218.571428571,38.6614345527,45.499289187,1
7,425.714285714,261.904761905,51.4583693896,60.5595539079,1
