#item,x,y,dx,dy,label
0,160.952380952,322.380952381,53.6642369304,71.3225837105,1
1,220.0,403.333333333,39.1212287223,51.994163525,1
2,237.619047619,413.333333333,63.0051300695,62.9129378652,1
3,375.238095238,323.333333333,56.7046170625,56.0554276379,1
4,400.952380952,269.047619048,50.0185756647,50.4498848741,1
5,443.80952381,473.333333333,29.5354687443,24.1300235406,1
6,11.9047619048,408.095238095,57.5562729984,56.8973332914,1
