#item,x,y,dx,dy,label
0,74.1176470588,107.647058824,34.4819578683,41.1196091152,1
1,53.5294117647,109.411764706,37.9301536552,45.2315700267,1
2,229.411764706,348.823529412,37.9301536552,45.2315700267,1
3,134.117647059,397.058823529,50.485034515,60.2032197055,1
4,27.0588235294,324.705882353,40.8928779572,48.7646079615,1
