#item,x,y,dx,dy,label
0,92.6315789474,303.684210526,27.7803474724,26.8066137115,1
1,262.105263158,251.052631579,27.7803474724,26.8066137115,1
2,295.789473684,246.842105263,27.7803474724,26.8066137115,1
3,354.736842105,258.421052632,33.6142204416,32.436002591,1
4,341.052631579,338.421052632,33.6142204416,32.436002591,1
5,396.842105263,364.736842105,30.2527983974,29.1924023319,1
6,445.263157895,415.263157895,33.2780782371,32.1116425651,1
