#item,x,y,dx,dy,label
0,92.3529411765,124.705882353,35.5917720123,39.546413347,1
1,132.352941176,373.529411765,28.82933533,32.0325948111,1
