#item,x,y,dx,dy,label
0,46.1904761905,220.476190476,47.9772278073,60.6187951165,1
1,75.7142857143,251.428571429,34.9753990715,44.1911016399,1
2,87.1428571429,170.0,34.9753990715,44.1911016399,1
3,211.904761905,208.571428571,50.6954069628,64.700191911,1
