#item,x,y,dx,dy,label
0,182.352941176,133.529411765,37.1446903818,34.4535255047,1
1,220.0,137.058823529,37.1446903818,34.4535255047,1
2,243.529411765,307.058823529,30.0871992093,34.4535255047,1
3,265.294117647,365.294117647,44.0506683623,41.6887658607,1
4,339.411764706,351.764705882,44.0506683623,50.4434066914,1
5,2.94117647059,387.058823529,26.0114791613,50.4434066914,1
