#item,x,y,dx,dy,label
0,1.57894736842,351.578947368,26.0456748253,37.3620598398,1
1,37.3684210526,405.789473684,38.1334725118,41.0982658238,1
2,52.6315789474,426.315789474,38.1334725118,41.0982658238,1
3,90.5263157895,427.894736842,30.8881127345,41.0982658238,1
4,155.789473684,321.052631579,25.019371315,33.2895953173,1
5,0.526315789474,142.105263158,22.5174341835,33.2895953173,1
