#item,x,y,dx,dy,label
0,376.19047619,234.761904762,18.0617683384,30.2375757017,1
1,408.571428571,201.904761905,18.0617683384,24.4924363184,1
2,450.476190476,235.714285714,29.0886585266,35.8593760138,1
