#item,x,y,dx,dy,label
0,286.666666667,316.19047619,26.7668790619,24.1477093144,1
1,291.428571429,335.714285714,29.4435669681,26.5624802458,1
2,400.0,315.714285714,32.3879236649,29.2187282704,1
3,422.857142857,298.571428571,32.3879236649,29.2187282704,1
