#item,x,y,dx,dy,label
0,421.875,266.875,49.8216466457,56.9944001247,1
1,177.5,180.625,23.8295391435,27.260244897,1
2,252.5,361.25,28.8337423637,32.9848963254,1
3,183.75,465.0,28.8337423637,24.0459894212,1
