#item,x,y,dx,dy,label
0,212.0,230.0,56.5469727009,60.0617790369,1
1,288.0,285.333333333,62.201669971,66.0679569406,1
2,48.0,411.333333333,40.810515668,43.3471865487,1
3,116.666666667,302.666666667,44.8915672348,47.6819052036,1
4,171.052631579,28.4210526316,38.4289442596,46.9687096506,1
5,187.368421053,33.1578947368,34.5860498337,42.2718386856,1
6,1.57894736842,330.526315789,22.6919072959,46.4990225541,1
