#item,x,y,dx,dy,label
0,417.647058824,260.588235294,26.3562103731,39.5633222417,1
1,318.823529412,288.235294118,31.8910145515,43.5196544659,1
