#item,x,y,dx,dy,label
0,460.0,22.6315789474,39.2355666268,63.827547887,1
