#item,x,y,dx,dy,label
0,313.684210526,246.842105263,43.607517903,53.9896101407,1
1,308.421052632,317.368421053,47.9682696933,53.9896101407,1
2,290.0,311.052631579,43.171442724,48.5906491266,1
3,448.947368421,266.315789474,28.3247835712,31.880324892,1
4,183.157894737,47.8947368421,33.93025824,51.3435820418,1
5,83.6842105263,23.6842105263,24.7351582569,33.6865241776,1
6,52.6315789474,46.3157894737,27.2086740826,44.8367636804,1
7,255.263157895,236.315789474,42.947826847,63.0588108542,1
8,311.578947368,216.315789474,42.947826847,45.9698731127,1
