#item,x,y,dx,dy,label
0,83.8095238095,89.0476190476,35.8166019557,36.8589407415,1
1,139.523809524,47.1428571429,26.1103028257,29.8557420006,1
2,270.476190476,142.380952381,28.7213331083,36.1254478208,1
3,319.047619048,70.0,31.5934664191,36.1254478208,1
4,419.523809524,126.666666667,34.752813061,36.1254478208,1
5,456.19047619,185.238095238,31.2775317549,32.5129030387,1
