#item,x,y,dx,dy,label
0,405.789473684,23.6842105263,23.8613509134,35.2882867398,1
