#item,x,y,dx,dy,label
0,405.263157895,166.842105263,35.7454198208,40.8916384154,1
1,434.736842105,150.0,35.7454198208,33.1222271165,1
2,360.526315789,407.368421053,35.7454198208,33.1222271165,1
3,479.473684211,427.894736842,35.7454198208,40.0778948109,1
4,476.842105263,394.736842105,23.4525699444,32.1384638489,1
