#item,x,y,dx,dy,label
0,57.1428571429,139.047619048,33.4273006476,40.387849695,1
1,307.142857143,354.285714286,44.491737162,53.756227944,1
2,16.1904761905,463.80952381,36.0383071012,35.2694611541,1
