#item,x,y,dx,dy,label
0,31.5789473684,181.578947368,37.2682119314,42.4413472959,1
1,88.4210526316,217.894736842,37.2682119314,42.4413472959,1
2,101.578947368,172.631578947,37.2682119314,42.4413472959,1
3,57.3684210526,313.684210526,37.2682119314,42.4413472959,1
4,68.9473684211,246.842105263,37.2682119314,42.4413472959,1
5,143.684210526,370.0,37.2682119314,42.4413472959,1
6,204.210526316,70.5263157895,45.094536437,51.354030228,1
