#item,x,y,dx,dy,label
0,35.0,123.0,24.5902732916,32.6435656035,1
1,64.0,163.0,22.1312459624,29.3792090432,1
2,90.0,222.0,22.1312459624,29.3792090432,1
3,249.0,319.0,32.4023572136,34.8414209677,1
4,21.0,370.0,32.4023572136,34.8414209677,1
5,330.0,383.0,32.4023572136,34.8414209677,1
6,440.0,376.111111111,31.8666750195,34.7028090962,1
7,219.444444444,287.222222222,31.8666750195,34.7028090962,1
8,138.888888889,133.333333333,24.0584770663,27.0016577624,1
