#item,x,y,dx,dy,label
0,81.7647058824,253.529411765,26.5663846947,33.6268731511,1
1,154.705882353,244.705882353,29.2230231641,36.9895604662,1
2,21.1764705882,367.058823529,38.8958438314,49.2331049805,1
3,51.1764705882,420.0,35.0062594483,35.8909335308,1
