#item,x,y,dx,dy,label
0,194.761904762,291.904761905,24.1543046874,33.2349147978,1
1,14.2857142857,230.952380952,19.5649867968,24.2282528876,1
