#item,x,y,dx,dy,label
0,121.428571429,267.619047619,35.4692775642,37.423970317,1
1,99.0476190476,360.0,35.4692775642,37.423970317,1
2,77.1428571429,444.285714286,35.4692775642,41.1663673487,1
3,430.476190476,37.1428571429,42.9178258527,37.0497306138,1
