#item,x,y,dx,dy,label
0,421.764705882,238.823529412,41.526060735,48.7377814987,1
1,179.411764706,442.941176471,50.2465334894,53.0754440521,1
2,178.823529412,184.117647059,36.6297229138,38.691998714,1
3,359.411764706,231.176470588,29.2721622682,40.3493657249,1
4,341.764705882,284.705882353,26.3449460414,36.3144291524,1
