#item,x,y,dx,dy,label
0,290.0,314.545454545,47.8584749795,52.6266358192,1
1,455.454545455,401.818181818,38.7653647334,52.6266358192,1
2,198.181818182,405.454545455,38.7653647334,52.6266358192,1
3,8.18181818182,325.454545455,38.7653647334,52.6266358192,1
4,105.555555556,395.0,41.7588663631,49.0274893906,1
