#item,x,y,dx,dy,label
0,98.0952380952,249.047619048,47.2673122981,49.3568787324,1
1,38.0952380952,420.0,42.5405810683,44.4211908591,1
2,340.952380952,135.714285714,31.0120835988,32.3830481363,1
3,462.380952381,107.619047619,31.0120835988,47.4120207764,1
4,475.714285714,152.857142857,22.3817308541,31.1070268314,1
