#item,x,y,dx,dy,label
0,12.8571428571,124.285714286,42.38363121,49.6881891804,1
1,348.095238095,192.857142857,30.8976671521,44.7193702623,1
2,400.0,256.666666667,37.0123154815,40.2474332361,1
