#item,x,y,dx,dy,label
0,403.157894737,269.473684211,26.4497865951,28.774796117,1
1,452.631578947,223.684210526,19.2818944278,20.9768263693,1
2,466.842105263,228.947368421,19.2818944278,20.9768263693,1
