#item,x,y,dx,dy,label
0,210.0,388.235294118,18.3856772711,21.5786690498,1
1,212.352941176,356.470588235,18.3856772711,21.5786690498,1
