#item,x,y,dx,dy,label
0,457.619047619,231.904761905,32.0954104575,40.5522619714,1
1,429.047619048,278.571428571,32.0954104575,40.5522619714,1
2,408.571428571,430.476190476,42.718991319,49.0682369855,1
3,462.380952381,42.380952381,28.0279302044,39.3478192386,1
