#item,x,y,dx,dy,label
0,231.0,220.0,46.9658882845,65.879491569,1
1,112.0,183.0,46.9658882845,65.879491569,1
2,65.0,285.0,46.9658882845,65.879491569,1
3,64.0,241.0,42.269299456,59.2915424121,1
4,468.0,166.0,32.2345221572,59.2915424121,1
5,467.0,301.0,32.2345221572,59.2915424121,1
6,459.0,435.0,35.457974373,59.2915424121,1
