#item,x,y,dx,dy,label
0,147.142857143,292.857142857,55.3203923987,56.8729721424,1
1,115.238095238,400.952380952,39.9252803981,46.0671074353,1
2,86.1904761905,430.952380952,39.9252803981,40.2289814497,1
3,167.619047619,405.238095238,57.8700570005,64.7891769145,1
4,317.142857143,189.523809524,51.0465985796,51.9544409677,1
5,402.857142857,126.666666667,41.3477448495,42.0830971839,1
