#item,x,y,dx,dy,label
0,24.2105263158,95.7894736842,37.2124653504,43.02879887,1
1,280.526315789,16.8421052632,33.4912188154,47.3316787569,1
2,393.684210526,1.05263157895,36.8403406969,42.5985108813,1
3,420.0,4.21052631579,36.8403406969,42.5985108813,1
