#item,x,y,dx,dy,label
0,22.380952381,154.761904762,26.2342181685,26.2968554434,1
1,54.2857142857,149.523809524,26.2342181685,26.2968554434,1
2,177.619047619,78.0952380952,26.2342181685,26.2968554434,1
3,134.285714286,154.761904762,28.8576399854,31.8191950865,1
4,140.476190476,290.952380952,28.8576399854,31.8191950865,1
5,161.428571429,283.80952381,23.3746883882,25.77354802,1
6,427.058823529,458.235294118,31.5480082693,29.4048053033,1
7,270.0,305.294117647,31.5480082693,29.4048053033,1
