#item,x,y,dx,dy,label
0,32.1052631579,366.315789474,36.0466048225,43.3904712476,1
1,106.315789474,427.894736842,36.0466048225,43.3904712476,1
2,141.578947368,425.263157895,36.0466048225,43.3904712476,1
3,202.631578947,236.315789474,39.6512653048,47.7295183723,1
4,275.789473684,256.842105263,52.7758341206,57.7527172305,1
5,288.947368421,248.421052632,47.4982507086,51.9774455075,1
6,405.263157895,284.736842105,47.4982507086,51.9774455075,1
7,384.210526316,41.5789473684,34.6262247665,37.8915577749,1
