#item,x,y,dx,dy,label
0,435.714285714,100.952380952,29.5318496238,40.2277620318,1
