#item,x,y,dx,dy,label
0,97.0,252.0,25.9940041958,28.8822268842,1
1,468.0,382.0,31.4527450769,34.9474945299,1
2,280.0,343.0,19.5677229071,30.3600144718,1
3,141.0,463.0,14.2648699993,19.72001344,1
4,158.0,248.0,14.2648699993,19.72001344,1
