#item,x,y,dx,dy,label
0,446.0,52.0,43.0515754445,50.3002989698,1
1,76.8421052632,61.0526315789,30.8887400096,32.9684448968,1
