#item,x,y,dx,dy,label
0,22.8571428571,328.571428571,43.7771738051,47.5716033768,1
1,123.333333333,196.666666667,31.9135597039,34.6796988617,1
2,337.619047619,54.7619047619,38.6154072417,34.6796988617,1
3,428.095238095,57.1428571429,34.7538665175,31.2117289755,1
4,436.19047619,121.428571429,28.1506318792,25.2815004702,1
5,453.80952381,157.619047619,25.3355686913,27.8096505172,1
