#item,x,y,dx,dy,label
0,324.210526316,272.631578947,37.6117143649,43.3736979223,1
1,81.5789473684,293.684210526,37.6117143649,43.3736979223,1
2,186.842105263,415.263157895,41.3728858014,42.939960943,1
