#item,x,y,dx,dy,label
0,446.666666667,77.619047619,47.4742408277,44.1546635271,1
