#item,x,y,dx,dy,label
0,245.0,326.25,45.0049025001,45.0718986525,1
1,331.875,265.0,26.5749448773,35.7817239741,1
2,26.875,240.0,12.7107137525,17.1142876535,1
3,90.625,277.5,18.609756005,22.5513256981,1
4,465.625,14.375,35.9024982562,43.9461540156,1
5,165.625,170.0,26.1729212288,43.9461540156,1
6,43.4782608696,283.47826087,19.0800595758,21.0193092326,1
7,53.4782608696,293.043478261,27.1054143676,30.7743706474,1
