#item,x,y,dx,dy,label
0,170.0,141.904761905,40.4692655762,46.484138614,1
1,174.761904762,356.666666667,40.4692655762,46.484138614,1
