#item,x,y,dx,dy,label
0,267.272727273,139.090909091,44.0426004727,46.2968079404,1
1,248.181818182,94.5454545455,44.0426004727,46.2968079404,1
2,280.909090909,40.0,39.6383404254,46.2968079404,1
3,260.0,10.0,35.6745063829,41.6671271463,1
4,454.545454545,190.0,39.2419570212,45.8338398609,1
5,295.454545455,2.72727272727,31.7859851871,37.1254102874,1
6,120.0,295.454545455,41.8840748212,44.4725289832,1
7,6.36363636364,270.909090909,37.6956673391,44.0278036934,1
8,0.0,314.545454545,37.6956673391,44.0278036934,1
