#item,x,y,dx,dy,label
0,162.0,294.666666667,56.8032080283,60.3339412567,1
1,331.875,270.625,43.3028323095,75.94647282,1
2,175.625,158.125,51.8724628236,74.4351380109,1
3,199.375,266.25,45.7561807321,72.9538787645,1
4,37.5,213.125,53.3649786858,77.6467739745,1
5,344.375,90.0,48.0284808172,69.8820965771,1
6,402.5,56.25,48.0284808172,69.8820965771,1
