#item,x,y,dx,dy,label
0,51.9047619048,371.428571429,51.6978811516,65.3417596531,1
1,98.5714285714,444.761904762,46.0628121061,52.926825319,1
2,338.571428571,376.666666667,46.0628121061,52.926825319,1
3,301.904761905,155.238095238,41.4565308955,47.6341427871,1
4,345.238095238,147.142857143,27.1996299205,31.2527610826,1
