#item,x,y,dx,dy,label
0,309.0,292.0,46.8044630085,55.2188881276,1
1,23.0,396.0,51.4849093094,73.4963400978,1
