#item,x,y,dx,dy,label
0,449.523809524,256.19047619,41.9828581827,47.002456316,1
1,358.571428571,450.952380952,40.524924727,47.4612779074,1
