#item,x,y,dx,dy,label
0,26.1904761905,398.571428571,26.4725108092,26.1430699835,1
1,1.42857142857,360.476190476,29.1197618901,46.314043203,1
2,132.380952381,274.761904762,46.8976677216,55.4795923529,1
3,466.19047619,210.0,30.4618641942,55.4795923529,1
