#item,x,y,dx,dy,label
0,4.70588235294,1.76470588235,46.3519910325,48.2533661914,1
