#item,x,y,dx,dy,label
0,432.307692308,169.230769231,16.9068284652,17.2559029482,1
1,80.0,376.153846154,18.5975113118,27.7908042571,1
