#item,x,y,dx,dy,label
0,0.0,248.0,21.6308131036,21.9556898303,1
