#item,x,y,dx,dy,label
0,87.3333333333,91.3333333333,64.7314497768,68.7549809924,1
1,266.0,13.3333333333,64.7314497768,68.7549809924,1
2,357.333333333,104.0,64.7314497768,68.7549809924,1
3,134.0,398.0,64.7314497768,68.7549809924,1
