#item,x,y,dx,dy,label
0,135.238095238,104.285714286,29.1669590646,36.5081949605,1
1,107.619047619,169.523809524,38.821222515,48.5924074924,1
2,266.666666667,94.2857142857,38.821222515,39.3598500688,1
3,400.0,120.476190476,31.4451902372,35.423865062,1
