#item,x,y,dx,dy,label
0,194.117647059,432.352941176,31.0185941211,30.7084081799,1
1,204.117647059,467.058823529,31.0185941211,30.7084081799,1
2,395.882352941,403.529411765,49.955756018,49.4561984578,1
