#item,x,y,dx,dy,label
0,182.0,178.0,44.7692727959,50.1307783132,1
1,299.0,216.0,35.5414750565,42.0526451964,1
2,409.0,65.0,34.8341997029,49.3724038935,1
3,285.0,31.0,37.9344434764,43.5509037504,1
4,158.0,90.0,41.7278878241,43.1153947129,1
5,143.0,131.0,33.7995891375,42.2573983581,1
6,102.0,70.0,33.7995891375,42.2573983581,1
7,96.0,391.0,33.7995891375,42.2573983581,1
