#item,x,y,dx,dy,label
0,215.238095238,42.380952381,33.782485078,41.8766497385,1
1,446.666666667,100.0,40.8768069443,50.6707461836,1
2,354.285714286,329.523809524,33.1102136249,41.0433044087,1
3,156.666666667,362.380952381,40.0633584862,41.0433044087,1
4,54.7619047619,257.619047619,36.0570226375,40.6328713647,1
5,52.380952381,180.476190476,36.0570226375,40.6328713647,1
