#item,x,y,dx,dy,label
0,91.1764705882,129.411764706,28.2366489307,26.190879345,1
1,288.823529412,174.117647059,25.4129840376,31.6909640075,1
2,381.764705882,117.647058824,37.2071499295,42.180673094,1
3,427.647058824,102.352941176,44.5704449005,45.9347529994,1
4,296.470588235,256.470588235,29.2426688992,33.4864349365,1
5,165.294117647,338.823529412,32.1669357892,36.8350784302,1
6,145.882352941,305.294117647,23.4496961903,29.8364135284,1
7,94.1176470588,442.352941176,28.3741323903,39.7122664064,1
