#item,x,y,dx,dy,label
0,304.285714286,204.285714286,28.0982283459,39.0651687572,1
1,235.238095238,116.19047619,28.0982283459,39.0651687572,1
2,259.047619048,120.476190476,28.0982283459,39.0651687572,1
3,453.80952381,88.5714285714,33.9988562985,39.0651687572,1
4,445.882352941,18.2352941176,49.7638412879,52.5832421218,1
