#item,x,y,dx,dy,label
0,191.428571429,216.19047619,36.1419340317,47.57016139,1
