#item,x,y,dx,dy,label
0,254.666666667,430.0,42.5846253064,45.2315700267,1
