#item,x,y,dx,dy,label
0,364.117647059,407.647058824,22.4638337294,29.2945201305,1
1,407.647058824,470.588235294,22.4638337294,29.2945201305,1
