#item,x,y,dx,dy,label
0,8.23529411765,149.411764706,36.5827684656,44.4657316716,1
1,20.0,57.6470588235,36.5827684656,44.4657316716,1
2,136.470588235,18.2352941176,40.2410453122,48.9123048387,1
3,157.647058824,4.11764705882,40.2410453122,32.0913632047,1
4,446.470588235,3.52941176471,26.4021498293,32.0913632047,1
