#item,x,y,dx,dy,label
0,115.714285714,399.523809524,42.9991715009,38.8177317919,1
1,326.19047619,399.523809524,34.8293289158,38.8177317919,1
2,446.19047619,455.238095238,28.2117564218,31.4423627514,1
3,431.904761905,250.952380952,34.1362252703,31.4423627514,1
4,461.904761905,249.047619048,30.7226027433,28.2981264763,1
