#item,x,y,dx,dy,label
0,201.052631579,130.526315789,26.6189267832,28.8281730412,1
1,306.842105263,65.2631578947,21.5613306944,23.3508201634,1
2,331.052631579,100.526315789,21.5613306944,23.3508201634,1
3,264.210526316,33.1578947368,21.5613306944,23.3508201634,1
4,175.789473684,137.894736842,26.0892101402,28.2544923977,1
5,150.588235294,148.235294118,30.3252639082,33.6947376758,1
