#item,x,y,dx,dy,label
0,267.142857143,414.761904762,26.2855695028,32.9126258054,1
