#item,x,y,dx,dy,label
0,388.235294118,364.705882353,45.2522814126,112.747808508,1
1,50.5882352941,0.0,54.2077079041,100.458297381,1
2,182.941176471,121.764705882,32.8531563055,49.8140317592,1
