#item,x,y,dx,dy,label
0,150.588235294,183.529411765,29.0131029773,36.3688304195,1
1,196.470588235,6.47058823529,29.0131029773,29.4587526398,1
2,448.823529412,78.8235294118,42.0533032283,52.1879772853,1
