#item,x,y,dx,dy,label
0,393.636363636,334.545454545,38.1917564842,42.4210282052,1
