#item,x,y,dx,dy,label
0,28.9473684211,126.842105263,62.0024863293,85.7663090629,1
1,345.263157895,160.0,62.0024863293,85.7663090629,1
2,342.105263158,41.0526315789,68.2027349623,84.9086459722,1
3,373.684210526,0.526315789474,68.2027349623,50.1377063602,1
