#item,x,y,dx,dy,label
0,42.8571428571,246.19047619,26.0195251217,30.0221876277,1
1,124.761904762,259.523809524,26.0195251217,30.0221876277,1
2,155.238095238,297.619047619,26.0195251217,30.0221876277,1
3,256.666666667,460.952380952,55.7751628925,36.3268470295,1
