#item,x,y,dx,dy,label
0,10.625,111.875,28.8143713525,34.8302604731,1
1,357.5,249.375,28.8143713525,34.8302604731,1
