#item,x,y,dx,dy,label
0,10.0,331.428571429,24.0887307378,31.0747427682,1
1,326.19047619,410.476190476,24.0887307378,27.9672684914,1
2,310.0,421.428571429,24.0887307378,27.9672684914,1
