#item,x,y,dx,dy,label
0,160.0,263.333333333,20.773511946,26.4650358239,1
1,469.333333333,138.0,29.8092503132,26.4650358239,1
2,56.0,158.666666667,17.6020642175,23.8185322415,1
3,0.666666666667,111.333333333,32.9498297978,31.7024664135,1
