#item,x,y,dx,dy,label
0,3.52941176471,61.7647058824,51.7087343472,62.9144753562,1
1,23.5294117647,109.411764706,46.5378609125,56.6230278205,1
2,119.411764706,125.294117647,56.3108117041,56.6230278205,1
3,34.1176470588,337.058823529,50.6797305337,50.9607250385,1
4,5.29411764706,405.294117647,55.7477035871,61.6624772966,1
5,452.941176471,246.470588235,44.2570426714,71.6716028859,1
