#item,x,y,dx,dy,label
0,197.894736842,320.0,32.0959477833,38.0504705625,1
1,261.052631579,454.736842105,28.886353005,34.2454235062,1
2,225.263157895,450.526315789,28.886353005,34.2454235062,1
3,441.052631579,417.894736842,25.9977177045,30.8208811556,1
4,43.6842105263,410.0,28.5974894749,33.9029692712,1
