#item,x,y,dx,dy,label
0,336.25,186.875,21.085195064,24.8097118918,1
1,32.5,337.5,37.3537092528,39.9562890989,1
2,201.875,311.875,49.7177870154,48.3471098097,1
3,0.625,245.625,23.7798634043,39.1611589459,1
4,466.25,419.375,23.5420647703,23.1242727459,1
5,213.75,393.75,31.3344882093,40.9660597501,1
