#item,x,y,dx,dy,label
0,74.2857142857,160.952380952,28.5341865178,40.899369354,1
1,455.294117647,4.11764705882,39.4800268838,48.2533661914,1
