#item,x,y,dx,dy,label
0,83.3333333333,345.333333333,34.9827416325,37.1571738977,1
