#item,x,y,dx,dy,label
0,48.8235294118,2.94117647059,31.7229266611,35.6037336263,1
1,332.941176471,360.0,22.8947534006,31.0916404205,1
