#item,x,y,dx,dy,label
0,309.411764706,10.0,29.2230231641,36.8103319819,1
