#item,x,y,dx,dy,label
0,264.666666667,44.0,28.0569488214,29.8008926043,1
