#item,x,y,dx,dy,label
0,361.428571429,408.571428571,32.7080911606,34.5222146816,1
1,371.428571429,360.476190476,35.9789002767,37.9744361497,1
2,455.238095238,88.5714285714,35.9789002767,37.9744361497,1
