#item,x,y,dx,dy,label
0,155.882352941,199.411764706,47.5553416208,48.0356986069,1
1,16.4705882353,99.4117647059,38.5198267128,43.2321287462,1
2,254.117647059,160.0,38.5198267128,52.3108757829,1
3,415.882352941,241.764705882,34.6678440415,47.0797882046,1
4,335.882352941,368.823529412,22.7455724757,27.8001441369,1
5,403.529411765,382.941176471,22.7455724757,27.8001441369,1
6,456.470588235,308.235294118,30.1580521484,33.3353799536,1
