#item,x,y,dx,dy,label
0,394.736842105,152.105263158,47.905291604,61.2083196944,1
