#item,x,y,dx,dy,label
0,392.941176471,163.529411765,24.0540707509,27.5541122394,1
1,296.470588235,76.4705882353,21.6486636758,24.7987010154,1
2,455.882352941,266.470588235,26.1948830477,30.0064282287,1
