#item,x,y,dx,dy,label
0,346.315789474,201.578947368,45.7792736395,59.0827460457,1
1,462.105263158,85.2631578947,37.081211648,53.1744714411,1
2,276.842105263,1.57894736842,49.3550927035,58.4919185853,1
3,100.0,218.421052632,59.7196621712,77.852743637,1
4,145.263157895,238.421052632,59.1224655495,77.0742162006,1
5,132.631578947,147.894736842,43.1002773856,61.8058139713,1
