#item,x,y,dx,dy,label
0,211.052631579,181.052631579,18.4851808836,22.8135438357,1
1,214.210526316,190.0,18.4851808836,22.8135438357,1
2,307.894736842,297.894736842,18.4851808836,22.8135438357,1
3,205.789473684,315.263157895,18.4851808836,22.8135438357,1
4,293.684210526,362.105263158,18.4851808836,22.8135438357,1
5,3.68421052632,112.105263158,20.333698972,25.0948982193,1
6,146.842105263,481.052631579,22.3670688692,18.1112389938,1
