#item,x,y,dx,dy,label
0,287.142857143,53.8095238095,45.223447139,42.9008495812,1
