#item,x,y,dx,dy,label
0,171.904761905,130.952380952,36.4958452502,44.2951681372,1
1,188.095238095,148.571428571,43.7183730252,38.6816016135,1
2,303.333333333,339.523809524,35.4118821505,38.6816016135,1
3,271.904761905,370.952380952,31.8706939354,34.8134414522,1
4,420.0,371.904761905,35.0577633289,38.2947855974,1
5,57.1428571429,475.714285714,23.0013985201,22.6126879474,1
6,445.238095238,225.714285714,25.3015383721,33.1072364238,1
