#item,x,y,dx,dy,label
0,406.315789474,249.473684211,28.7657129496,31.7963496479,1
1,396.842105263,281.052631579,25.8891416546,28.6167146831,1
2,407.894736842,306.315789474,31.3258614021,38.0888472432,1
3,400.0,341.052631579,27.9113425093,30.851966267,1
4,462.631578947,163.684210526,33.7727244362,37.3308791831,1
5,464.210526316,462.631578947,29.7905824979,35.859893593,1
