#item,x,y,dx,dy,label
0,85.8823529412,125.294117647,33.6947376758,34.8952193272,1
