#item,x,y,dx,dy,label
0,56.3157894737,232.631578947,19.018647962,23.4325216411,1
1,15.7894736842,247.368421053,33.6926950022,37.360927324,1
2,201.052631579,147.894736842,44.8449770479,48.250440931,1
3,215.263157895,175.263157895,49.3294747527,47.7679365217,1
