#item,x,y,dx,dy,label
0,104.545454545,130.909090909,34.9998480441,38.1020292636,1
1,13.6363636364,47.2727272727,34.9998480441,38.1020292636,1
2,3.63636363636,100.0,25.2597403319,34.2918263373,1
3,366.363636364,348.181818182,30.5642858016,41.4931098681,1
4,380.909090909,260.0,20.0532279145,27.2236293845,1
5,49.0909090909,283.636363636,24.2644057765,32.9405915552,1
