#item,x,y,dx,dy,label
0,243.529411765,145.882352941,35.6069900176,44.1732832879,1
1,264.117647059,65.2941176471,34.8984109162,38.9648114555,1
2,386.470588235,94.7058823529,38.3882520078,47.1474218611,1
3,377.647058824,122.941176471,38.3882520078,51.8621640472,1
4,376.470588235,187.647058824,31.0944841263,42.0083528782,1
