#item,x,y,dx,dy,label
0,206.0,16.6666666667,36.6232261255,38.1741156512,1
1,79.3333333333,90.6666666667,36.2569938643,46.190679938,1
2,464.0,43.3333333333,35.8944239257,50.8097479318,1
3,382.0,307.333333333,35.5354796864,55.3318154977,1
4,84.6666666667,327.333333333,39.089027655,49.7986339479,1
