#item,x,y,dx,dy,label
0,288.235294118,220.0,55.814151595,61.6945000642,1
1,344.705882353,264.705882353,49.7304090712,55.5250500578,1
2,275.882352941,104.705882353,49.7304090712,55.5250500578,1
