#item,x,y,dx,dy,label
0,377.368421053,157.894736842,33.1900792382,47.8263228211,1
1,325.789473684,52.1052631579,26.8839641829,38.7393214851,1
2,183.157894737,93.1578947368,26.8839641829,38.7393214851,1
