#item,x,y,dx,dy,label
0,457.857142857,275.714285714,33.0070710515,33.8298524079,1
1,451.428571429,461.428571429,33.0070710515,33.8298524079,1
2,273.571428571,477.142857143,21.6559393169,22.1957661648,1
3,227.142857143,415.714285714,19.2954419314,19.7764276528,1
4,133.571428571,377.857142857,19.2954419314,19.7764276528,1
