#item,x,y,dx,dy,label
0,234.0,3.33333333333,29.7663162429,43.9915002291,1
1,118.0,5.33333333333,43.5808636113,43.9915002291,1
2,90.6666666667,154.666666667,43.5808636113,53.2297152773,1
3,143.333333333,292.0,43.5808636113,53.2297152773,1
4,358.0,356.666666667,35.3004995252,43.1160693746,1
5,465.333333333,106.0,35.3004995252,43.1160693746,1
