#item,x,y,dx,dy,label
0,429.047619048,246.666666667,32.407732294,40.5646610672,1
