#item,x,y,dx,dy,label
0,478.0,104.0,24.649908705,40.7021910309,1
