#item,x,y,dx,dy,label
0,73.1578947368,153.684210526,53.8117600697,52.1608889149,1
1,43.1578947368,217.894736842,47.9462782221,57.3769778064,1
2,83.6842105263,200.526315789,46.9921472855,56.8032080283,1
3,1.57894736842,482.105263158,38.0636393013,46.0105985029,1
4,458.947368421,312.105263158,38.0636393013,55.6728241885,1
