#item,x,y,dx,dy,label
0,280.526315789,2.10526315789,55.0673110017,51.4377792137,1
1,51.5789473684,0.526315789474,80.6240500376,40.0228496355,1
2,51.0526315789,284.210526316,72.9149456686,76.441146567,1
3,243.157894737,10.5263157895,52.6234454385,68.1090615912,1
