#item,x,y,dx,dy,label
0,42.3529411765,455.882352941,42.4469403681,43.5196544659,1
1,430.0,442.941176471,42.4469403681,39.1676890193,1
