#item,x,y,dx,dy,label
0,228.75,52.5,24.915636441,29.5479764838,1
1,76.25,1.25,24.4198152759,32.1777463908,1
2,96.25,0.0,21.7580554108,19.0006374663,1
