#item,x,y,dx,dy,label
0,0.526315789474,81.0526315789,29.1036611525,52.9766828743,1
1,88.4210526316,36.8421052632,42.6106702934,41.6366101572,1
2,194.736842105,218.421052632,34.5146429376,33.7256542273,1
3,100.0,278.421052632,34.5146429376,33.7256542273,1
4,105.263157895,253.684210526,34.5146429376,33.7256542273,1
5,88.4210526316,312.105263158,34.5146429376,37.09821965,1
6,57.3684210526,332.105263158,31.0631786439,37.09821965,1
7,35.7894736842,330.0,31.0631786439,37.09821965,1
