#item,x,y,dx,dy,label
0,201.052631579,373.684210526,69.9156587322,85.8396886592,1
1,256.842105263,390.526315789,69.9156587322,69.5301478139,1
2,12.1052631579,160.0,69.9156587322,68.8348463358,1
