#item,x,y,dx,dy,label
0,102.352941176,22.9411764706,52.2933011512,52.2933011512,1
1,128.823529412,14.1176470588,47.063971036,47.063971036,1
