#item,x,y,dx,dy,label
0,264.761904762,43.8095238095,57.5967121687,52.0132142436,1
