#item,x,y,dx,dy,label
0,66.8421052632,323.157894737,29.1205407373,36.1263306686,1
1,50.0,452.105263158,37.6082456022,34.7028090962,1
2,2.10526315789,408.947368421,29.1303275124,39.5597040293,1
