#item,x,y,dx,dy,label
0,113.0,398.0,24.6399004812,27.7250790628,1
1,138.0,419.0,19.9583193898,27.1733499894,1
2,60.0,353.0,24.1495664617,32.8797534872,1
3,106.0,355.0,19.5611488339,26.6326003246,1
