#item,x,y,dx,dy,label
0,296.875,90.625,31.712268863,40.5458256662,1
1,117.5,118.75,23.1182440011,29.2623278416,1
2,0.625,39.375,33.1738573633,29.2623278416,1
