#item,x,y,dx,dy,label
0,1.17647058824,404.705882353,33.6885664772,38.9802998633,1
1,32.9411764706,381.176470588,40.7631654374,47.1661628346,1
2,63.5294117647,414.705882353,49.3234301792,47.1661628346,1
3,372.941176471,77.0588235294,35.9567806006,47.1661628346,1
