#item,x,y,dx,dy,label
0,442.941176471,236.470588235,56.9474049536,65.2117485362,1
