#item,x,y,dx,dy,label
0,71.9047619048,198.571428571,38.1207969472,40.9969267817,1
1,0.47619047619,293.80952381,30.8778455272,45.0966194598,1
2,197.142857143,148.095238095,33.9656300799,36.5282617625,1
3,222.380952381,94.2857142857,33.9656300799,44.1991967326,1
