#item,x,y,dx,dy,label
0,416.315789474,256.315789474,40.0375140516,38.0113606146,1
1,158.421052632,442.105263158,26.0059268396,20.2007954964,1
2,142.105263158,427.368421053,15.3562397395,19.6008116694,1
3,153.684210526,432.105263158,15.3562397395,19.6008116694,1
