#item,x,y,dx,dy,label
0,461.0,88.0,21.0095246151,33.4976889929,1
1,471.0,61.0,21.0095246151,33.4976889929,1
2,483.0,24.0,15.3159434444,24.4198152759,1
3,448.0,1.0,19.9798488621,26.327247047,1
4,478.0,310.0,21.9778337483,42.4002946417,1
