#item,x,y,dx,dy,label
0,30.0,199.473684211,45.5059771787,46.189438907,1
1,11.5789473684,270.0,45.5059771787,46.189438907,1
2,20.0,327.894736842,45.5059771787,55.3303288667,1
