#item,x,y,dx,dy,label
0,76.3636363636,166.363636364,30.0266006228,30.3197098294,1
1,189.090909091,103.636363636,30.0266006228,30.3197098294,1
