#item,x,y,dx,dy,label
0,150.0,267.0,25.2710873608,28.2975174511,1
1,236.666666667,157.777777778,24.5552112977,24.0665625928,1
