#item,x,y,dx,dy,label
0,46.6666666667,460.476190476,26.1709971757,32.2625956615,1
1,436.666666667,402.857142857,42.1486526615,35.4888552277,1
2,460.952380952,457.142857143,37.1789050262,37.8782808124,1
