#item,x,y,dx,dy,label
0,62.8571428571,407.619047619,37.1357683567,41.430031112,1
1,3.33333333333,410.952380952,33.422191521,41.430031112,1
2,43.8095238095,314.761904762,33.422191521,33.5583252007,1
