#item,x,y,dx,dy,label
0,92.0,176.666666667,51.9255947667,55.1531487942,1
1,291.333333333,246.0,51.9255947667,55.1531487942,1
2,322.666666667,266.666666667,51.9255947667,55.1531487942,1
3,341.578947368,453.684210526,33.062242332,44.4503480242,1
4,419.473684211,415.789473684,33.062242332,36.0047818996,1
5,434.736842105,418.421052632,33.062242332,39.6052600895,1
6,422.631578947,463.157894737,36.3684665652,32.0802606725,1
