#item,x,y,dx,dy,label
0,268.421052632,254.736842105,27.2641393011,35.7275915634,1
1,294.736842105,256.315789474,27.2641393011,32.1548324071,1
2,314.736842105,275.789473684,32.9896085544,38.9073472125,1
