#item,x,y,dx,dy,label
0,336.0,112.0,53.3371415406,57.4839865591,1
1,169.333333333,146.666666667,38.8827761831,56.3400552266,1
2,0.0,134.666666667,16.7377601806,56.3400552266,1
