#item,x,y,dx,dy,label
0,446.25,291.25,39.2071857778,36.0738131133,1
1,319.375,280.625,34.5842665028,39.6811944246,1
2,316.875,204.375,34.5842665028,39.6811944246,1
3,273.75,113.75,28.0132558673,28.6383148282,1
4,261.25,447.5,30.814581454,34.6523609421,1
5,108.125,451.25,41.0142079152,38.1175970363,1
6,5.0,331.25,36.5436592525,41.9293567399,1
7,428.75,283.125,21.578665352,27.5098509571,1
8,5.625,285.0,37.84564275,40.2771727862,1
9,233.125,130.0,13.1959596786,14.0437817787,1
