#item,x,y,dx,dy,label
0,67.3333333333,300.666666667,48.8466066354,51.882779118,1
1,74.6666666667,256.666666667,39.5657513747,42.0250510856,1
2,284.666666667,467.333333333,47.3958135717,50.3418086954,1
3,479.333333333,422.666666667,47.3958135717,50.3418086954,1
4,401.052631579,101.578947368,39.2619434853,49.4557036701,1
