#item,x,y,dx,dy,label
0,435.238095238,145.714285714,36.4107396264,35.7065921017,1
1,438.095238095,177.619047619,36.0466322301,43.204976443,1
2,407.619047619,188.571428571,31.7963738239,42.7729266786,1
3,86.6666666667,65.7142857143,34.6262510942,47.0502193465,1
4,52.6315789474,452.631578947,36.8722292991,41.3829733997,1
5,407.368421053,445.263157895,33.1850063692,37.2446760597,1
6,407.368421053,466.315789474,26.8798551591,30.1681876084,1
