#item,x,y,dx,dy,label
0,415.714285714,441.428571429,30.019388338,27.9484795925,1
1,440.952380952,447.142857143,30.019388338,27.9484795925,1
2,430.476190476,460.0,30.019388338,27.9484795925,1
