#item,x,y,dx,dy,label
0,382.380952381,290.952380952,35.6071444935,37.2062406688,1
1,34.7619047619,387.619047619,25.9576083358,27.1233494476,1
