#item,x,y,dx,dy,label
0,140.0,98.6666666667,55.3573851618,58.7982499653,1
1,56.0,85.3333333333,49.8216466457,52.9184249688,1
2,340.0,284.0,49.8216466457,52.9184249688,1
3,233.333333333,318.0,54.8038113102,58.2102674656,1
4,252.666666667,320.666666667,44.3910871613,47.1503166472,1
5,374.0,2.0,44.3910871613,47.1503166472,1
6,366.0,78.0,44.3910871613,47.1503166472,1
7,473.333333333,354.0,29.1249922865,30.9353227522,1
8,433.157894737,355.789473684,35.3357491368,36.0532079755,1
