#item,x,y,dx,dy,label
0,118.571428571,194.761904762,32.3059139752,36.3690440612,1
1,98.5714285714,236.666666667,32.3059139752,36.3690440612,1
2,442.380952381,180.952380952,32.3059139752,36.3690440612,1
