#item,x,y,dx,dy,label
0,372.105263158,270.0,18.1114201907,20.7188962765,1
1,342.105263158,305.263157895,18.1114201907,20.7188962765,1
2,343.684210526,385.789473684,16.3002781716,18.6470066488,1
