#item,x,y,dx,dy,label
0,247.0,167.0,22.8486411093,26.9653895798,1
1,259.0,138.0,22.6201546982,29.6619285378,1
2,337.0,116.0,33.1181684936,35.8909335308,1
3,418.0,132.0,36.4299853429,39.4800268838,1
4,466.0,0.0,32.4591169406,35.1767039535,1
5,244.0,26.0,26.2918847218,35.1767039535,1
6,208.0,15.0,21.2964266247,28.4931302023,1
7,192.0,32.0,25.7686762159,34.4766875448,1
8,217.0,33.0,20.8726277349,27.9261169113,1
