#item,x,y,dx,dy,label
0,154.0,240.0,51.2354453487,54.4201015617,1
1,180.666666667,69.3333333333,36.9771332626,39.2755314981,1
2,2.0,96.0,36.9771332626,39.2755314981,1
