#item,x,y,dx,dy,label
0,234.285714286,437.857142857,47.0481591815,49.183499826,1
1,330.714285714,468.571428571,30.868297239,32.2692942358,1
2,297.857142857,412.857142857,22.5029886872,23.5243154979,1
3,270.0,420.0,27.2286163116,28.4644217525,1
4,485.714285714,455.714285714,10.2356102591,10.700166471,1
