#item,x,y,dx,dy,label
0,214.761904762,296.19047619,28.7687565476,32.5665869565,1
1,71.9047619048,461.904761905,31.6456322024,32.5665869565,1
2,225.714285714,384.285714286,28.1962582923,26.3789354348,1
