#item,x,y,dx,dy,label
0,114.117647059,290.0,32.9446029842,41.4842208661,1
1,214.705882353,262.941176471,29.3536412589,36.9624407917,1
2,207.647058824,310.0,26.418277133,33.2661967126,1
3,197.058823529,344.117647059,34.8110995954,48.7050386069,1
4,321.176470588,370.588235294,42.1214305105,58.9330967143,1
5,309.411764706,472.352941176,45.8702378259,30.3892444551,1
6,350.0,302.941176471,37.154892639,48.9421820874,1
