#item,x,y,dx,dy,label
0,401.428571429,52.380952381,38.8995700856,40.8581609123,1
