#item,x,y,dx,dy,label
0,56.3636363636,325.454545455,32.2850737832,32.6002294175,1
