#item,x,y,dx,dy,label
0,143.157894737,360.0,48.3005691106,70.326934521,1
1,238.947368421,433.157894737,70.0096946024,69.6236651758,1
2,304.210526316,207.894736842,45.9333606286,56.3951687924,1
