#item,x,y,dx,dy,label
0,457.142857143,362.857142857,29.6955893946,30.0873759508,1
1,467.619047619,387.142857143,29.6955893946,30.0873759508,1
2,349.047619048,260.952380952,26.7260304551,27.0786383557,1
