#item,x,y,dx,dy,label
0,0.952380952381,370.0,29.6357795489,55.9356715763,1
1,60.4761904762,434.285714286,39.4452225796,45.3078939768,1
2,324.285714286,442.857142857,43.3897448375,53.7315829329,1
3,2.38095238095,212.380952381,39.0507703538,43.5225821757,1
4,223.333333333,301.428571429,39.0507703538,43.5225821757,1
