#item,x,y,dx,dy,label
0,263.529411765,145.294117647,36.0778063755,46.8359282022,1
1,461.176470588,114.117647059,36.0778063755,56.1047583934,1
