#item,x,y,dx,dy,label
0,26.875,94.375,20.8883762889,23.6096505251,1
1,1.25,311.875,33.6409388971,34.5668893338,1
2,116.875,447.5,24.2790020114,31.1102004004,1
3,429.375,288.75,21.8511018103,31.1102004004,1
4,482.5,304.375,17.5223985417,31.1102004004,1
5,433.75,412.5,19.2746383958,34.2212204405,1
