#item,x,y,dx,dy,label
0,158.571428571,256.19047619,43.7704827735,44.7658299543,1
1,115.238095238,230.0,39.3934344962,40.2892469588,1
2,96.1904761905,297.142857143,39.3934344962,40.2892469588,1
3,55.7142857143,433.333333333,31.9086819419,39.4874909444,1
4,72.8571428571,441.428571429,42.4704556646,47.3020654023,1
5,107.619047619,52.380952381,38.2234100982,34.4832056782,1
6,478.571428571,480.476190476,20.313487286,18.3257893089,1
7,11.4285714286,394.761904762,18.2821385574,16.493210378,1
