#item,x,y,dx,dy,label
0,12.9411764706,460.0,35.2218537,52.089208083,1
1,73.5294117647,150.0,39.9592969992,45.9810815552,1
