#item,x,y,dx,dy,label
0,430.526315789,232.105263158,28.7168408398,39.5174495679,1
1,118.421052632,228.947368421,42.0443266735,52.5977253748,1
2,132.631578947,236.842105263,24.5784869129,27.9525877709,1
3,353.684210526,34.2105263158,47.8965177392,49.0245172006,1
