#item,x,y,dx,dy,label
0,227.333333333,314.0,29.4236813295,31.2525774954,1
1,296.666666667,294.666666667,21.4498636892,22.7831289941,1
