#item,x,y,dx,dy,label
0,291.764705882,142.941176471,25.9329342173,29.7063639464,1
1,395.882352941,148.235294118,37.9684089875,43.4930874539,1
