#item,x,y,dx,dy,label
0,148.823529412,89.4117647059,38.6034662843,35.6331151856,1
1,162.941176471,128.235294118,34.7431196559,35.6331151856,1
2,208.823529412,155.294117647,34.7431196559,35.6331151856,1
3,262.941176471,178.823529412,31.2688076903,35.6331151856,1
4,415.294117647,58.2352941176,31.2688076903,35.6331151856,1
5,432.352941176,170.0,31.2688076903,35.6331151856,1
