#item,x,y,dx,dy,label
0,75.2941176471,88.2352941176,33.9717308753,36.4600487566,1
1,260.588235294,223.529411765,20.0599673646,23.9214379892,1
2,168.823529412,325.882352941,22.065964101,26.3135817882,1
