#item,x,y,dx,dy,label
0,348.0,265.0,32.1237296901,35.1648858066,1
1,306.0,233.0,32.1237296901,35.1648858066,1
2,272.0,265.0,32.1237296901,35.1648858066,1
3,216.0,433.0,46.0964088217,45.8730541947,1
4,476.0,258.0,29.6420011368,45.8730541947,1
