#item,x,y,dx,dy,label
0,97.1428571429,240.952380952,63.8674519,74.8746141346,1
1,169.523809524,239.047619048,63.8674519,74.8746141346,1
2,135.714285714,88.5714285714,57.48070671,74.8746141346,1
3,315.238095238,93.8095238095,74.9843349005,85.2964851112,1
4,327.619047619,230.0,60.1299381567,69.0901529401,1
5,279.047619048,293.333333333,66.1429319724,83.5990850575,1
6,400.476190476,199.523809524,53.0400171486,67.0381063076,1
7,248.823529412,17.6470588235,56.6905191639,59.902355165,1
8,371.176470588,47.6470588235,51.0214672475,59.902355165,1
