#item,x,y,dx,dy,label
0,65.2631578947,168.421052632,31.5827394784,38.497498876,1
1,40.5263157895,151.052631579,28.4244655306,34.6477489884,1
2,149.473684211,438.421052632,28.4244655306,41.9237762759,1
3,178.947368421,445.263157895,37.454633985,33.9582587835,1
