#item,x,y,dx,dy,label
0,64.2105263158,292.105263158,40.5578170267,44.3676019137,1
1,102.631578947,264.210526316,44.6135987294,48.8043621051,1
2,82.1052631579,226.315789474,36.1370149708,39.5315333051,1
3,5.26315789474,151.052631579,32.5233134737,35.5783799746,1
4,35.2631578947,131.578947368,35.7756448211,35.5783799746,1
5,127.368421053,60.0,39.3532093032,39.1362179721,1
6,106.842105263,33.6842105263,39.3532093032,47.3548237462,1
