#item,x,y,dx,dy,label
0,114.117647059,10.0,43.2532690729,43.704854089,1
1,148.823529412,200.0,43.2532690729,52.8828734477,1
2,203.529411765,207.647058824,38.9279421657,52.8828734477,1
