#item,x,y,dx,dy,label
0,99.4117647059,397.647058824,50.6549604738,50.9187049806,1
1,298.235294118,278.235294118,40.2140106759,50.4095179308,1
2,362.352941176,331.176470588,36.1926096083,45.3685661377,1
3,383.529411765,222.941176471,52.4597037303,49.406368524,1
4,5.29411764706,200.0,37.0642114434,38.3847412599,1
5,268.823529412,75.2941176471,33.0242123961,34.2008044626,1
