#item,x,y,dx,dy,label
0,351.578947368,164.736842105,54.3536655876,52.6507740253,1
1,394.736842105,164.210526316,54.3536655876,52.6507740253,1
2,113.157894737,340.526315789,39.6238222134,47.3856966228,1
3,50.0,202.105263158,32.0952959928,38.3824142645,1
4,470.0,470.0,32.0952959928,38.3824142645,1
