#item,x,y,dx,dy,label
0,157.647058824,174.705882353,24.1497760507,28.3438035674,1
1,246.470588235,340.588235294,24.1497760507,28.3438035674,1
2,242.941176471,277.647058824,28.9794406455,35.9512848609,1
