#item,x,y,dx,dy,label
0,77.0588235294,109.411764706,77.8693653664,118.070452755,1
1,102.352941176,31.1764705882,61.8190096464,93.7338891037,1
