#item,x,y,dx,dy,label
0,111.428571429,120.952380952,35.3751303436,40.0585417845,1
1,51.4285714286,321.428571429,47.0842984873,53.3179191152,1
2,60.4761904762,387.619047619,37.756898957,42.7556393385,1
3,162.380952381,346.19047619,37.756898957,42.7556393385,1
4,195.238095238,327.619047619,37.756898957,42.7556393385,1
5,226.19047619,259.047619048,45.685847738,38.4800754046,1
6,262.380952381,238.095238095,37.0055366678,42.3280829451,1
7,396.666666667,235.714285714,26.9770362308,30.857172467,1
8,436.19047619,426.666666667,29.0842125308,36.9638068982,1
