#item,x,y,dx,dy,label
0,98.4210526316,108.421052632,24.1141606186,28.5878817148,1
