#item,x,y,dx,dy,label
0,47.8947368421,306.315789474,37.5940948305,44.3377949848,1
1,240.526315789,360.0,37.5940948305,44.3377949848,1
2,388.947368421,174.736842105,33.8346853474,39.9040154863,1
