#item,x,y,dx,dy,label
0,151.052631579,0.0,33.4465685795,26.5258420599,1
