#item,x,y,dx,dy,label
0,380.526315789,181.578947368,38.2291168289,38.5893271125,1
1,359.473684211,172.105263158,30.9655846314,38.5893271125,1
2,352.631578947,164.210526316,30.9655846314,38.5893271125,1
3,402.631578947,75.7894736842,27.8690261683,28.131619465,1
