#item,x,y,dx,dy,label
0,274.210526316,235.263157895,28.688489582,34.521666511,1
1,280.0,345.789473684,31.5573385402,34.521666511,1
2,305.263157895,333.157894737,28.4016046862,31.0694998599,1
3,267.894736842,358.947368421,28.4016046862,31.0694998599,1
4,241.578947368,386.315789474,31.2417651548,34.1764498459,1
5,226.315789474,407.894736842,28.1175886393,34.1764498459,1
6,22.1052631579,270.0,22.7752467979,27.6829243752,1
7,30.0,238.421052632,20.4977221181,24.9146319377,1
8,344.210526316,125.263157895,27.2824681392,30.1467046446,1
