#item,x,y,dx,dy,label
0,102.105263158,170.526315789,19.57149236,23.1868581498,1
1,14.7368421053,448.421052632,41.9532320179,49.2060587724,1
2,170.0,480.0,41.9532320179,49.2060587724,1
