#item,x,y,dx,dy,label
0,170.0,241.052631579,53.5853980031,63.4413708379,1
1,332.105263158,327.368421053,39.0637551443,63.4413708379,1
