#item,x,y,dx,dy,label
0,341.0,257.0,24.7200393473,28.8725234623,1
1,464.0,93.0,29.0228536449,33.8981265779,1
