#item,x,y,dx,dy,label
0,393.529411765,449.411764706,33.9987087998,48.2990677426,1
1,201.428571429,350.952380952,23.6071876084,40.2830890323,1
