#item,x,y,dx,dy,label
0,272.0,84.0,39.3845130322,43.6454674917,1
1,300.0,153.0,43.3229643354,43.2090128168,1
2,125.0,86.0,38.9906679019,43.2090128168,1
3,0.0,48.0,31.5824410005,43.2090128168,1
4,3.0,404.0,46.2398518688,47.5299140985,1
5,318.0,452.0,33.7088520124,34.6493073778,1
6,437.0,428.0,30.3379668111,31.18437664,1
