#item,x,y,dx,dy,label
0,386.25,286.875,26.7880352798,28.9373126644,1
1,390.625,438.75,32.4135226886,35.0141483239,1
2,388.75,400.0,28.8804487155,35.0141483239,1
3,239.375,396.875,28.5916442283,38.5155631563,1
4,266.25,146.25,28.5916442283,34.6640068407,1
5,274.375,388.75,28.5916442283,34.6640068407,1
6,264.375,360.0,28.5916442283,41.1087736565,1
7,270.0,425.789473684,25.686937779,28.82933533,1
