#item,x,y,dx,dy,label
0,63.1578947368,205.263157895,33.971391003,34.6495029071,1
1,363.157894737,406.315789474,33.971391003,41.9258985176,1
