#item,x,y,dx,dy,label
0,268.75,346.875,36.9500163676,45.2500507956,1
1,293.125,365.625,29.9295132577,36.6525411445,1
2,310.0,259.375,29.9295132577,36.6525411445,1
3,288.75,236.25,29.9295132577,36.6525411445,1
4,108.75,237.5,26.9365619319,32.98728703,1
5,427.5,454.375,24.2429057388,29.688558327,1
