#item,x,y,dx,dy,label
0,81.7647058824,91.7647058824,28.4209825466,33.4741699639,1
1,263.529411765,244.117647059,25.5788842919,30.1267529675,1
2,393.529411765,228.823529412,25.5788842919,30.1267529675,1
3,413.529411765,208.235294118,24.8191658496,38.1334725118,1
4,394.117647059,50.5882352941,31.4152998736,39.0971771559,1
5,469.411764706,57.6470588235,19.7993998239,19.9591130101,1
6,177.647058824,36.4705882353,21.7793398063,21.9550243111,1
7,432.941176471,219.411764706,28.9883012822,29.2221373581,1
