#item,x,y,dx,dy,label
0,27.619047619,67.1428571429,25.4247308599,27.4945740815,1
1,150.476190476,72.8571428571,25.4247308599,27.4945740815,1
2,360.0,93.3333333333,30.7639243405,40.2548059127,1
3,189.523809524,318.095238095,27.6875319064,36.2293253214,1
4,204.761904762,333.333333333,24.9187787158,32.6063927893,1
5,149.523809524,370.476190476,33.1668944707,39.4537352751,1
6,235.238095238,439.047619048,36.4835839178,39.4537352751,1
