#item,x,y,dx,dy,label
0,178.666666667,67.3333333333,24.6664800766,28.8196496777,1
1,460.666666667,2.0,48.0679915221,56.161344143,1
2,293.684210526,96.8421052632,35.9026364926,47.3085450799,1
3,404.736842105,188.947368421,23.5557198028,27.9352227843,1
