#item,x,y,dx,dy,label
0,254.0,163.333333333,46.3987404034,54.2110361819,1
1,97.3333333333,108.0,37.2071499295,43.4718299143,1
2,418.0,132.666666667,49.5227165561,57.8610056159,1
3,298.666666667,331.333333333,26.3184020093,30.7497106855,1
4,40.0,211.052631579,23.6704119484,30.8783624691,1
