#item,x,y,dx,dy,label
0,44.7058823529,171.764705882,36.2468283822,40.0925793956,1
1,56.4705882353,194.705882353,36.2468283822,40.0925793956,1
2,162.352941176,121.764705882,39.8715112204,40.0925793956,1
3,363.529411765,217.058823529,35.8843600983,36.0833214561,1
