#item,x,y,dx,dy,label
0,100.526315789,268.421052632,35.175285763,36.5935877585,1
1,80.5263157895,407.894736842,31.6577571867,36.5935877585,1
2,157.368421053,435.789473684,38.305886196,36.5935877585,1
3,138.421052632,469.473684211,38.305886196,29.6408060844,1
