#item,x,y,dx,dy,label
0,130.0,383.636363636,40.7357800317,49.771448502,1
1,226.363636364,290.909090909,36.6622020285,44.7943036518,1
2,273.636363636,326.363636364,44.3612644545,54.2011074186,1
3,364.545454545,345.454545455,35.9326242082,43.9028970091,1
4,345.454545455,363.636363636,35.9326242082,43.9028970091,1
5,397.272727273,307.272727273,29.1054256086,35.5613465774,1
6,406.363636364,18.1818181818,38.7393214851,47.3321522945,1
