#item,x,y,dx,dy,label
0,5.29411764706,145.294117647,40.0729838772,39.6722540385,1
1,27.6470588235,15.2941176471,32.4591169406,39.6722540385,1
2,135.882352941,179.411764706,39.2755314981,43.6394794423,1
3,222.941176471,236.470588235,39.2755314981,43.6394794423,1
4,328.235294118,217.647058824,35.3479783483,39.2755314981,1
5,358.235294118,51.7647058824,42.3433432634,47.0481591815,1
6,397.647058824,12.3529411765,34.2981080433,38.109008937,1
