#item,x,y,dx,dy,label
0,115.238095238,181.904761905,34.5326903565,41.0922256314,1
1,1.90476190476,291.428571429,34.5326903565,41.0922256314,1
2,29.0476190476,323.333333333,41.7845553313,44.7494337126,1
3,196.19047619,284.761904762,45.5033807558,44.3019393755,1
4,0.952380952381,231.428571429,26.8692913025,44.3019393755,1
5,463.529411765,313.529411765,31.526813767,37.0144274042,1
6,365.882352941,148.235294118,31.526813767,33.3129846638,1
7,310.0,100.588235294,38.147444658,40.3087114432,1
