#item,x,y,dx,dy,label
0,194.210526316,263.684210526,26.780684218,33.5365996929,1
1,183.157894737,280.526315789,32.4046279038,33.5365996929,1
2,46.8421052632,121.052631579,32.4046279038,33.5365996929,1
3,6.84210526316,124.210526316,32.4046279038,33.5365996929,1
4,1.05263157895,201.578947368,25.4681642208,36.5213570655,1
5,25.2631578947,427.368421053,45.1184064752,53.4709188797,1
6,294.210526316,478.421052632,32.2367810859,27.5726360173,1
7,275.263157895,486.842105263,32.2367810859,27.5726360173,1
