#item,x,y,dx,dy,label
0,400.0,290.476190476,25.0523520633,29.2178425946,1
1,46.1904761905,440.476190476,33.3446805963,31.8182305855,1
