#item,x,y,dx,dy,label
0,141.578947368,421.052631579,46.7316187218,49.296334351,1
1,181.578947368,416.315789474,37.8526111647,39.9300308243,1
2,335.263157895,413.157894737,34.0673500482,39.9300308243,1
3,354.210526316,478.421052632,45.3436429142,39.9300308243,1
4,441.578947368,477.368421053,40.8092786228,39.9300308243,1
