#item,x,y,dx,dy,label
0,66.1904761905,299.523809524,51.1137063487,62.0369305412,1
1,106.666666667,276.19047619,56.2250769835,61.4165612358,1
2,193.333333333,195.714285714,33.200345708,36.2658652441,1
3,221.428571429,167.142857143,44.1896601374,48.2698666399,1
4,208.571428571,237.619047619,39.3729871824,43.0084511761,1
5,277.619047619,72.8571428571,43.3102859006,47.3092962938,1
6,315.714285714,57.1428571429,38.9792573106,42.5783666644,1
