#item,x,y,dx,dy,label
0,186.666666667,331.428571429,35.0984862012,39.3213846872,1
1,321.904761905,264.761904762,35.0984862012,39.3213846872,1
2,151.764705882,442.941176471,34.1663452061,39.7122664064,1
