#item,x,y,dx,dy,label
0,156.19047619,151.428571429,30.5690670719,35.8013493534,1
1,168.571428571,171.428571429,30.5690670719,35.8013493534,1
2,172.380952381,197.142857143,30.5690670719,35.8013493534,1
3,307.142857143,374.285714286,27.5121603647,35.8013493534,1
4,439.523809524,228.571428571,27.5121603647,35.8013493534,1
5,442.380952381,37.1428571429,40.28055399,39.3814842887,1
