#item,x,y,dx,dy,label
0,402.0,72.6666666667,18.6972004607,19.8593676909,1
1,425.333333333,82.0,18.6972004607,19.8593676909,1
2,57.3684210526,67.8947368421,26.0112189278,26.2739585129,1
