#item,x,y,dx,dy,label
0,130.0,415.625,32.7676526668,37.9852673487,1
1,200.625,473.125,37.3286143792,24.4261834427,1
2,14.375,390.0,30.2361776472,35.7623751785,1
3,378.125,431.875,24.2463908553,19.0055924272,1
