#item,x,y,dx,dy,label
0,120.588235294,205.294117647,25.946401797,28.82933533,1
1,202.352941176,344.117647059,33.847421042,37.9881268709,1
2,294.705882353,269.411764706,33.847421042,37.9881268709,1
3,165.882352941,140.0,27.416411044,34.1893141838,1
4,343.529411765,172.941176471,30.1580521484,37.6082456022,1
5,372.941176471,245.882352941,30.1580521484,37.6082456022,1
6,353.529411765,284.117647059,32.8421187896,37.6082456022,1
