#item,x,y,dx,dy,label
0,0.714285714286,61.4285714286,14.3664566243,34.88882826,1
