#item,x,y,dx,dy,label
0,13.8095238095,259.047619048,30.4413993825,35.6518297249,1
