#item,x,y,dx,dy,label
0,165.789473684,270.0,35.2391042395,37.6933821174,1
1,57.3684210526,393.157894737,35.2391042395,50.1698915982,1
2,443.684210526,453.157894737,25.6893069906,29.6248192898,1
3,104.210526316,476.842105263,25.6893069906,29.6248192898,1
