#item,x,y,dx,dy,label
0,187.857142857,331.428571429,21.5727438239,25.0576114293,1
1,294.285714286,244.285714286,19.2213147471,22.3263317835,1
