#item,x,y,dx,dy,label
0,267.894736842,193.157894737,43.9324115696,49.9969814137,1
1,201.578947368,220.0,39.5391704126,44.5473104396,1
2,101.578947368,242.105263158,39.5391704126,44.5473104396,1
3,300.0,314.210526316,39.5391704126,44.5473104396,1
4,336.315789474,311.052631579,31.7064607539,32.4749893105,1
5,335.263157895,461.578947368,51.0635721088,39.2947370657,1
