#item,x,y,dx,dy,label
0,305.714285714,174.761904762,45.6956017654,58.8686798572,1
1,295.714285714,38.0952380952,45.6956017654,38.6237408543,1
