#item,x,y,dx,dy,label
0,325.714285714,451.904761905,18.665314289,19.8861951612,1
