#item,x,y,dx,dy,label
0,364.285714286,310.952380952,21.0545802655,26.3274017014,1
