#item,x,y,dx,dy,label
0,260.588235294,295.294117647,20.7214193757,23.9601912483,1
1,233.529411765,437.058823529,22.7935613133,23.9601912483,1
