#item,x,y,dx,dy,label
0,4.0,212.666666667,26.2172947612,26.2172947612,1
1,0.666666666667,190.0,20.3992252799,31.7229266611,1
2,114.0,260.666666667,32.5246247425,38.0008938473,1
3,326.0,446.0,35.7770872167,41.800983232,1
4,36.8421052632,204.736842105,27.3885134371,36.089570271,1
