#item,x,y,dx,dy,label
0,450.526315789,158.421052632,26.4732188521,40.1403674096,1
1,435.263157895,116.842105263,26.4732188521,40.1403674096,1
