#item,x,y,dx,dy,label
0,170.0,146.842105263,54.4983222008,76.0452030232,1
1,46.3157894737,215.263157895,65.9429698629,82.8132260923,1
