#item,x,y,dx,dy,label
0,108.461538462,249.230769231,31.7704495726,32.753952054,1
1,100.0,338.461538462,46.5151152193,47.9550612022,1
2,0.0,231.538461538,22.2480354125,42.9360007796,1
3,213.076923077,196.923076923,22.2480354125,31.3003445684,1
4,461.666666667,292.777777778,26.3449460414,28.6896462391,1
