#item,x,y,dx,dy,label
0,472.352941176,86.4705882353,25.9289705516,40.3222583171,1
