#item,x,y,dx,dy,label
0,97.0588235294,182.352941176,30.9438195283,31.7258281057,1
1,154.705882353,319.411764706,34.0382014811,38.3882520078,1
2,368.823529412,211.176470588,27.5709431997,34.5494268071,1
3,169.411764706,55.8823529412,24.8138488798,31.0944841263,1
4,7.64705882353,187.647058824,24.8138488798,31.0944841263,1
5,29.4117647059,476.470588235,30.0247571445,22.6678789281,1
6,154.705882353,50.5882352941,24.320053287,27.428133503,1
