#item,x,y,dx,dy,label
0,437.0,103.0,34.6537683894,38.2168336116,1
1,454.0,80.0,25.2625971559,27.8600717029,1
2,467.0,125.0,22.5089740659,30.0362219036,1
3,469.0,189.0,29.9594444817,35.2643804529,1
4,413.0,413.0,35.5295343592,45.0873896236,1
5,232.0,412.0,31.656815114,40.1728641546,1
6,285.0,457.0,31.656815114,40.1728641546,1
