#item,x,y,dx,dy,label
0,40.0,299.411764706,37.5382363406,37.7463676393,1
1,370.588235294,262.941176471,27.3653742923,27.517102009,1
2,418.235294118,305.294117647,22.1659531768,24.7653918081,1
