#item,x,y,dx,dy,label
0,183.333333333,154.761904762,40.0107588451,32.0269161691,1
1,369.523809524,243.333333333,32.0846275179,32.0269161691,1
2,390.476190476,241.904761905,28.8761647661,28.8242245522,1
3,440.476190476,260.476190476,31.4461434302,34.8773117081,1
4,428.571428571,410.952380952,28.3015290872,31.3895805373,1
5,445.714285714,383.333333333,22.9242385607,28.2506224836,1
