#item,x,y,dx,dy,label
0,342.380952381,313.333333333,43.0149264446,59.7437054079,1
1,356.19047619,385.714285714,43.0149264446,59.7437054079,1
2,399.523809524,39.5238095238,34.8420904202,47.9084773666,1
