#item,x,y,dx,dy,label
0,198.666666667,376.666666667,26.1373360341,27.7619618966,1
1,339.333333333,238.0,28.7510696375,30.5381580863,1
2,466.0,130.666666667,28.7510696375,30.5381580863,1
3,480.0,250.0,28.7510696375,30.5381580863,1
4,405.333333333,372.0,28.7510696375,30.5381580863,1
5,3.15789473684,378.947368421,25.1878265646,30.1724974418,1
6,301.578947368,466.315789474,30.4772701432,30.1724974418,1
