#item,x,y,dx,dy,label
0,15.2631578947,344.210526316,55.7647487796,63.4200567477,1
1,343.684210526,309.473684211,54.6550302789,69.0644417983,1
