#item,x,y,dx,dy,label
0,133.157894737,60.0,43.2889633207,48.0665344888,1
1,91.0526315789,84.2105263158,38.9600669886,43.25988104,1
2,47.3684210526,51.0526315789,31.5576542608,38.933892936,1
3,74.2105263158,191.052631579,31.2420777182,42.8272822296,1
4,11.5789473684,222.631578947,34.36628549,47.1100104525,1
5,224.210526316,308.947368421,54.7937739801,55.8687507059,1
6,252.105263158,292.105263158,54.2458362403,61.4556257764,1
7,0.526315789474,59.4736842105,9.04667667429,21.4282517311,1
