#item,x,y,dx,dy,label
0,353.80952381,153.333333333,22.0808771156,24.8412994401,1
1,351.428571429,349.523809524,26.7178613098,30.0579723226,1
