#item,x,y,dx,dy,label
0,293.684210526,70.0,27.6097209403,32.069803667,1
1,274.736842105,11.5789473684,27.6097209403,32.069803667,1
2,210.0,25.7894736842,27.6097209403,32.069803667,1
3,219.473684211,44.2105263158,27.6097209403,32.069803667,1
4,213.684210526,72.1052631579,30.3706930343,38.8044624371,1
5,271.052631579,107.894736842,24.6002613578,31.4316145741,1
6,253.157894737,92.6315789474,24.6002613578,31.4316145741,1
7,174.736842105,0.0,24.6002613578,25.459607805,1
