#item,x,y,dx,dy,label
0,306.315789474,49.4736842105,26.1557001867,26.138128331,1
