#item,x,y,dx,dy,label
0,301.0,341.0,37.4920553928,41.5482675514,1
1,350.0,416.0,37.4920553928,41.5482675514,1
2,429.0,357.0,30.3685648681,33.6540967166,1
