#item,x,y,dx,dy,label
0,231.052631579,325.789473684,31.9027240818,33.3506698588,1
1,232.105263158,376.315789474,31.583696841,40.3543105291,1
2,253.157894737,368.421052632,31.583696841,40.3543105291,1
3,260.0,381.578947368,31.583696841,40.3543105291,1
4,451.578947368,392.105263158,43.9404592744,53.7050057799,1
5,435.263157895,392.105263158,35.5917720123,43.5010546817,1
