#item,x,y,dx,dy,label
0,318.421052632,22.1052631579,23.0202980521,23.326819163,1
1,71.5789473684,227.368421053,54.280658638,55.0034193837,1
2,178.421052632,365.263157895,48.8525927742,60.5037613221,1
3,324.210526316,466.315789474,53.7378520517,54.4533851899,1
4,371.052631579,391.578947368,48.3640668465,49.0080466709,1
5,430.0,455.789473684,58.5205208843,49.0080466709,1
6,1.05263157895,294.736842105,34.5557823769,62.032805281,1
7,442.105263158,432.105263158,44.1814092227,36.8081004318,1
