#item,x,y,dx,dy,label
0,377.368421053,106.842105263,28.278949182,37.2378546891,1
1,450.0,146.842105263,28.278949182,37.2378546891,1
2,475.263157895,205.263157895,28.278949182,37.2378546891,1
3,113.684210526,12.1052631579,28.278949182,37.2378546891,1
4,171.052631579,254.210526316,28.278949182,37.2378546891,1
5,1.05263157895,326.842105263,22.9059488374,49.0679487452,1
