#item,x,y,dx,dy,label
0,8.23529411765,234.705882353,33.8019577428,43.2176042572,1
1,42.3529411765,228.823529412,30.4217619685,35.0062594483,1
2,141.176470588,228.823529412,30.1175443488,38.1218165392,1
3,40.5882352941,65.2941176471,30.1175443488,38.1218165392,1
4,257.058823529,31.1764705882,30.1175443488,38.1218165392,1
5,321.176470588,171.764705882,33.1292987837,41.9339981931,1
6,377.058823529,381.176470588,33.1292987837,41.9339981931,1
7,441.764705882,451.176470588,36.4422286621,46.1273980124,1
