#item,x,y,dx,dy,label
0,8.0,230.0,39.4667629703,44.2800263895,1
1,150.666666667,340.0,47.2772353622,34.8015409138,1
2,236.666666667,420.666666667,47.2772353622,53.8397057762,1
3,426.666666667,180.0,22.6125551143,25.7513643697,1
4,358.0,64.0,30.0973108571,34.275065976,1
