#item,x,y,dx,dy,label
0,372.307692308,53.8461538462,22.9521767851,24.1431448318,1
1,130.769230769,290.769230769,20.6569591066,26.2918847218,1
2,426.923076923,373.846153846,18.5912631959,23.6626962497,1
3,446.923076923,386.923076923,20.4503895155,26.0289658746,1
