#item,x,y,dx,dy,label
0,395.454545455,284.545454545,44.4426515624,44.8764852323,1
1,180.0,359.090909091,23.618647189,29.4434619609,1
2,67.2727272727,303.636363636,28.5785630987,32.0639300754,1
3,8.18181818182,366.363636364,31.4364194085,35.2703230829,1
4,345.454545455,40.9090909091,31.4364194085,35.2703230829,1
5,325.454545455,10.0,28.2927774677,31.7432907746,1
6,235.454545455,59.0909090909,31.1220552145,34.9176198521,1
7,297.272727273,230.0,25.2088647237,28.2832720802,1
