#item,x,y,dx,dy,label
0,279.375,33.75,22.5730000764,24.5001647822,1
1,196.875,68.125,22.3472700756,24.2551631344,1
2,378.75,353.75,43.5485073347,47.2664511633,1
3,32.5,160.625,38.4137028349,45.8625902973,1
