#item,x,y,dx,dy,label
0,193.125,186.875,59.1200792702,74.9715081891,1
1,366.25,7.5,46.9343076511,49.1888065229,1
2,229.375,325.625,56.2226071353,87.1409712724,1
