#item,x,y,dx,dy,label
0,57.6470588235,205.294117647,31.4738897851,33.0959191302,1
1,155.294117647,401.764705882,38.08340664,36.4055110432,1
2,313.529411765,385.294117647,30.8475593784,36.4055110432,1
3,389.411764706,421.764705882,30.8475593784,36.4055110432,1
