#item,x,y,dx,dy,label
0,177.619047619,155.714285714,41.7437203469,39.2038371475,1
1,267.142857143,165.714285714,55.5608917817,63.1381717644,1
2,298.571428571,279.523809524,61.1169809599,63.1381717644,1
