#item,x,y,dx,dy,label
0,395.294117647,362.941176471,46.1273980124,52.8215163143,1
1,54.1176470588,412.352941176,24.5139905271,28.0715194516,1
