#item,x,y,dx,dy,label
0,259.0,205.0,26.4465455779,31.8452664313,1
1,131.0,196.0,19.2795317263,23.2151992284,1
2,116.0,184.0,17.3515785536,20.8936793056,1
3,123.0,166.0,17.3515785536,20.8936793056,1
4,101.0,164.0,17.3515785536,20.8936793056,1
5,299.0,115.0,25.4044461604,30.5904358713,1
6,335.0,73.0,33.8133178395,40.7158701446,1
