#item,x,y,dx,dy,label
0,390.0,11.0526315789,32.2367810859,36.699178539,1
1,253.157894737,366.315789474,32.2367810859,36.699178539,1
2,332.105263158,304.210526316,23.5006134116,26.7537011549,1
3,361.052631579,305.789473684,19.0354968634,19.5034481419,1
