#item,x,y,dx,dy,label
0,111.176470588,119.411764706,49.0604490561,52.8925607319,1
1,130.588235294,170.588235294,49.0604490561,52.8925607319,1
2,292.941176471,304.117647059,44.1544041505,63.3599985007,1
3,306.470588235,396.470588235,52.8925607319,63.3599985007,1
4,325.882352941,435.294117647,42.4145444509,50.8083827977,1
5,126.470588235,453.529411765,38.1730900058,45.2702690728,1
6,50.5882352941,262.352941176,46.189438907,45.2702690728,1
7,0.588235294118,200.0,19.8830388978,54.7770255781,1
