#item,x,y,dx,dy,label
0,85.0,220.625,56.4347921682,53.6689258201,1
1,463.125,166.875,35.9271321606,47.8190129057,1
