#item,x,y,dx,dy,label
0,19.5238095238,312.857142857,31.3205491122,37.6211059055,1
1,74.2857142857,268.095238095,31.3205491122,33.8589953149,1
2,180.0,320.952380952,28.188494201,33.8589953149,1
3,29.5238095238,217.142857143,20.5494122725,24.6832075846,1
4,0.47619047619,224.285714286,16.6450239407,27.151528343,1
5,72.8571428571,91.9047619048,26.8069775068,32.8533492951,1
6,68.0952380952,68.5714285714,29.1927985049,29.5680143656,1
7,184.117647059,8.23529411765,33.8360494878,42.8285804462,1
