#item,x,y,dx,dy,label
0,111.333333333,135.333333333,31.2688076903,33.2123919025,1
1,186.0,452.0,27.3060835498,29.0033555855,1
2,3.33333333333,450.666666667,43.9767206178,46.710194204,1
3,237.368421053,177.368421053,30.7081009557,34.8128886573,1
4,58.4210526316,280.526315789,33.7789110512,38.294177523,1
