#item,x,y,dx,dy,label
0,134.736842105,48.4210526316,44.3517952501,47.4726324857,1
1,183.684210526,118.947368421,39.5174495679,47.4726324857,1
2,61.5789473684,384.210526316,57.8574979123,69.5046812223,1
3,426.315789474,265.789473684,52.0717481211,56.2987917901,1
