#item,x,y,dx,dy,label
0,171.052631579,214.736842105,32.648076927,36.3788476599,1
1,150.526315789,213.157894737,26.4449423109,29.4668666045,1
2,67.3684210526,118.421052632,38.7180400373,38.8281954561,1
3,133.157894737,292.631578947,22.8626154616,28.3057544875,1
4,152.631578947,270.0,25.1488770078,31.1363299362,1
5,0.526315789474,394.736842105,25.1488770078,34.2499629298,1
