#item,x,y,dx,dy,label
0,438.0,226.0,33.0131174113,38.5716354992,1
1,322.0,158.0,33.0131174113,38.5716354992,1
2,230.666666667,70.0,26.2084866636,30.6212885617,1
3,208.0,73.3333333333,26.2084866636,30.6212885617,1
4,224.666666667,38.6666666667,26.2084866636,30.6212885617,1
