#item,x,y,dx,dy,label
0,112.105263158,333.684210526,39.6916536017,54.9412672712,1
1,49.4736842105,422.105263158,43.6608189618,49.4471405441,1
2,97.3684210526,175.789473684,43.6608189618,44.5024264897,1
3,67.8947368421,57.3684210526,31.1953451564,44.5024264897,1
4,274.736842105,23.1578947368,31.1953451564,32.442268911,1
5,3.15789473684,477.368421053,40.6947364156,39.2551453823,1
