#item,x,y,dx,dy,label
0,29.0,266.0,34.3240067952,46.0253414601,1
1,428.0,147.0,41.5320482222,41.0085792409,1
2,339.0,299.0,41.5320482222,41.0085792409,1
3,212.0,325.0,37.005054966,48.632935302,1
4,432.0,463.0,40.7055604626,39.3926775946,1
5,102.777777778,391.111111111,41.3551715962,55.5997307016,1
