#item,x,y,dx,dy,label
0,63.6363636364,49.0909090909,35.3955210299,42.8141915354,1
1,88.1818181818,116.363636364,35.3955210299,47.0956106889,1
2,261.818181818,331.818181818,42.8285804462,51.8051717578,1
3,280.0,379.090909091,38.5457224016,55.8516737238,1
4,396.363636364,179.090909091,38.5457224016,45.2398557163,1
5,475.454545455,60.0,23.8098903137,33.8133178395,1
6,475.454545455,350.909090909,23.8098903137,59.902355165,1
7,279.375,194.375,26.2248993497,31.1006588617,1
8,458.125,250.625,38.3958751379,55.0967143137,1
