#item,x,y,dx,dy,label
0,374.285714286,317.619047619,61.6928500059,81.0913144796,1
1,463.333333333,321.428571429,32.458248801,38.7857243325,1
2,410.952380952,81.9047619048,68.1925538574,74.8265802002,1
