#item,x,y,dx,dy,label
0,87.619047619,337.619047619,23.0281167966,25.7987604933,1
