#item,x,y,dx,dy,label
0,410.0,272.941176471,28.0132606677,40.5904312404,1
1,392.352941176,239.411764706,28.0132606677,36.5313881163,1
2,427.058823529,208.823529412,28.0132606677,36.5313881163,1
3,357.058823529,84.7058823529,20.4216670268,26.6313819368,1
