#item,x,y,dx,dy,label
0,218.666666667,282.0,40.4567513543,42.9714332055,1
1,282.666666667,418.0,53.8479360525,57.1949775965,1
2,322.666666667,424.0,53.8479360525,57.1949775965,1
3,410.666666667,148.666666667,39.2551453823,41.6951386679,1
4,430.0,104.0,43.1806599205,45.8646525346,1
5,312.631578947,384.736842105,39.0454553887,58.3271617535,1
6,265.263157895,271.052631579,35.1409098498,42.5205009183,1
7,261.052631579,298.947368421,38.6550008348,42.5205009183,1
8,107.368421053,64.2105263158,41.67434295,46.3048255,1
