#item,x,y,dx,dy,label
0,207.894736842,8.94736842105,38.6400580862,57.0100983641,1
1,157.894736842,6.31578947368,38.6400580862,51.3090885277,1
