#item,x,y,dx,dy,label
0,75.2941176471,360.0,40.5904312404,51.1119352519,1
1,164.117647059,360.588235294,54.0258639809,56.2231287771,1
2,194.117647059,78.8235294118,38.9910062937,45.0853269663,1
