#item,x,y,dx,dy,label
0,330.476190476,331.428571429,41.8740144124,52.9252210051,1
1,358.571428571,210.0,41.8740144124,52.9252210051,1
