#item,x,y,dx,dy,label
0,471.052631579,62.1052631579,45.4518012852,62.2853306026,1
1,160.526315789,85.2631578947,40.4975549451,55.4962295669,1
2,198.421052632,40.0,36.0833214561,49.9466066102,1
3,1.57894736842,33.1578947368,39.6916536017,54.9412672712,1
