#item,x,y,dx,dy,label
0,85.2631578947,285.263157895,37.5562166409,58.9541455599,1
1,112.631578947,282.105263158,54.986056784,70.6211709662,1
2,225.263157895,27.3684210526,40.0848353955,51.4828336343,1
3,469.473684211,382.631578947,29.2218450033,68.5236515673,1
