#item,x,y,dx,dy,label
0,167.647058824,82.3529411765,42.8717762,47.15895382,1
