#item,x,y,dx,dy,label
0,216.470588235,324.117647059,42.6705680387,44.65221578,1
1,411.764705882,382.941176471,25.1965437212,26.3666868959,1
2,448.823529412,228.823529412,33.5365996929,38.6034662843,1
3,451.764705882,178.235294118,33.5365996929,42.4638129128,1
4,391.764705882,128.235294118,35.7945820599,37.8352573053,1
5,354.705882353,199.411764706,32.2151238539,37.8352573053,1
6,168.235294118,438.235294118,32.2151238539,37.8352573053,1
