#item,x,y,dx,dy,label
0,273.684210526,54.7368421053,40.6947364156,47.4987259126,1
1,279.473684211,2.63157894737,40.6947364156,47.4987259126,1
2,331.052631579,47.8947368421,36.625262774,42.7488533213,1
3,290.0,176.842105263,40.2877890514,47.0237386535,1
4,331.578947368,176.315789474,32.6331091316,38.0892283093,1
5,327.894736842,355.789473684,35.5374558444,46.0879662543,1
6,206.315789474,353.157894737,43.0003215717,55.7664391677,1
7,56.3157894737,394.210526316,38.7002894145,44.7191075685,1
