#item,x,y,dx,dy,label
0,350.0,75.7894736842,42.1781159781,45.60202135,1
1,10.0,56.8421052632,34.1642739423,36.9376372935,1
2,57.8947368421,167.894736842,50.0199134789,54.0803947614,1
3,48.9473684211,225.789473684,55.0219048267,54.0803947614,1
4,108.421052632,293.684210526,44.5677429097,59.4884342375,1
