#item,x,y,dx,dy,label
0,86.3157894737,136.315789474,35.9677746006,41.7780198603,1
1,276.315789474,308.947368421,42.6353836935,57.8999037813,1
