#item,x,y,dx,dy,label
0,137.368421053,14.2105263158,38.5363264174,36.1716307319,1
1,256.315789474,76.8421052632,38.5363264174,39.7887938051,1
2,282.631578947,78.9473684211,28.0929819583,35.8099144246,1
3,452.631578947,20.0,45.2440283737,51.905002752,1
4,222.105263158,274.210526316,44.7915880899,51.3859527245,1
5,188.947368421,357.894736842,36.2811863528,46.247357452,1
6,262.105263158,478.421052632,36.2811863528,46.247357452,1
