#item,x,y,dx,dy,label
0,1.57894736842,194.736842105,35.5848973564,49.0509728855,1
1,108.947368421,273.684210526,35.5848973564,44.145875597,1
2,13.6842105263,273.157894737,43.0577258013,44.145875597,1
3,65.7894736842,365.263157895,43.0577258013,44.145875597,1
4,8.42105263158,410.526315789,43.0577258013,44.145875597,1
