#item,x,y,dx,dy,label
0,239.047619048,259.047619048,37.5292197871,42.483539307,1
1,261.428571429,276.19047619,45.4103559423,56.5455908177,1
2,431.904761905,174.761904762,49.9513915366,56.5455908177,1
3,457.142857143,116.19047619,36.0504187859,49.3795172023,1
