#item,x,y,dx,dy,label
0,442.0,458.666666667,30.7600449889,35.9392064818,1
