#item,x,y,dx,dy,label
0,247.647058824,154.705882353,27.6789701519,35.2294008377,1
1,270.588235294,73.5294117647,24.9110731367,31.7064607539,1
2,312.352941176,94.1176470588,24.9110731367,31.7064607539,1
