#item,x,y,dx,dy,label
0,139.375,51.25,22.0996901679,23.5876379972,1
1,1.25,119.375,19.8897211511,19.1059867778,1
