#item,x,y,dx,dy,label
0,83.1578947368,334.210526316,26.8798551591,30.1681876084,1
1,1.57894736842,280.526315789,26.8798551591,27.1513688475,1
