#item,x,y,dx,dy,label
0,97.619047619,142.380952381,28.2255518505,26.534912687,1
1,222.380952381,167.142857143,25.4029966654,23.8814214183,1
2,289.523809524,170.952380952,40.9117801596,38.4612680084,1
3,274.761904762,231.428571429,26.8422189627,25.2344379403,1
4,463.80952381,83.3333333333,24.1579970665,22.7109941463,1
5,454.285714286,46.1904761905,21.7421973598,20.4398947317,1
