#item,x,y,dx,dy,label
0,111.052631579,325.263157895,25.0897925602,28.802944503,1
1,21.0526315789,374.736842105,27.5987718162,34.8515628486,1
2,45.2631578947,408.421052632,30.3586489979,34.5030472201,1
3,50.5263157895,390.0,30.3586489979,34.5030472201,1
4,310.0,381.578947368,24.5905056883,30.7422150731,1
