#item,x,y,dx,dy,label
0,421.052631579,349.473684211,31.0751912881,44.145875597,1
1,217.894736842,102.631578947,31.0751912881,35.7581592336,1
2,465.789473684,70.0,31.0751912881,35.7581592336,1
3,468.947368421,1.05263157895,25.1709049433,28.9641089792,1
4,2.10526315789,451.578947368,33.5024744796,42.4063519564,1
