#item,x,y,dx,dy,label
0,31.9047619048,161.904761905,28.2212377744,31.45292984,1
1,206.666666667,144.285714286,22.6306105713,31.45292984,1
2,242.857142857,370.476190476,24.8936716284,28.307636856,1
3,156.666666667,410.0,24.8936716284,34.2522405958,1
4,475.238095238,356.19047619,18.1474866171,24.9698833943,1
5,63.3333333333,82.8571428571,18.1474866171,24.9698833943,1
