#item,x,y,dx,dy,label
0,11.7647058824,349.411764706,25.466600607,27.7238106963,1
