#item,x,y,dx,dy,label
0,116.470588235,85.8823529412,52.8537814383,82.9954933001,1
1,300.0,420.0,52.8537814383,60.5037146158,1
