#item,x,y,dx,dy,label
0,474.761904762,438.095238095,23.9368794085,28.7617730155,1
