#item,x,y,dx,dy,label
0,189.047619048,343.80952381,33.3110839334,40.2474332361,1
1,32.8571428571,330.952380952,29.97997554,32.6004209212,1
2,428.095238095,302.380952381,29.97997554,39.4465093147,1
3,421.428571429,245.238095238,24.2837801874,25.8808547614,1
