#item,x,y,dx,dy,label
0,454.0,183.0,40.3087114432,48.5372144967,1
1,471.0,198.0,40.3087114432,48.5372144967,1
