#item,x,y,dx,dy,label
0,110.0,238.0,49.3324654312,49.3324654312,1
1,335.384615385,0.0,38.0008938473,25.9551218136,1
2,431.538461538,119.230769231,26.3449460414,30.4729167761,1
