#item,x,y,dx,dy,label
0,244.761904762,128.095238095,75.2850194885,94.2340325229,1
1,264.285714286,393.80952381,75.2850194885,94.2340325229,1
