#item,x,y,dx,dy,label
0,240.0,181.0,28.9307929325,34.1319206694,1
1,102.0,269.0,34.3096348853,40.4777614921,1
2,68.0,129.0,25.0117238314,29.5082881278,1
3,353.0,132.0,33.2906044196,39.2755314981,1
4,101.0,399.0,36.6196648615,43.2030846479,1
