#item,x,y,dx,dy,label
0,345.714285714,144.761904762,48.3804934923,54.2014258126,1
