#item,x,y,dx,dy,label
0,458.125,456.25,28.0663781466,30.5334905447,1
1,466.25,296.25,18.414350702,20.0330231464,1
2,456.25,410.625,13.4240616617,14.6040738737,1
