#item,x,y,dx,dy,label
0,130.0,332.941176471,41.5552691201,53.5412137509,1
1,187.647058824,308.235294118,41.5552691201,48.1870923758,1
2,274.705882353,325.882352941,41.5552691201,48.1870923758,1
3,430.588235294,305.294117647,30.2937911885,34.4293353742,1
4,10.0,318.235294118,33.3231703074,45.825445383,1
5,32.9411764706,3.52941176471,48.788453647,45.825445383,1
6,82.2222222222,442.222222222,39.9592969992,49.3324654312,1
7,243.333333333,375.555555556,43.9552266992,39.5597040293,1
