#item,x,y,dx,dy,label
0,375.789473684,99.4736842105,45.917469231,53.0765628798,1
