#item,x,y,dx,dy,label
0,26.8421052632,226.842105263,26.8566083681,31.0543144324,1
1,327.368421053,332.105263158,26.8566083681,31.0543144324,1
2,433.684210526,460.0,29.5422692049,34.1597458757,1
3,444.736842105,447.368421053,26.5880422844,30.7437712881,1
