#item,x,y,dx,dy,label
0,254.705882353,284.705882353,36.6319719278,49.2496511473,1
1,435.294117647,353.529411765,48.7571546359,49.2496511473,1
2,0.588235294118,321.176470588,31.9895691566,72.1064142448,1
3,1.76470588235,470.0,51.5195210224,29.5182052163,1
