#item,x,y,dx,dy,label
0,24.2857142857,109.523809524,37.9349372763,45.375768012,1
1,53.3333333333,213.80952381,54.9851362495,49.9133448132,1
2,75.7142857143,195.238095238,32.468173104,29.4733309787,1
3,118.095238095,232.857142857,29.2213557936,26.5259978809,1
4,268.095238095,284.285714286,29.2213557936,26.5259978809,1
5,278.095238095,272.380952381,51.2497401481,56.8608322315,1
6,406.666666667,380.952380952,24.5125918387,27.1963597878,1
7,42.9411764706,162.352941176,29.0912001357,30.7393798541,1
