#item,x,y,dx,dy,label
0,26.4705882353,131.764705882,45.6968239558,57.5613019531,1
1,171.764705882,79.4117647059,41.1271415602,46.624654582,1
2,282.352941176,199.411764706,33.3129846638,41.9621891238,1
3,365.294117647,95.8823529412,33.3129846638,41.9621891238,1
4,335.882352941,58.8235294118,24.2851658199,33.9893731903,1
5,367.058823529,435.294117647,29.3850506421,37.3883105093,1
6,410.0,475.294117647,29.3850506421,22.0774234726,1
