#item,x,y,dx,dy,label
0,323.333333333,198.095238095,29.9644143184,28.6119278479,1
