#item,x,y,dx,dy,label
0,0.0,180.0,24.5695722513,46.4046991508,1
1,180.476190476,102.857142857,32.7021006665,41.7642292357,1
2,120.0,393.333333333,39.1738463884,55.0323072216,1
3,173.333333333,434.285714286,43.0912310272,55.0323072216,1
4,367.142857143,231.428571429,52.140389543,55.0323072216,1
5,442.857142857,338.571428571,42.2337155298,55.0323072216,1
6,431.428571429,397.142857143,55.6509446165,73.2480009119,1
