#item,x,y,dx,dy,label
0,170.625,47.5,40.4344882937,44.5655116329,1
1,151.875,88.75,36.0271290697,44.1198565166,1
2,179.375,169.375,36.0271290697,44.1198565166,1
3,265.625,129.375,36.0271290697,44.1198565166,1
4,276.25,75.0,36.0271290697,44.1198565166,1
5,384.375,131.25,36.0271290697,48.5318421683,1
6,362.5,165.0,36.0271290697,48.5318421683,1
7,11.25,100.0,26.2637770918,38.9176842347,1
