#item,x,y,dx,dy,label
0,313.157894737,455.789473684,37.3620598398,38.1078537797,1
