#item,x,y,dx,dy,label
0,108.421052632,382.631578947,45.6047860456,48.156179153,1
1,131.052631579,362.105263158,41.0443074411,47.6746173614,1
2,177.368421053,364.736842105,36.939876697,42.9071556253,1
3,241.052631579,475.789473684,36.939876697,42.9071556253,1
4,101.578947368,475.263157895,36.939876697,42.9071556253,1
