#item,x,y,dx,dy,label
0,4.28571428571,84.2857142857,31.7589263733,37.5832005007,1
1,96.1904761905,308.095238095,28.5830337359,37.5832005007,1
2,87.619047619,339.047619048,28.5830337359,37.5832005007,1
3,197.619047619,425.714285714,41.8484196928,50.0232398665,1
4,171.904761905,457.142857143,37.6635777235,40.5188242918,1
5,277.619047619,354.761904762,33.8972199511,40.5188242918,1
6,385.714285714,468.095238095,27.1821806788,29.5382229088,1
7,471.428571429,459.047619048,27.1821806788,29.5382229088,1
