#item,x,y,dx,dy,label
0,134.210526316,479.473684211,45.4656984442,49.462259302,1
1,76.3157894737,488.421052632,33.1444941659,36.0579870312,1
