#item,x,y,dx,dy,label
0,236.842105263,352.631578947,42.784131306,53.8742674639,1
1,85.2631578947,422.631578947,42.784131306,53.8742674639,1
2,476.315789474,76.8421052632,51.7687988802,71.7066499944,1
3,427.894736842,426.842105263,41.513399822,42.3420597552,1
