#item,x,y,dx,dy,label
0,173.80952381,434.761904762,21.3101735847,22.0149192416,1
