#item,x,y,dx,dy,label
0,434.736842105,152.105263158,25.3176900673,26.1493244197,1
1,336.842105263,382.631578947,40.7743930304,37.9023736241,1
2,392.105263158,419.473684211,36.6969537273,37.9023736241,1
3,375.789473684,411.052631579,26.7520792672,30.7009226355,1
4,171.578947368,484.210526316,26.7520792672,30.7009226355,1
