#item,x,y,dx,dy,label
0,64.7058823529,103.529411765,33.8184867561,37.9684089875,1
1,328.823529412,41.1764705882,45.0124058724,45.4823571261,1
2,16.4705882353,312.941176471,29.5326394929,33.1566383449,1
3,50.5882352941,284.705882353,23.9214379892,26.8568770594,1
4,47.6470588235,349.411764706,23.9214379892,26.8568770594,1
5,33.5294117647,457.647058824,46.6161152662,39.3211537027,1
6,231.764705882,418.235294118,41.9545037396,43.2532690729,1
7,385.294117647,418.823529412,41.9545037396,52.3364555783,1
