#item,x,y,dx,dy,label
0,262.105263158,439.473684211,26.4417018872,29.6465323997,1
1,252.105263158,468.947368421,26.4417018872,29.6465323997,1
2,240.526315789,346.315789474,26.4417018872,29.6465323997,1
3,295.263157895,212.105263158,23.5595563815,29.6465323997,1
4,362.105263158,96.8421052632,25.9155120197,29.3500670757,1
5,366.315789474,57.8947368421,28.5070632216,35.5135811616,1
