#item,x,y,dx,dy,label
0,302.105263158,1.05263157895,38.4739679892,47.9301699431,1
1,402.105263158,2.63157894737,51.2088513936,46.9763595613,1
2,352.631578947,2.10526315789,41.4791696288,38.0508512446,1
3,253.157894737,1.57894736842,41.4791696288,50.6456830066,1
