#item,x,y,dx,dy,label
0,333.529411765,26.4705882353,27.1331280843,28.0998316308,1
1,278.823529412,1.76470588235,24.4198152759,25.2898484677,1
