#item,x,y,dx,dy,label
0,216.666666667,154.285714286,26.2767384672,29.6114114788,1
1,328.095238095,286.19047619,34.6245955109,39.0186607915,1
2,351.904761905,334.285714286,38.087055062,38.6284741836,1
3,416.666666667,435.714285714,38.087055062,38.6284741836,1
