#item,x,y,dx,dy,label
0,159.0,99.0,38.9350731329,46.1739208649,1
1,190.0,201.0,25.5453014825,30.2947094794,1
