#item,x,y,dx,dy,label
0,118.235294118,16.4705882353,33.8360494878,42.8285804462,1
