#item,x,y,dx,dy,label
0,451.538461538,445.384615385,34.6096472202,39.2491455108,1
1,418.461538462,448.461538462,34.6096472202,39.2491455108,1
2,392.307692308,436.923076923,28.0338142484,31.7918078638,1
