#item,x,y,dx,dy,label
0,157.333333333,268.0,34.5452199701,36.6924570763,1
1,379.333333333,398.666666667,31.0906979731,33.0232113687,1
2,417.368421053,45.7894736842,31.1169871133,34.2286858247,1
