#item,x,y,dx,dy,label
0,2.85714285714,158.571428571,48.8467808419,74.2663647837,1
1,341.904761905,49.5238095238,59.1046048187,66.8397283053,1
2,340.476190476,117.619047619,71.5165718307,80.067310537,1
3,349.047619048,273.80952381,63.7212655011,80.067310537,1
4,360.952380952,347.142857143,57.349138951,72.0605794833,1
5,204.285714286,363.333333333,51.6142250559,64.854521535,1
6,158.095238095,440.476190476,52.8652951829,59.474205701,1
