#item,x,y,dx,dy,label
0,3.75,73.75,43.2938332638,40.6382485931,1
1,153.75,60.625,42.8608949312,44.2550527179,1
2,286.875,125.625,47.1469844243,47.7118148857,1
3,45.0,130.625,34.0264501289,42.5112270631,1
4,122.5,0.625,44.8363130703,29.7695279058,1
5,468.75,147.5,29.1229339554,35.3043083035,1
