#item,x,y,dx,dy,label
0,380.666666667,157.333333333,34.9122829408,39.9385559724,1
1,376.0,174.0,20.4092004141,37.6013576437,1
2,405.333333333,173.333333333,16.3661378121,27.4113897223,1
3,317.333333333,166.0,26.3578286078,33.167781564,1
4,266.666666667,176.0,31.8929726154,40.1330156924,1
5,285.333333333,99.3333333333,31.8929726154,40.1330156924,1
6,310.0,107.333333333,31.8929726154,40.1330156924,1
7,6.66666666667,120.666666667,27.0239405605,34.005993849,1
