#item,x,y,dx,dy,label
0,26.0,36.6666666667,53.3013087184,56.614373391,1
1,191.333333333,272.666666667,56.321126931,59.8218953069,1
2,124.0,287.333333333,35.4962236594,37.7025725736,1
3,83.3333333333,282.666666667,31.9466012935,33.9323153163,1
4,15.3333333333,264.666666667,31.9466012935,33.9323153163,1
5,8.66666666667,370.0,38.6553875651,41.0581015327,1
6,392.631578947,325.789473684,30.4112370622,37.1692897427,1
