#item,x,y,dx,dy,label
0,295.714285714,115.714285714,33.1213412416,32.9236870171,1
1,230.0,182.380952381,40.0768229023,39.8376612907,1
2,201.904761905,137.619047619,36.0691406121,39.8376612907,1
