#item,x,y,dx,dy,label
0,290.0,21.7647058824,34.286585074,30.0973108571,1
