#item,x,y,dx,dy,label
0,286.666666667,338.666666667,32.1659607475,34.1653095585,1
1,188.666666667,302.0,32.1659607475,34.1653095585,1
2,165.333333333,348.666666667,38.9208125044,41.3400245658,1
3,115.333333333,208.666666667,35.028731254,37.2060221092,1
4,197.333333333,158.666666667,20.6841155182,21.9697839953,1
5,156.666666667,35.3333333333,20.6841155182,21.9697839953,1
6,4.66666666667,119.333333333,33.3119748832,35.3825568222,1
