#item,x,y,dx,dy,label
0,448.947368421,52.6315789474,53.2541300972,61.7944942228,1
1,135.789473684,15.7894736842,43.1358453787,36.4890308936,1
2,65.2631578947,64.7368421053,43.1358453787,40.137933983,1
