#item,x,y,dx,dy,label
0,455.294117647,165.294117647,40.0729838772,67.18531057,1
1,22.9411764706,263.529411765,40.0729838772,44.0802822649,1
