#item,x,y,dx,dy,label
0,339.0,59.0,33.315742398,36.9201251926,1
1,438.0,10.0,33.315742398,36.9201251926,1
2,246.0,233.0,40.3120483016,32.5668732311,1
3,142.0,302.0,21.4234752615,21.3671255269,1
4,127.0,387.0,41.7482925835,41.6384828922,1
