#item,x,y,dx,dy,label
0,80.0,188.571428571,46.4528025503,47.278946199,1
1,341.428571429,215.238095238,24.6869238401,25.1259704469,1
2,427.142857143,185.238095238,24.6869238401,33.4426666649,1
3,417.142857143,64.7619047619,43.7343914852,53.8597490904,1
4,451.428571429,156.666666667,48.1078306337,65.1702963994,1
