#item,x,y,dx,dy,label
0,372.857142857,289.523809524,35.9789002767,37.9744361497,1
