#item,x,y,dx,dy,label
0,421.904761905,408.571428571,34.1466626246,39.4525393565,1
1,455.238095238,341.904761905,27.658796726,31.9565568787,1
2,50.9523809524,415.238095238,24.8929170534,28.7609011909,1
3,95.2380952381,423.333333333,20.1632628132,23.2963299646,1
