#item,x,y,dx,dy,label
0,185.263157895,147.894736842,30.1829397236,39.7450384836,1
1,236.842105263,175.263157895,33.201233696,43.719542332,1
2,276.842105263,215.263157895,29.8811103264,35.4128292889,1
3,343.684210526,215.263157895,26.8929992937,31.87154636,1
4,344.210526316,210.0,26.8929992937,31.87154636,1
5,445.263157895,183.157894737,26.8929992937,31.87154636,1
6,434.210526316,169.473684211,29.5822992231,37.7971361308,1
