#item,x,y,dx,dy,label
0,167.647058824,367.058823529,29.6450506694,34.1555823945,1
1,341.764705882,244.117647059,26.149602745,30.740024155,1
