#item,x,y,dx,dy,label
0,77.1428571429,323.80952381,40.5695386254,71.7903656938,1
