#item,x,y,dx,dy,label
0,294.210526316,141.578947368,32.621156704,32.8953491429,1
