#item,x,y,dx,dy,label
0,276.315789474,438.947368421,27.0641533317,32.0851646631,1
