#item,x,y,dx,dy,label
0,393.636363636,52.7272727273,31.0859459797,37.9811693371,1
1,259.090909091,153.636363636,27.9773513817,34.1830524034,1
2,267.272727273,192.727272727,25.1796162435,30.764747163,1
