#item,x,y,dx,dy,label
0,190.476190476,298.571428571,35.787069101,41.7374364399,1
1,216.19047619,61.9047619048,32.2083621909,37.5636927959,1
2,35.7142857143,402.380952381,42.8693300761,54.9970026225,1
3,114.761904762,413.80952381,27.8453017883,35.7226980864,1
4,0.47619047619,376.666666667,37.0620966802,52.3016022683,1
