#item,x,y,dx,dy,label
0,370.526315789,110.526315789,32.7539520539,42.6992541425,1
1,358.421052632,60.5263157895,23.8776310473,31.1277562699,1
2,360.526315789,55.2631578947,23.8776310473,31.1277562699,1
3,438.421052632,25.2631578947,26.2653941521,37.6645850866,1
4,443.684210526,20.5263157895,26.2653941521,37.6645850866,1
5,36.3157894737,221.578947368,38.455163578,45.5741479548,1
