#item,x,y,dx,dy,label
0,251.052631579,78.9473684211,26.3119865818,28.7063228115,1
