#item,x,y,dx,dy,label
0,300.0,304.666666667,48.7477741123,44.7743706474,1
1,110.666666667,301.333333333,48.2602963711,44.7743706474,1
2,140.666666667,328.666666667,53.0863260082,48.759289635,1
3,300.666666667,440.666666667,46.8269173086,43.8833606715,1
