#item,x,y,dx,dy,label
0,222.0,363.333333333,40.5111652852,43.0292293586,1
1,194.0,314.0,40.5111652852,43.0292293586,1
2,166.0,272.666666667,40.5111652852,43.0292293586,1
3,236.666666667,282.666666667,40.5111652852,43.0292293586,1
4,274.0,223.333333333,40.5111652852,43.0292293586,1
5,409.333333333,204.666666667,49.018509995,52.0653675239,1
6,150.666666667,65.3333333333,49.018509995,52.0653675239,1
7,214.736842105,417.368421053,54.3829971045,54.9323203075,1
