#item,x,y,dx,dy,label
0,144.666666667,216.666666667,43.4280295722,52.2933011512,1
1,337.333333333,76.0,47.7708325294,57.5226312663,1
2,376.666666667,103.333333333,56.6524334842,60.1737949761,1
3,229.333333333,36.6666666667,40.0729838772,42.5638117837,1
