#item,x,y,dx,dy,label
0,186.19047619,406.666666667,26.2165935631,31.0140353332,1
1,222.380952381,318.571428571,21.2354407861,27.9126317999,1
2,214.761904762,341.428571429,21.2354407861,27.9126317999,1
3,230.952380952,332.857142857,21.2354407861,27.9126317999,1
4,170.476190476,341.904761905,21.2354407861,27.9126317999,1
5,3.80952380952,340.0,23.3589848647,30.7038949799,1
6,2.38095238095,428.571428571,21.0230863783,27.6335054819,1
