#item,x,y,dx,dy,label
0,401.904761905,182.380952381,35.2209388584,52.0116376231,1
1,393.80952381,37.1428571429,35.2209388584,42.1294264747,1
2,358.235294118,29.4117647059,33.604282031,39.6589255433,1
