#item,x,y,dx,dy,label
0,320.952380952,350.952380952,32.5058879249,34.6553499328,1
