#item,x,y,dx,dy,label
0,298.421052632,341.578947368,29.7754174715,30.5176420189,1
1,471.578947368,481.052631579,29.7754174715,30.5176420189,1
