#item,x,y,dx,dy,label
0,44.7058823529,270.588235294,38.7073786795,46.6089903225,1
1,114.117647059,131.176470588,34.8366408115,41.9480912903,1
2,132.941176471,143.529411765,34.8366408115,41.9480912903,1
3,379.411764706,175.882352941,42.152335382,55.8329095074,1
