#item,x,y,dx,dy,label
0,341.428571429,287.142857143,56.0262025496,58.5226385855,1
1,438.095238095,309.523809524,56.0262025496,70.8123926885,1
2,421.904761905,373.333333333,50.4235822947,63.7311534197,1
3,452.380952381,442.380952381,44.0333563293,55.6544469887,1
