#item,x,y,dx,dy,label
0,128.823529412,310.0,54.6666992463,54.9328698869,1
1,54.7058823529,372.941176471,29.0521253141,29.1935793056,1
2,108.235294118,122.352941176,42.5352166724,51.7182065482,1
3,276.470588235,120.588235294,46.7887383397,46.5463858934,1
4,385.294117647,152.941176471,42.1098645057,55.7579156617,1
5,411.764705882,479.411764706,42.1098645057,19.4415830561,1
