#item,x,y,dx,dy,label
0,350.0,117.5,28.2199980753,41.407676733,1
1,265.625,6.875,28.2199980753,45.5484444063,1
2,295.625,1.875,37.5608174383,29.884334375,1
3,170.0,176.875,35.7199636499,52.9419212897,1
4,150.0,171.875,25.7794549658,34.7351945581,1
5,35.625,155.625,31.1931405086,37.8266268738,1
6,64.375,306.875,34.3124545595,50.3472403691,1
7,448.125,185.625,14.7703865825,21.6728360929,1
