#item,x,y,dx,dy,label
0,197.142857143,220.0,35.8779158244,32.2103892126,1
1,13.3333333333,78.0952380952,32.290124242,35.4314281339,1
2,195.714285714,464.761904762,52.0035679929,35.4314281339,1
3,259.047619048,39.5238095238,34.1195409602,35.4314281339,1
4,153.529411765,1.76470588235,37.9753641839,40.1268816446,1
