#item,x,y,dx,dy,label
0,98.125,318.125,37.2355620962,37.1405790319,1
1,355.0,256.875,37.2355620962,37.1405790319,1
2,483.125,427.5,17.1078824954,50.6834037381,1
3,324.210526316,280.0,31.8666750195,36.1263306686,1
4,291.052631579,80.0,25.8120067658,29.2623278416,1
