#item,x,y,dx,dy,label
0,54.2857142857,70.0,26.7039933011,34.7496881607,1
