#item,x,y,dx,dy,label
0,330.0,315.789473684,25.3277342291,26.477265715,1
1,92.6315789474,252.105263158,30.6465584173,29.1249922865,1
2,201.052631579,355.263157895,27.5819025755,29.1249922865,1
3,131.052631579,398.947368421,30.3400928331,35.2412406667,1
4,412.105263158,269.473684211,27.0330227143,34.88882826,1
