#item,x,y,dx,dy,label
0,436.666666667,282.857142857,35.1757631304,31.5800122511,1
