#item,x,y,dx,dy,label
0,371.052631579,86.8421052632,41.0367901671,50.1055417697,1
1,444.736842105,212.105263158,54.0737680353,54.5649349872,1
2,305.789473684,287.368421053,43.7997521086,54.5649349872,1
3,345.263157895,288.947368421,42.9281370416,53.4790927809,1
4,435.263157895,332.631578947,42.9281370416,53.4790927809,1
5,472.631578947,321.578947368,42.9281370416,53.4790927809,1
6,488.947368421,383.684210526,34.4240730937,38.9862586373,1
7,1.05263157895,417.894736842,22.8947534006,27.9824763785,1
