#item,x,y,dx,dy,label
0,71.1764705882,119.411764706,28.3594046877,27.3929742725,1
1,83.5294117647,142.352941176,25.5234642189,27.3929742725,1
