#item,x,y,dx,dy,label
0,332.631578947,333.157894737,24.8108274746,40.7420071595,1
