#item,x,y,dx,dy,label
0,156.666666667,113.333333333,42.7771966079,45.4468442574,1
1,248.095238095,134.761904762,42.3494246418,45.4468442574,1
2,284.761904762,212.380952381,37.7333373559,40.9021598316,1
3,352.380952381,234.285714286,37.7333373559,40.9021598316,1
4,390.952380952,77.1428571429,37.7333373559,40.4931382333,1
5,449.047619048,14.7619047619,22.2811583753,29.5194977721,1
6,386.666666667,362.857142857,29.0660629837,38.5085715491,1
7,451.052631579,417.894736842,34.8952193272,35.2476962901,1
8,393.157894737,457.368421053,31.4056973944,31.7229266611,1
