#item,x,y,dx,dy,label
0,86.3157894737,364.210526316,47.7927435291,54.9396018958,1
1,134.210526316,364.736842105,43.0134691762,44.5010775356,1
2,415.263157895,463.157894737,69.273622243,53.3078407799,1
3,44.2105263158,417.894736842,61.7227974185,64.5024873436,1
4,1.57894736842,377.368421053,32.8020251829,62.586698967,1
5,1.57894736842,435.263157895,32.8020251829,62.586698967,1
6,43.6842105263,483.157894737,47.5451906196,21.4925015203,1
7,201.052631579,153.684210526,41.9391371936,27.7568772871,1
8,227.368421053,128.947368421,41.9391371936,27.7568772871,1
