#item,x,y,dx,dy,label
0,132.631578947,349.473684211,43.3321898803,40.7826904345,1
1,201.052631579,394.210526316,43.3321898803,54.2817609683,1
2,234.210526316,292.631578947,47.1887547796,48.8535848715,1
3,243.684210526,326.842105263,45.7872015739,43.0932586793,1
4,210.526315789,265.789473684,36.3495893727,41.3952123452,1
5,253.684210526,255.789473684,43.983003141,50.0882069377,1
6,306.315789474,457.368421053,31.7429731969,36.149159829,1
7,365.263157895,155.263157895,42.249897325,48.1145317324,1
8,178.947368421,156.842105263,30.80017515,35.0754936329,1
