#item,x,y,dx,dy,label
0,361.904761905,280.476190476,27.6630248237,30.3848016182,1
1,383.333333333,382.857142857,27.6630248237,30.3848016182,1
2,474.285714286,342.857142857,24.8967223414,30.3848016182,1
3,465.238095238,301.428571429,20.1663450965,24.6116893107,1
4,271.428571429,449.047619048,22.1829796062,27.0728582418,1
5,289.047619048,439.047619048,22.1829796062,27.0728582418,1
6,278.095238095,462.380952381,22.1829796062,27.0728582418,1
