#item,x,y,dx,dy,label
0,55.2380952381,275.714285714,41.988003171,52.0132142436,1
1,28.0952380952,38.5714285714,46.1868034881,42.1307035373,1
