#item,x,y,dx,dy,label
0,89.0,81.0,42.0186278536,51.874849202,1
1,300.0,59.0,37.8167650683,46.6873642818,1
2,278.0,31.0,41.5984415751,51.35610071,1
3,245.0,21.0,33.6947376758,41.5984415751,1
4,453.0,172.0,33.0242123961,40.7706325877,1
5,478.0,191.0,33.0242123961,54.2657119743,1
6,284.0,476.0,33.0242123961,35.6037336263,1
7,105.555555556,5.0,41.3551715962,45.0357818683,1
