#item,x,y,dx,dy,label
0,381.176470588,244.705882353,28.2979602454,28.8628233003,1
1,388.235294118,269.411764706,31.1277562699,31.4316145741,1
2,412.941176471,440.0,34.2405318969,38.0322536346,1
3,396.470588235,10.5882352941,30.5083139201,27.4482577706,1
4,68.8235294118,171.176470588,26.9110786258,26.902037441,1
