#item,x,y,dx,dy,label
0,25.8823529412,118.235294118,28.6686118214,55.8670140896,1
1,200.0,1.17647058824,41.9737145677,55.8670140896,1
2,269.411764706,424.705882353,37.7763431109,73.6154057957,1
