#item,x,y,dx,dy,label
0,42.6666666667,308.666666667,44.8915672348,47.6819052036,1
1,446.842105263,278.421052632,27.457207828,33.897787442,1
2,481.052631579,282.105263158,17.8345273154,37.2875661862,1
