#item,x,y,dx,dy,label
0,130.769230769,213.846153846,27.6375673619,32.6281213916,1
1,342.307692308,325.384615385,33.4414565079,39.4800268838,1
2,150.0,409.230769231,26.548536934,31.3424432226,1
3,293.846153846,398.461538462,19.3538834249,27.6468557422,1
4,313.846153846,392.307692308,19.3538834249,24.882170168,1
5,450.0,466.923076923,25.7600188385,29.8063516442,1
