#item,x,y,dx,dy,label
0,1.17647058824,42.3529411765,29.5263127632,69.5981106051,1
1,30.0,33.5294117647,38.9065270649,45.663320368,1
2,394.705882353,26.4705882353,28.3628582303,33.2885605483,1
