#item,x,y,dx,dy,label
0,115.333333333,206.666666667,48.5209076837,56.6905191639,1
1,126.315789474,231.578947368,39.878416064,42.9933191428,1
