#item,x,y,dx,dy,label
0,314.210526316,182.631578947,37.3620598398,46.1105030734,1
1,16.8421052632,353.157894737,79.2880044573,98.8419584117,1
2,483.684210526,318.421052632,52.0208597245,47.2758022982,1
3,450.0,280.526315789,22.3932743474,27.9158884991,1
4,470.0,208.947368421,43.6381566457,59.8401862078,1
