#item,x,y,dx,dy,label
0,34.7058823529,96.4705882353,39.8654171417,54.1382208098,1
1,116.470588235,112.352941176,32.2909878848,43.8519588559,1
