#item,x,y,dx,dy,label
0,176.0,228.0,46.4181763,54.6374693288,1
1,147.0,276.0,37.598722803,44.2563501563,1
2,251.0,311.0,37.222735575,53.5501836891,1
3,359.0,305.0,37.222735575,53.5501836891,1
4,327.0,364.0,30.1504158157,43.3756487882,1
5,287.0,417.0,29.550422541,47.2360815303,1
6,233.0,390.0,29.550422541,47.2360815303,1
