#item,x,y,dx,dy,label
0,190.476190476,228.571428571,40.6116869887,45.4979100161,1
1,385.714285714,235.714285714,44.6728556876,50.0477010177,1
2,382.857142857,77.619047619,32.2408466783,36.1199263015,1
3,382.352941176,0.588235294118,28.5218676068,29.8364135284,1
