#item,x,y,dx,dy,label
0,417.894736842,259.473684211,50.0627093167,68.961133743,1
1,433.684210526,173.157894737,50.0627093167,68.961133743,1
2,0.526315789474,166.842105263,36.4957150919,50.2726664986,1
3,157.894736842,467.894736842,57.6070575018,54.1994644788,1
4,112.631578947,303.157894737,41.9955449188,59.6194109267,1
