#item,x,y,dx,dy,label
0,406.842105263,83.1578947368,34.7293416562,29.0548049108,1
1,373.157894737,15.2631578947,34.7293416562,29.0548049108,1
2,336.315789474,23.6842105263,25.3176900673,26.1493244197,1
