#item,x,y,dx,dy,label
0,413.0,170.0,22.8563200364,24.769928426,1
1,391.0,214.0,20.5706880328,22.2929355834,1
2,309.0,264.0,27.3795857717,29.6718972615,1
3,396.0,334.0,22.177464475,24.0342367818,1
4,386.0,370.0,22.177464475,24.0342367818,1
5,366.0,345.0,22.177464475,24.0342367818,1
6,358.0,335.0,22.177464475,24.0342367818,1
