#item,x,y,dx,dy,label
0,333.80952381,257.619047619,32.2073858935,84.2863252512,1
1,328.095238095,323.333333333,25.827102748,49.7702321976,1
2,374.761904762,281.904761905,34.3758737576,66.244179055,1
