#item,x,y,dx,dy,label
0,105.625,212.5,23.3774475242,24.8794160917,1
1,166.875,438.75,34.2269209202,32.7833577899,1
2,278.75,56.875,23.9682396358,23.8990678288,1
