#item,x,y,dx,dy,label
0,136.666666667,356.19047619,40.4976993756,41.4186229832,1
1,56.1904761905,466.19047619,40.4976993756,33.5490846164,1
2,2.38095238095,349.523809524,23.9134865043,33.5490846164,1
3,294.761904762,444.285714286,38.51290915,44.6538316244,1
