#item,x,y,dx,dy,label
0,11.3333333333,28.0,64.1820827705,68.1714668242,1
1,162.631578947,128.947368421,28.2079166896,34.1315791944,1
2,277.894736842,17.3684210526,30.718421275,37.5447371138,1
