#item,x,y,dx,dy,label
0,418.571428571,121.904761905,38.1149704528,52.4087440577,1
1,458.095238095,136.666666667,37.7338207483,51.8846566172,1
2,418.823529412,2.94117647059,53.4268290221,36.668917949,1
