#item,x,y,dx,dy,label
0,425.263157895,4.21052631579,27.4977820039,24.7064593927,1
1,382.631578947,457.894736842,33.2723162247,32.8842974517,1
