#item,x,y,dx,dy,label
0,296.0,136.666666667,39.3007439065,41.7435714726,1
1,248.0,188.666666667,39.3007439065,41.7435714726,1
2,422.0,7.33333333333,35.0169628207,37.1935221821,1
3,458.0,2.66666666667,38.5186591028,40.9128744003,1
4,216.666666667,107.333333333,28.0801024859,29.8254854378,1
5,200.666666667,127.333333333,33.976924008,36.0888373797,1
6,32.0,139.333333333,33.976924008,36.0888373797,1
7,76.0,56.6666666667,33.976924008,36.0888373797,1
8,259.333333333,86.6666666667,33.976924008,36.0888373797,1
