#item,x,y,dx,dy,label
0,286.19047619,90.0,25.8981938896,30.786543394,1
1,332.857142857,103.80952381,23.3083745006,27.7078890546,1
