#item,x,y,dx,dy,label
0,344.666666667,88.0,31.9885994912,33.976924008,1
1,382.0,31.3333333333,31.9885994912,33.976924008,1
2,301.333333333,8.0,35.1874594403,37.3746164088,1
3,427.333333333,332.666666667,38.7062053844,41.1120780497,1
4,462.0,328.0,46.36616343,49.2481582957,1
5,424.666666667,376.0,27.3787558438,29.080544992,1
6,388.0,300.0,48.5031360813,51.5179593666,1
7,282.631578947,2.10526315789,34.9119336586,38.4031270245,1
