#item,x,y,dx,dy,label
0,163.529411765,230.588235294,47.408831429,56.4968776299,1
1,134.117647059,252.352941176,57.364686029,56.4968776299,1
2,184.117647059,263.529411765,37.6369705037,45.7624708802,1
3,361.764705882,404.705882353,45.5407343094,55.372589765,1
