#item,x,y,dx,dy,label
0,336.0,146.0,34.1830524034,36.3077781567,1
1,92.6666666667,71.3333333333,33.5028096606,35.5852533714,1
2,247.333333333,398.0,51.3121992234,54.5016262489,1
3,1.33333333333,282.0,41.562881371,44.1463172616,1
4,252.666666667,481.333333333,41.562881371,44.1463172616,1
5,422.631578947,100.0,30.2435512514,30.5490416681,1
