#item,x,y,dx,dy,label
0,334.210526316,166.315789474,34.5399399774,38.3390433585,1
1,433.157894737,44.2105263158,34.5399399774,38.3390433585,1
2,361.578947368,318.421052632,34.5399399774,38.3390433585,1
3,407.894736842,440.526315789,37.9939339752,42.1729476944,1
4,43.1578947368,402.631578947,30.7750865199,34.1600876324,1
5,287.894736842,71.5789473684,24.9278200811,27.6696709823,1
