#item,x,y,dx,dy,label
0,15.7894736842,196.315789474,38.0888472432,45.8487849077,1
