#item,x,y,dx,dy,label
0,42.1052631579,414.210526316,66.3085916207,63.8340735955,1
