#item,x,y,dx,dy,label
0,70.4761904762,382.857142857,56.8572539406,60.3232454372,1
1,56.6666666667,430.952380952,56.8572539406,65.6920142811,1
2,317.619047619,344.761904762,46.0543756919,65.6920142811,1
3,343.333333333,275.714285714,46.0543756919,53.2105315677,1
4,452.380952381,221.428571429,46.0543756919,77.9055392683,1
