#item,x,y,dx,dy,label
0,90.7142857143,67.8571428571,43.1244,43.1244,1
1,111.428571429,100.0,28.29391884,28.29391884,1
2,168.571428571,325.0,37.2826139163,45.1119628387,1
3,204.285714286,450.714285714,33.5543525247,36.5406898993,1
4,258.571428571,375.714285714,27.179025545,36.5406898993,1
5,287.857142857,355.714285714,46.7192192645,57.6780484746,1
6,300.714285714,340.0,37.8425676042,42.047297338,1
7,336.428571429,324.285714286,24.8285086051,30.6524797594,1
8,421.578947368,392.105263158,32.2102,35.43122,1
