#item,x,y,dx,dy,label
0,94.7619047619,204.761904762,28.5341865178,40.899369354,1
