#item,x,y,dx,dy,label
0,117.142857143,141.904761905,89.7935571319,114.637858268,1
1,419.047619048,142.380952381,65.4595031492,83.5709986776,1
2,420.0,402.380952381,65.4595031492,83.5709986776,1
3,451.428571429,188.095238095,46.7703502376,101.1209084,1
