#item,x,y,dx,dy,label
0,93.0769230769,377.692307692,41.7167919292,45.9038932309,1
1,191.538461538,415.384615385,33.7906014627,45.9038932309,1
2,403.076923077,353.846153846,24.3870149816,30.1175443488,1
3,75.3846153846,346.153846154,32.4591169406,40.0864515283,1
