#item,x,y,dx,dy,label
0,470.0,104.761904762,29.8401763948,49.183788745,1
