#item,x,y,dx,dy,label
0,146.19047619,93.3333333333,46.6462062239,50.9532353651,1
1,0.952380952381,454.285714286,56.4419095309,45.8579118286,1
