#item,x,y,dx,dy,label
0,140.0,398.0,39.1015989651,42.0449432451,1
1,431.0,216.0,31.6722951618,34.0564040286,1
2,447.0,126.0,36.8133792355,39.584479448,1
3,279.0,207.0,39.6888722876,52.6869421453,1
