#item,x,y,dx,dy,label
0,234.761904762,323.80952381,35.1800739109,30.8468055321,1
1,37.1428571429,472.380952381,18.6961336593,22.4873212329,1
