#item,x,y,dx,dy,label
0,24.2105263158,88.9473684211,39.3532093032,47.3548237462,1
1,237.894736842,158.421052632,28.688489582,34.521666511,1
