#item,x,y,dx,dy,label
0,322.0,226.0,35.6690537868,41.2441510343,1
1,117.0,434.0,39.2359591654,45.3685661377,1
2,479.0,319.0,28.6030142316,33.0736847144,1
