#item,x,y,dx,dy,label
0,53.3333333333,297.333333333,26.4279772201,28.0706685498,1
1,220.0,229.473684211,22.2253968934,24.4479365827,1
2,199.473684211,250.0,22.2253968934,24.4479365827,1
