#item,x,y,dx,dy,label
0,36.6666666667,37.619047619,20.4660981616,19.5423317041,1
1,207.619047619,148.571428571,20.4660981616,19.5423317041,1
2,221.904761905,130.0,24.7639787755,26.0108434981,1
3,218.571428571,40.9523809524,24.7639787755,26.0108434981,1
4,285.714285714,38.5714285714,29.9644143184,28.6119278479,1
