#item,x,y,dx,dy,label
0,471.052631579,194.736842105,28.453996177,32.0796092006,1
1,315.263157895,263.157894737,34.4293353742,38.8163271327,1
2,60.0,435.263157895,41.6594958028,62.5140830106,1
