#item,x,y,dx,dy,label
0,8.125,349.375,27.2766432767,33.066140424,1
1,50.0,306.25,30.0043076044,40.010029913,1
2,60.625,295.0,24.3034891596,32.4081242295,1
3,35.625,148.75,29.4072218831,35.292447286,1
4,154.375,80.0,23.8198497253,31.7632025574,1
5,206.875,21.875,26.2018346978,31.7632025574,1
6,174.375,80.625,21.2234861052,25.7281940715,1
7,183.75,86.875,21.2234861052,25.7281940715,1
8,469.375,343.125,25.6804181873,37.66864894,1
9,258.75,136.25,25.6804181873,37.2919624506,1
