#item,x,y,dx,dy,label
0,78.0952380952,295.238095238,50.1532151284,54.009709261,1
1,87.1428571429,334.761904762,45.1378936156,48.6087383349,1
2,125.238095238,370.952380952,64.123558172,75.9597205733,1
3,315.238095238,320.0,77.5895053881,91.9112618938,1
4,377.647058824,11.7647058824,60.4464647818,71.3373921788,1
