#item,x,y,dx,dy,label
0,79.3333333333,99.3333333333,54.0655032421,57.426068172,1
1,84.6666666667,34.0,54.0655032421,57.426068172,1
2,428.0,136.0,54.0655032421,57.426068172,1
3,236.666666667,297.333333333,54.0655032421,57.426068172,1
4,49.3333333333,283.333333333,54.0655032421,57.426068172,1
5,201.333333333,308.0,48.1723633887,51.1666267412,1
6,431.333333333,70.0,48.1723633887,51.1666267412,1
7,45.2631578947,20.5263157895,50.7225834328,51.7524573338,1
