#item,x,y,dx,dy,label
0,232.857142857,309.047619048,35.9789002767,45.9490677412,1
1,239.047619048,366.19047619,32.381010249,41.3541609671,1
2,391.904761905,310.476190476,52.1499408162,66.6012897791,1
3,201.428571429,157.142857143,30.7940185525,39.3273956016,1
