#item,x,y,dx,dy,label
0,205.238095238,283.80952381,26.9679728865,25.7507350631,1
1,344.761904762,448.095238095,21.8440580381,23.1756615568,1
2,346.19047619,466.19047619,21.8440580381,23.1756615568,1
