#item,x,y,dx,dy,label
0,306.842105263,64.7368421053,28.8857663936,31.0897555542,1
1,187.368421053,49.4736842105,31.7743430329,37.6186042206,1
2,285.263157895,205.263157895,31.1420336066,37.2424181784,1
3,2.63157894737,285.789473684,50.1545565437,59.9792869005,1
4,234.736842105,406.842105263,49.6530109783,53.9813582105,1
5,211.052631579,391.052631579,40.2189388924,53.4415446284,1
6,187.894736842,454.736842105,48.6649160598,53.4415446284,1
7,282.631578947,137.894736842,35.4767238076,28.4010279188,1
