#item,x,y,dx,dy,label
0,45.8823529412,130.0,64.4906239147,66.0982092389,1
1,19.4117647059,125.294117647,38.0810685154,53.5395494835,1
2,178.235294118,49.4117647059,41.889175367,53.0041539886,1
3,428.823529412,251.176470588,37.7002578303,42.9333647308,1
4,287.647058824,383.529411765,27.4834879583,34.776025432,1
