#item,x,y,dx,dy,label
0,361.176470588,257.647058824,28.0809536737,29.826389533,1
