#item,x,y,dx,dy,label
0,392.941176471,355.882352941,33.7318061803,39.1940202459,1
1,408.823529412,275.882352941,40.8154854782,35.2746182213,1
2,424.705882353,244.705882353,29.7544889136,35.2746182213,1
