#item,x,y,dx,dy,label
0,57.1428571429,140.476190476,38.1510992149,41.9188854006,1
