#item,x,y,dx,dy,label
0,80.5882352941,340.588235294,38.6553875651,42.7136044254,1
1,137.058823529,382.941176471,46.3052887642,56.8518074903,1
2,89.4117647059,431.764705882,61.6323393452,62.5369882393,1
3,220.0,354.705882353,49.9221948696,56.2832894154,1
4,237.058823529,329.411764706,49.9221948696,56.2832894154,1
5,465.294117647,28.2352941176,32.753952054,45.5894644264,1
6,444.705882353,433.529411765,26.5307011637,29.9112476102,1
