#item,x,y,dx,dy,label
0,133.80952381,434.761904762,50.144029556,58.7860444165,1
1,267.142857143,375.238095238,50.144029556,52.9074399748,1
2,335.238095238,360.0,26.6485932113,34.7125713675,1
3,442.857142857,396.19047619,35.4692775642,42.0022113547,1
