#item,x,y,dx,dy,label
0,58.4210526316,342.105263158,21.3166132737,23.0470382821,1
1,146.842105263,329.473684211,34.3306188434,37.1174856238,1
2,237.368421053,455.789473684,34.3306188434,37.1174856238,1
3,359.473684211,438.947368421,27.8078012632,33.0716796908,1
4,398.421052632,444.736842105,20.2718871208,33.0716796908,1
5,381.578947368,451.578947368,26.9818817578,33.0716796908,1
