#item,x,y,dx,dy,label
0,344.0,75.0,24.4810637383,29.6320424571,1
