#item,x,y,dx,dy,label
0,348.75,1.875,26.2106405598,25.7368407533,1
1,309.375,6.875,21.2306188535,20.8468410101,1
2,265.0,86.875,23.3536807388,22.9315251112,1
3,350.625,247.5,23.1201439314,25.2246776223,1
4,378.125,237.5,25.4321583246,27.7471453845,1
5,210.0,226.875,27.975374157,30.521859923,1
6,144.375,107.5,16.519178686,18.0228530659,1
7,455.625,468.125,18.1710965546,19.8251383725,1
8,453.125,55.0,21.987026831,23.9884174307,1
