#item,x,y,dx,dy,label
0,38.5714285714,259.285714286,32.6485542812,42.3840997511,1
1,247.857142857,266.428571429,26.4453289678,34.3311207984,1
2,265.714285714,252.142857143,26.1808756781,30.8980087186,1
3,155.454545455,20.9090909091,30.5934107925,27.4355793768,1
4,1.81818181818,159.545454545,30.2874766846,33.1970510459,1
5,0.909090909091,11.3636363636,27.6681323341,27.5691624509,1
