#item,x,y,dx,dy,label
0,206.19047619,102.857142857,27.2262374307,30.8204363063,1
1,220.952380952,119.523809524,24.5036136877,27.7383926756,1
