#item,x,y,dx,dy,label
0,126.470588235,304.117647059,23.0237993064,23.9601912483,1
1,99.4117647059,446.470588235,23.0237993064,23.9601912483,1
