#item,x,y,dx,dy,label
0,125.263157895,295.789473684,25.2047595618,30.8058172422,1
1,210.526315789,248.421052632,20.4158552451,24.9527119662,1
2,381.052631579,273.684210526,20.4158552451,24.9527119662,1
3,340.526315789,297.894736842,20.4158552451,24.9527119662,1
4,187.368421053,298.421052632,27.1735033312,29.8908536643,1
