#item,x,y,dx,dy,label
0,310.476190476,348.095238095,33.6979656596,38.7324538948,1
1,139.523809524,460.0,37.0677622256,38.7324538948,1
2,398.571428571,89.0476190476,24.3201587962,25.4123630004,1
3,473.333333333,87.619047619,26.7521746758,37.2062406688,1
4,405.294117647,1.76470588235,29.5182052163,29.5182052163,1
