#item,x,y,dx,dy,label
0,294.117647059,397.058823529,31.526813767,32.4918543325,1
