#item,x,y,dx,dy,label
0,36.875,165.625,31.0733060067,41.0211586957,1
1,88.75,206.25,31.0733060067,41.0211586957,1
2,67.5,235.625,31.0733060067,41.0211586957,1
3,1.875,183.75,16.5136288175,41.0211586957,1
4,0.625,299.375,16.5136288175,41.0211586957,1
5,126.25,416.25,21.9796399561,32.8948671581,1
6,166.25,450.0,24.1776039517,39.8027892613,1
