#item,x,y,dx,dy,label
0,134.0,344.0,44.242173847,46.9921472855,1
1,136.666666667,380.666666667,44.242173847,46.9921472855,1
2,117.333333333,475.333333333,25.3486356417,26.9242380286,1
3,268.947368421,385.789473684,40.0187581302,42.2860453235,1
4,357.894736842,320.526315789,40.0187581302,42.2860453235,1
