#item,x,y,dx,dy,label
0,88.5714285714,304.285714286,34.5780883237,38.9531602652,1
