#item,x,y,dx,dy,label
0,168.421052632,358.421052632,46.6531704727,49.9359451777,1
1,210.0,93.6842105263,46.186638768,44.4929271534,1
