#item,x,y,dx,dy,label
0,333.0,67.0,45.0243783396,37.1123567158,1
1,386.0,81.0,40.5219405056,33.4011210442,1
2,263.0,224.0,40.5219405056,40.4153564635,1
3,130.0,213.0,32.8227718096,32.7364387354,1
4,152.0,368.0,26.5864451657,32.7364387354,1
5,468.0,252.0,32.1695986505,39.6110908698,1
