#item,x,y,dx,dy,label
0,88.4210526316,312.631578947,26.4732188521,27.6933444889,1
