#item,x,y,dx,dy,label
0,154.736842105,82.6315789474,72.5749371496,74.2591752981,1
1,173.157894737,170.0,65.3174434347,66.8332577683,1
