#item,x,y,dx,dy,label
0,102.0,198.0,43.6724319319,42.6907657476,1
1,255.0,345.0,42.3753170311,51.139268289,1
2,354.0,445.0,38.137785328,46.0253414601,1
3,458.0,20.0,38.137785328,46.0253414601,1
4,260.0,176.111111111,41.3551715962,41.7729006022,1
