#item,x,y,dx,dy,label
0,183.80952381,214.761904762,19.5978857175,24.0263032527,1
1,63.3333333333,370.952380952,19.5978857175,24.0263032527,1
2,92.8571428571,426.666666667,19.5978857175,24.0263032527,1
3,407.619047619,163.333333333,19.5978857175,24.0263032527,1
4,10.9523809524,63.8095238095,23.7134417182,29.0718269358,1
