#item,x,y,dx,dy,label
0,134.666666667,106.0,47.9462782221,50.9264887344,1
1,202.105263158,274.210526316,31.6161933556,37.4943076405,1
2,401.052631579,316.315789474,34.7778126912,41.2437384045,1
3,58.9473684211,5.26315789474,34.7778126912,41.2437384045,1
