#item,x,y,dx,dy,label
0,48.5714285714,459.047619048,46.085336625,38.6284741836,1
1,267.619047619,257.619047619,46.085336625,46.7404537622,1
2,273.333333333,317.619047619,41.4768029625,46.7404537622,1
3,313.333333333,321.904761905,41.4768029625,46.7404537622,1
4,294.761904762,198.095238095,41.4768029625,46.7404537622,1
5,252.380952381,155.714285714,41.4768029625,46.7404537622,1
6,377.619047619,116.19047619,41.4768029625,46.7404537622,1
7,376.666666667,249.523809524,33.5962103996,37.8597675474,1
8,426.19047619,244.761904762,36.9558314396,41.6457443021,1
