#item,x,y,dx,dy,label
0,48.0,313.333333333,23.191105606,24.6326017821,1
1,97.3333333333,338.666666667,23.191105606,24.6326017821,1
2,222.0,358.0,23.191105606,24.6326017821,1
3,280.666666667,260.666666667,28.0612377832,29.8054481564,1
4,339.333333333,336.0,30.8673615615,32.785992972,1
5,403.333333333,159.333333333,30.8673615615,32.785992972,1
6,272.666666667,14.0,22.5023065784,23.9009888766,1
7,251.333333333,5.33333333333,22.5023065784,23.9009888766,1
