#item,x,y,dx,dy,label
0,160.588235294,206.470588235,36.3421658464,51.3607978453,1
