#item,x,y,dx,dy,label
0,120.476190476,79.0476190476,45.244189732,41.0846995812,1
1,248.571428571,80.9523809524,36.2813157461,41.0846995812,1
2,6.47058823529,215.294117647,32.1345257711,37.169661609,1
3,176.470588235,361.764705882,38.8827761831,44.9752905468,1
4,410.588235294,204.705882353,22.9598905084,26.557459315,1
