#item,x,y,dx,dy,label
0,233.333333333,60.6666666667,28.009849693,29.750865922,1
1,217.333333333,55.3333333333,33.8919181285,35.9985477656,1
2,246.0,36.6666666667,37.2811099414,39.5984025421,1
3,394.0,262.0,58.8467725243,62.5045281749,1
4,423.333333333,263.333333333,58.8467725243,62.5045281749,1
5,63.6842105263,120.526315789,28.1511031634,31.5949530454,1
6,85.2631578947,66.8421052632,34.0628348277,34.4069038664,1
7,303.684210526,416.842105263,34.0628348277,34.4069038664,1
8,265.263157895,461.578947368,37.4691183105,34.4069038664,1
