#item,x,y,dx,dy,label
0,252.0,156.666666667,40.5445966443,43.0647387203,1
1,219.333333333,149.333333333,32.8411232819,34.8824383634,1
2,293.333333333,90.0,34.3547396154,36.4901369798,1
3,370.526315789,24.7368421053,28.1416453736,30.9558099109,1
