#item,x,y,dx,dy,label
0,143.333333333,214.761904762,50.0858501548,88.6300811034,1
1,277.142857143,295.714285714,45.0772651393,79.7670729931,1
