#item,x,y,dx,dy,label
0,380.0,194.285714286,49.5136464596,61.1074217278,1
1,407.142857143,162.857142857,36.0954482691,53.9022456319,1
