#item,x,y,dx,dy,label
0,46.6666666667,244.761904762,36.2768700252,37.4765771272,1
1,22.380952381,266.19047619,32.6491830226,33.7289194145,1
2,38.5714285714,284.285714286,35.9141013249,37.1018113559,1
3,55.2380952381,309.047619048,35.9141013249,37.1018113559,1
4,236.666666667,108.571428571,23.5632418793,24.3424984306,1
5,254.285714286,124.761904762,37.948836679,39.2038371475,1
6,328.235294118,3.52941176471,39.1377958587,37.2196544366,1
