#item,x,y,dx,dy,label
0,376.842105263,112.631578947,32.9184614911,35.4539646035,1
1,261.052631579,182.105263158,29.626615342,28.7177113288,1
2,265.789473684,232.105263158,29.626615342,28.7177113288,1
