#item,x,y,dx,dy,label
0,415.0,242.0,20.3157122451,22.9707583549,1
