#item,x,y,dx,dy,label
0,306.875,0.0,32.1587715117,30.03993274,1
1,286.875,16.25,35.3746486629,39.9831504769,1
