#item,x,y,dx,dy,label
0,85.2631578947,7.89473684211,26.3119865818,31.5769550927,1
