#item,x,y,dx,dy,label
0,204.666666667,333.333333333,26.6419678396,28.2979602454,1
1,268.0,461.333333333,26.238930273,27.8698709577,1
2,289.333333333,54.0,23.3788868733,24.8320550233,1
3,274.210526316,400.526315789,29.0615983448,36.2409257324,1
4,453.684210526,407.368421053,29.0615983448,36.2409257324,1
5,463.684210526,387.368421053,31.9677581793,39.8650183056,1
6,292.631578947,455.789473684,28.7709823614,35.8785164751,1
