#item,x,y,dx,dy,label
0,315.789473684,251.578947368,18.8478341155,19.1244855046,1
1,104.736842105,104.736842105,22.8058792798,23.1406274605,1
