#item,x,y,dx,dy,label
0,173.684210526,77.8947368421,41.2781872812,42.0738671145,1
1,324.736842105,132.105263158,27.0826186752,27.6046642138,1
2,333.157894737,96.3157894737,29.7908805427,33.4016436987,1
3,395.263157895,163.157894737,29.7908805427,33.4016436987,1
4,424.210526316,267.368421053,29.7908805427,33.4016436987,1
5,440.0,298.421052632,24.1306132396,27.0553313959,1
6,476.842105263,273.157894737,21.7175519156,27.0553313959,1
7,372.631578947,117.894736842,26.2782378179,29.7608645355,1
