#item,x,y,dx,dy,label
0,124.666666667,377.333333333,50.7649495249,53.9203609946,1
1,299.333333333,413.333333333,55.2830300326,58.7192731231,1
2,410.666666667,77.3333333333,32.644076404,34.6731435864,1
