#item,x,y,dx,dy,label
0,365.238095238,418.571428571,20.3333585608,21.2322441009,1
1,390.0,419.523809524,22.3666944169,23.355468511,1
