#item,x,y,dx,dy,label
0,173.333333333,231.428571429,20.5795727412,23.3041593502,1
1,365.238095238,309.523809524,20.5795727412,23.3041593502,1
