#item,x,y,dx,dy,label
0,421.052631579,272.631578947,43.7756907131,51.0090301503,1
1,341.052631579,392.631578947,64.091988773,67.2140889387,1
2,138.421052632,406.842105263,46.2558292174,59.2888757119,1
3,28.4210526316,464.736842105,37.4672216661,48.0239893267,1
4,4.73684210526,469.473684211,27.3136045946,31.5085393972,1
