#item,x,y,dx,dy,label
0,397.368421053,4.21052631579,39.9580857561,54.2276115293,1
1,475.789473684,14.7368421053,42.221935519,70.7406296216,1
