#item,x,y,dx,dy,label
0,83.5294117647,220.588235294,42.4002946417,48.0679915221,1
1,84.7058823529,167.058823529,38.1602651776,43.2611923699,1
2,32.3529411765,38.2352941176,38.1602651776,43.2611923699,1
3,285.294117647,141.176470588,38.1602651776,38.9350731329,1
4,260.0,85.8823529412,34.0007962732,38.5457224016,1
5,77.0588235294,1.76470588235,34.0007962732,20.4847772588,1
