#item,x,y,dx,dy,label
0,483.529411765,286.470588235,17.8816151066,35.5417835135,1
