#item,x,y,dx,dy,label
0,213.529411765,407.647058824,22.9907713343,29.3949263132,1
