#item,x,y,dx,dy,label
0,227.647058824,88.2352941176,35.9150618959,37.3883105093,1
1,341.764705882,208.235294118,32.3235557063,45.2398557163,1
2,371.176470588,204.117647059,32.3235557063,40.7158701446,1
3,428.823529412,165.882352941,43.0226526451,54.1928231625,1
4,447.058823529,181.764705882,31.3635137783,39.5065680855,1
5,448.823529412,294.705882353,45.9193205228,47.8029473834,1
6,362.352941176,461.176470588,43.6688169153,34.1548665045,1
