#item,x,y,dx,dy,label
0,112.380952381,214.285714286,28.5646970061,32.303009095,1
1,211.904761905,143.333333333,28.5646970061,32.303009095,1
2,476.19047619,192.380952381,23.137404575,32.303009095,1
