#item,x,y,dx,dy,label
0,386.842105263,182.631578947,22.6420558994,24.0332678131,1
