#item,x,y,dx,dy,label
0,220.0,190.0,50.3141534209,45.4115705035,1
1,52.6315789474,361.578947368,55.345568763,60.4428003401,1
2,25.2631578947,417.894736842,40.3469196282,48.9586682755,1
3,54.2105263158,428.947368421,48.8197727502,59.2399886133,1
4,228.421052632,398.421052632,48.8197727502,52.7828298545,1
5,382.105263158,384.210526316,43.9377954752,47.504546869,1
6,336.315789474,453.157894737,41.7844063114,44.7245878835,1
7,204.736842105,470.0,33.8453691122,32.6042245671,1
8,422.105263158,114.736842105,27.4147489809,26.4094218993,1
