#item,x,y,dx,dy,label
0,145.789473684,200.0,54.1911804738,66.5337943502,1
1,2.63157894737,244.210526316,43.8948561838,53.8923734237,1
2,0.0,193.684210526,31.999350158,53.8923734237,1
3,275.263157895,190.526315789,74.6982658803,78.9038239296,1
4,225.263157895,403.157894737,74.6982658803,86.7942063226,1
5,411.052631579,361.578947368,67.2284392923,78.1147856903,1
6,303.684210526,350.526315789,49.8140317592,60.8838165945,1
