#item,x,y,dx,dy,label
0,56.3157894737,273.684210526,37.2181538822,39.9040154863,1
1,345.263157895,405.789473684,37.2181538822,48.2838587384,1
