#item,x,y,dx,dy,label
0,358.571428571,291.904761905,11.4007306361,10.8356673833,1
1,254.0,480.0,32.0355398713,20.7962144443,1
