#item,x,y,dx,dy,label
0,283.157894737,81.0526315789,26.3793161773,29.148735718,1
1,274.210526316,122.631578947,26.3793161773,29.148735718,1
2,287.368421053,168.421052632,26.3793161773,29.148735718,1
3,303.684210526,152.105263158,26.3793161773,29.148735718,1
4,352.631578947,188.947368421,31.9189725745,29.148735718,1
5,187.894736842,285.263157895,23.2689310068,19.1244855046,1
