#item,x,y,dx,dy,label
0,87.6923076923,307.692307692,42.4287990491,49.0769371971,1
1,45.3846153846,320.0,42.4287990491,49.0769371971,1
2,430.0,264.615384615,22.5484033955,26.081496581,1
