#item,x,y,dx,dy,label
0,300.0,67.619047619,38.6869298313,41.935834417,1
1,189.523809524,66.1904761905,42.5556228145,46.1294178587,1
2,90.4761904762,236.19047619,42.5556228145,46.1294178587,1
3,470.476190476,185.238095238,20.3542224697,24.5150639562,1
4,232.105263158,355.789473684,37.6208849088,42.2232153859,1
