#item,x,y,dx,dy,label
0,209.523809524,446.666666667,24.5088452623,28.4359092683,1
1,180.952380952,187.619047619,39.0770229795,40.804517766,1
2,271.904761905,82.380952381,39.0770229795,40.804517766,1
