#item,x,y,dx,dy,label
0,278.666666667,52.0,43.8077755123,46.5307479294,1
1,348.666666667,85.3333333333,31.9358683485,33.9209152405,1
2,446.666666667,36.6666666667,37.1197359308,39.4269979611,1
3,41.3333333333,248.666666667,59.1838888549,62.8625987415,1
4,80.0,288.421052632,43.6390428483,53.3366079258,1
5,220.526315789,451.052631579,47.0476884852,43.2026524199,1
6,342.631578947,258.947368421,38.108627673,43.2026524199,1
