#item,x,y,dx,dy,label
0,23.0,266.0,28.7402674552,35.38848458,1
1,0.0,286.0,23.2796166387,28.6646725098,1
2,12.7777777778,166.111111111,37.2321631462,40.5458256662,1
3,96.6666666667,185.555555556,27.1422469336,29.5579069107,1
4,116.111111111,175.555555556,27.1422469336,29.5579069107,1
5,214.444444444,113.333333333,29.8564716269,32.5136976017,1
6,115.555555556,11.6666666667,32.8421187896,35.7650673619,1
