#item,x,y,dx,dy,label
0,164.761904762,257.142857143,39.7622048068,86.8663424895,1
1,43.8095238095,313.80952381,32.2073858935,63.3255636748,1
2,58.5714285714,305.238095238,32.2073858935,63.3255636748,1
