#item,x,y,dx,dy,label
0,137.0,218.0,28.9623691324,37.8786137792,1
1,264.0,223.0,31.8586060457,41.6664751571,1
2,35.0,261.0,25.805470897,33.7498448772,1
3,394.0,77.0,31.2246197854,40.8373123015,1
4,337.0,64.0,28.1021578068,36.7535810713,1
5,451.0,246.0,33.6635748368,44.0271147653,1
6,424.0,475.0,36.6596329973,28.3113548166,1
7,208.0,372.0,29.6943027278,31.1424902982,1
