#item,x,y,dx,dy,label
0,305.454545455,413.636363636,57.5314245378,50.7308447462,1
1,274.545454545,427.272727273,36.9952149232,40.274253758,1
2,431.818181818,370.0,40.6947364156,44.3016791338,1
3,393.636363636,338.181818182,36.625262774,39.8715112204,1
4,40.0,245.454545455,32.9627364966,26.1596985117,1
5,9.09090909091,25.4545454545,26.6998165623,26.1596985117,1
