#item,x,y,dx,dy,label
0,418.0,60.0,42.1948490932,49.2993230203,1
