#item,x,y,dx,dy,label
0,261.428571429,170.0,31.9545458308,42.0445736548,1
1,311.428571429,124.285714286,31.9545458308,42.0445736548,1
2,336.666666667,164.285714286,42.5315005008,34.0561046604,1
3,372.857142857,96.6666666667,34.4505154057,37.4617151264,1
4,369.047619048,212.857142857,45.8536360049,49.8615428333,1
