#item,x,y,dx,dy,label
0,277.333333333,41.3333333333,33.4179769602,35.4951477006,1
1,449.333333333,0.666666666667,30.0761792642,31.9456329305,1
2,288.0,3.33333333333,30.0761792642,31.9456329305,1
