#item,x,y,dx,dy,label
0,217.894736842,462.105263158,23.5557198028,27.9352227843,1
1,445.263157895,465.789473684,28.5024209614,33.801619569,1
