#item,x,y,dx,dy,label
0,226.666666667,311.904761905,36.311256472,53.3619190961,1
1,128.571428571,448.571428571,35.9481439073,38.5118306309,1
2,250.952380952,223.333333333,35.9481439073,38.5118306309,1
3,389.523809524,97.619047619,43.4972541278,51.2592465697,1
4,447.619047619,277.619047619,31.7094982591,37.3679907493,1
5,352.857142857,385.714285714,38.3684928936,45.2152688067,1
