#item,x,y,dx,dy,label
0,4.0,226.0,32.5942586782,34.6202293261,1
1,376.0,335.333333333,26.1373360341,27.7619618966,1
2,343.333333333,440.666666667,26.1373360341,27.7619618966,1
3,433.684210526,443.684210526,34.9002044653,34.5512024206,1
4,166.315789474,335.263157895,25.4422490552,25.1878265646,1
5,298.421052632,24.7368421053,22.8980241497,22.6690439082,1
6,345.263157895,1.05263157895,25.1878265646,24.935948299,1
