#item,x,y,dx,dy,label
0,1.66666666667,241.111111111,37.8167650683,55.3675257364,1
1,337.777777778,248.888888889,24.8115795613,26.4821159204,1
2,311.111111111,119.444444444,20.0973794446,23.8339043284,1
3,235.0,383.75,37.2446760597,33.1850063692,1
4,135.625,463.125,40.9691436657,36.5035070061,1
5,141.25,160.0,36.1384719361,36.1384719361,1
6,158.125,155.625,38.5716354992,43.7275510426,1
7,177.5,180.0,34.7144719493,35.4193163445,1
