#item,x,y,dx,dy,label
0,338.235294118,120.588235294,25.7859997003,27.38878745,1
1,285.294117647,158.823529412,25.7859997003,27.38878745,1
2,266.470588235,95.8823529412,23.2073997303,24.649908705,1
