#item,x,y,dx,dy,label
0,375.454545455,209.090909091,31.9300192871,36.9207029118,1
