#item,x,y,dx,dy,label
0,12.6666666667,402.0,38.6932014479,41.0982658238,1
1,139.333333333,356.666666667,22.847948523,24.2681149863,1
2,195.333333333,418.0,27.6460177128,29.3644191334,1
3,352.0,350.0,18.1385522214,19.2659953934,1
4,335.333333333,371.333333333,18.1385522214,19.2659953934,1
5,165.263157895,193.684210526,18.0025714836,19.802828632,1
