#item,x,y,dx,dy,label
0,265.882352941,80.5882352941,32.2633841075,42.3213647881,1
1,279.411764706,62.3529411765,32.2633841075,42.3213647881,1
2,450.588235294,27.0588235294,47.2368206717,68.1589812049,1
3,470.0,115.294117647,30.9920780427,44.7191075685,1
