#item,x,y,dx,dy,label
0,190.0,374.705882353,30.8475593784,37.8734169277,1
1,210.0,331.764705882,30.8475593784,37.8734169277,1
2,128.235294118,338.235294118,30.8475593784,37.8734169277,1
3,58.2352941176,257.058823529,30.8475593784,37.8734169277,1
4,92.9411764706,272.352941176,24.9865230965,27.6097209403,1
5,351.176470588,25.2941176471,24.9865230965,30.3706930343,1
6,441.764705882,17.6470588235,24.9865230965,30.3706930343,1
