#item,x,y,dx,dy,label
0,327.142857143,443.80952381,29.8438333006,39.6640187316,1
