#item,x,y,dx,dy,label
0,2.66666666667,371.333333333,33.976924008,36.0888373797,1
1,36.8421052632,336.842105263,27.3058103643,33.0400305408,1
