#item,x,y,dx,dy,label
0,120.0,454.705882353,21.2522286639,26.228504513,1
