#item,x,y,dx,dy,label
0,146.666666667,398.571428571,45.3202687515,38.7454710231,1
1,209.523809524,375.714285714,36.7094176887,38.7454710231,1
2,183.333333333,453.333333333,40.3803594576,42.6200181254,1
3,339.523809524,361.428571429,40.3803594576,42.6200181254,1
4,433.333333333,281.904761905,32.7080911606,34.5222146816,1
5,452.380952381,328.095238095,32.7080911606,34.5222146816,1
