#item,x,y,dx,dy,label
0,271.176470588,114.705882353,48.026900858,41.7512182174,1
