#item,x,y,dx,dy,label
0,211.428571429,278.571428571,50.5670407656,50.0049180096,1
