#item,x,y,dx,dy,label
0,63.1578947368,61.5789473684,35.8285113513,30.9022801541,1
1,115.789473684,60.0,39.4113624864,41.1309348852,1
2,164.736842105,34.7368421053,35.4702262378,37.0178413966,1
3,76.3157894737,236.315789474,47.2108711225,49.2707468989,1
4,3.68421052632,313.157894737,38.2408056092,43.9002354869,1
