#item,x,y,dx,dy,label
0,127.142857143,439.047619048,40.6526468435,42.0252979537,1
