#item,x,y,dx,dy,label
0,164.210526316,111.578947368,26.4182975268,30.7939087291,1
1,484.210526316,44.2105263158,26.4182975268,30.7939087291,1
2,308.421052632,376.315789474,56.0636672882,53.467677316,1
3,441.578947368,443.157894737,56.0636672882,53.467677316,1
4,420.0,478.421052632,36.7833721078,35.080143087,1
5,143.157894737,390.0,23.6533123882,28.4149159005,1
6,44.7368421053,434.210526316,23.6533123882,28.4149159005,1
