#item,x,y,dx,dy,label
0,71.7647058824,104.117647059,49.1579709411,42.734491196,1
1,341.176470588,156.470588235,49.1579709411,51.7087343472,1
2,404.117647059,260.0,44.242173847,51.7087343472,1
3,457.647058824,361.764705882,39.4197768977,46.0724823034,1
4,273.529411765,367.647058824,47.6979300462,46.0724823034,1
5,101.764705882,365.882352941,57.7144953559,55.7477035871,1
6,24.1176470588,425.294117647,42.0738671145,55.7477035871,1
