#item,x,y,dx,dy,label
0,336.470588235,362.352941176,52.266158112,53.0868167552,1
1,172.941176471,452.941176471,52.266158112,42.570318356,1
2,274.117647059,3.52941176471,30.8626437035,34.4819578683,1
3,405.294117647,10.0,41.0781787694,45.8954859227,1
4,417.647058824,52.3529411765,45.1859966463,45.8954859227,1
