#item,x,y,dx,dy,label
0,127.894736842,135.263157895,51.9589277161,60.9005861144,1
