#item,x,y,dx,dy,label
0,391.578947368,167.894736842,31.215370596,38.4986658446,1
1,419.473684211,149.473684211,31.215370596,31.1839193341,1
2,430.526315789,248.947368421,22.7560051645,30.5633593394,1
3,457.368421053,426.315789474,36.6487738775,44.3003362647,1
4,470.526315789,458.421052632,36.6487738775,44.3003362647,1
5,335.789473684,406.315789474,32.6540575248,39.4715996118,1
