#item,x,y,dx,dy,label
0,174.0,347.0,21.8330974019,27.1550944589,1
1,329.0,380.0,26.4180478563,32.8576642952,1
2,426.0,431.0,26.4180478563,32.8576642952,1
3,141.0,451.0,26.4180478563,32.8576642952,1
4,183.0,475.0,25.892328704,26.6147080791,1
5,298.0,482.0,27.0856816629,20.9176219539,1
6,149.0,380.0,32.1214786833,30.6254903027,1
