#item,x,y,dx,dy,label
0,34.1176470588,374.705882353,58.1391595821,125.843011876,1
1,129.411764706,74.7058823529,52.3252436239,113.258710688,1
2,241.176470588,1.76470588235,46.6217920689,82.5656000919,1
