#item,x,y,dx,dy,label
0,94.0,0.666666666667,55.6728241885,59.1332958257,1
