#item,x,y,dx,dy,label
0,411.818181818,280.909090909,26.3578286078,33.8639722867,1
1,71.8181818182,16.3636363636,28.9936114686,24.439967439,1
