#item,x,y,dx,dy,label
0,251.428571429,183.333333333,29.1286654308,41.1060358272,1
1,1.42857142857,51.4285714286,23.594218999,29.9663001181,1
