#item,x,y,dx,dy,label
0,421.176470588,359.411764706,31.172829487,38.3339869747,1
1,369.411764706,420.588235294,37.7191236793,42.1673856722,1
2,262.941176471,396.470588235,37.7191236793,42.1673856722,1
3,414.705882353,212.941176471,24.5000418755,34.1555823945,1
