#item,x,y,dx,dy,label
0,197.368421053,121.578947368,36.2811863528,46.247357452,1
1,213.157894737,38.4210526316,36.2811863528,46.247357452,1
2,187.894736842,241.052631579,36.2811863528,46.247357452,1
3,424.736842105,261.578947368,26.4489848512,27.3086021018,1
