#item,x,y,dx,dy,label
0,75.2941176471,77.0588235294,42.1639130519,57.2403977664,1
1,187.058823529,117.058823529,51.0183347928,69.2608812973,1
2,228.823529412,99.4117647059,45.9165013135,61.7114452359,1
3,87.6470588235,1.17647058824,50.5081514448,36.4399912973,1
