#item,x,y,dx,dy,label
0,468.421052632,233.684210526,29.5479764838,39.5198453766,1
1,172.105263158,175.789473684,35.7530515454,39.5198453766,1
2,205.263157895,82.6315789474,32.1777463908,35.567860839,1
3,30.0,211.578947368,23.4575771189,25.4129840376,1
4,456.315789474,457.368421053,28.3836683139,33.8246817541,1
5,473.157894737,460.526315789,29.9917623846,36.8350784302,1
