#item,x,y,dx,dy,label
0,216.428571429,189.285714286,32.3018401777,42.9648653257,1
1,412.857142857,126.428571429,32.3018401777,51.9874870441,1
2,375.714285714,47.1428571429,25.9028456385,41.6887658607,1
3,145.714285714,6.42857142857,34.4766875448,55.4877473605,1
4,31.4285714286,87.1428571429,27.3703871848,35.6810413735,1
5,5.71428571429,115.714285714,27.3703871848,35.6810413735,1
