#item,x,y,dx,dy,label
0,351.875,40.625,21.3268226697,35.1096423795,1
1,463.125,10.0,31.2246010708,38.6206066174,1
2,18.125,336.875,31.2246010708,46.7309340071,1
3,1.25,361.875,34.3470611778,62.1988731634,1
