#item,x,y,dx,dy,label
0,252.666666667,58.6666666667,27.2377672524,32.7980057959,1
