#item,x,y,dx,dy,label
0,216.842105263,327.894736842,26.0934593548,33.3394651957,1
1,336.315789474,367.368421053,34.3830904572,27.0049668085,1
