#item,x,y,dx,dy,label
0,48.4210526316,151.052631579,26.418834029,28.3253587902,1
