#item,x,y,dx,dy,label
0,275.789473684,201.578947368,31.6310111777,39.9703031789,1
1,30.5263157895,106.315789474,20.5455753693,28.5584978322,1
2,45.2631578947,78.4210526316,20.5455753693,28.5584978322,1
