#item,x,y,dx,dy,label
0,116.0,203.333333333,57.753295027,61.3430830844,1
1,395.333333333,300.0,27.6232219762,29.3402064757,1
2,290.0,285.333333333,40.0387277024,42.5274263381,1
3,437.368421053,101.052631579,22.1474544917,24.6082827686,1
4,455.789473684,125.789473684,22.1474544917,24.6082827686,1
