#item,x,y,dx,dy,label
0,2.94117647059,429.411764706,30.3252639082,37.0642114434,1
1,109.411764706,394.705882353,33.3577902991,37.0642114434,1
2,177.647058824,460.588235294,27.0198101422,30.0220112692,1
