#item,x,y,dx,dy,label
0,28.4210526316,114.210526316,35.3415043582,34.2572753711,1
1,478.421052632,260.526315789,20.6601168594,27.7483930506,1
2,193.157894737,433.157894737,29.9459923229,33.2398000353,1
3,238.947368421,434.210526316,29.9459923229,33.2398000353,1
4,331.578947368,412.631578947,24.2562537815,32.907402035,1
