#item,x,y,dx,dy,label
0,28.8235294118,242.941176471,45.4573363004,36.4399912973,1
1,150.588235294,235.882352941,33.138398163,36.4399912973,1
2,65.8823529412,338.235294118,36.4522379793,29.5163929508,1
3,90.5882352941,342.941176471,36.4522379793,35.7148354705,1
