#item,x,y,dx,dy,label
0,280.0,332.857142857,34.6182540086,36.5260473123,1
1,326.19047619,327.142857143,34.6182540086,36.5260473123,1
2,354.761904762,319.523809524,25.2367071722,26.6274884907,1
3,395.714285714,244.761904762,27.7603778895,32.2192610737,1
4,276.19047619,58.0952380952,30.5364156784,38.9853058992,1
