#item,x,y,dx,dy,label
0,180.666666667,364.666666667,39.2155935898,41.6531284433,1
1,89.3333333333,426.666666667,39.2155935898,41.6531284433,1
2,253.333333333,453.333333333,39.2155935898,41.6531284433,1
3,150.526315789,443.157894737,36.1922475171,37.8603139995,1
4,399.473684211,448.947368421,36.1922475171,37.8603139995,1
5,473.157894737,377.368421053,23.7457335959,30.6668543396,1
