#item,x,y,dx,dy,label
0,96.1904761905,69.0476190476,39.0770229795,44.8849695426,1
