#item,x,y,dx,dy,label
0,343.157894737,110.0,28.5070632216,42.9714332055,1
1,224.736842105,166.842105263,34.1486110332,51.9954341786,1
2,166.842105263,212.631578947,45.4518012852,62.2853306026,1
3,23.1578947368,147.894736842,45.4518012852,62.2853306026,1
