#item,x,y,dx,dy,label
0,233.333333333,110.0,36.8340932528,42.7073268274,1
1,239.523809524,68.5714285714,44.1235603075,46.9780595102,1
2,162.352941176,15.8823529412,36.668917949,38.3589537211,1
3,187.647058824,10.0,36.668917949,38.3589537211,1
4,390.0,2.35294117647,36.668917949,31.0707525141,1
5,416.470588235,2.94117647059,40.3358097439,27.9636772627,1
