#item,x,y,dx,dy,label
0,240.588235294,164.117647059,30.1681876084,35.4193163445,1
1,278.823529412,131.176470588,24.4362319628,28.6896462391,1
