#item,x,y,dx,dy,label
0,197.894736842,155.789473684,66.4992597282,75.2617392677,1
1,37.3684210526,95.7894736842,73.1491857011,82.7879131945,1
2,278.421052632,215.789473684,80.4641042712,81.9600340625,1
3,349.473684211,301.578947368,65.1759244596,72.2961264462,1
4,345.789473684,178.421052632,34.2907868861,38.0369144774,1
5,354.210526316,227.368421053,34.2907868861,38.0369144774,1
6,455.263157895,153.157894737,30.8617081974,34.2332230296,1
7,437.894736842,152.631578947,33.9478790172,33.8908907993,1
