#item,x,y,dx,dy,label
0,346.363636364,244.545454545,28.9936114686,24.439967439,1
1,182.727272727,280.0,31.8929726154,35.7825563275,1
2,329.090909091,392.727272727,25.8333078185,28.9838706253,1
3,296.363636364,261.818181818,18.8324813997,21.1292416858,1
