#item,x,y,dx,dy,label
0,333.846153846,48.4615384615,24.6664800766,27.2744017802,1
1,406.923076923,45.3846153846,29.8464408927,33.0020261541,1
2,466.153846154,220.0,32.831084982,36.3022287695,1
3,416.153846154,348.461538462,36.1141934802,39.9324516464,1
4,385.384615385,424.615384615,29.2524967189,32.3452858336,1
5,381.538461538,396.153846154,26.327247047,29.1107572502,1
