#item,x,y,dx,dy,label
0,234.0,198.0,36.3296408475,37.3432145416,1
1,130.0,50.0,36.3296408475,37.3432145416,1
2,37.0,36.0,23.8358773601,24.5008830608,1
3,330.0,353.0,38.0040396587,43.404808896,1
4,30.0,475.0,51.3430968108,44.0567128336,1
