#item,x,y,dx,dy,label
0,405.238095238,1.90476190476,48.6986579562,30.8696489132,1
1,200.952380952,1.42857142857,43.8287921606,27.7826840219,1
2,250.952380952,366.666666667,41.6807452439,39.4684911578,1
3,345.238095238,46.6666666667,25.3176826091,29.4101410463,1
4,135.714285714,313.80952381,33.6978355526,42.6287936308,1
