#item,x,y,dx,dy,label
0,108.823529412,245.882352941,22.065964101,26.3135817882,1
1,202.352941176,197.647058824,22.065964101,26.3135817882,1
2,319.411764706,227.647058824,29.3697982185,35.02337736,1
3,445.294117647,304.117647059,21.4105829013,25.5320420955,1
