#item,x,y,dx,dy,label
0,56.1538461538,270.0,19.6643755488,21.4217019181,1
1,424.615384615,313.076923077,15.9281441945,17.3515785536,1
2,415.384615385,310.769230769,14.335329775,15.6164206983,1
