#item,x,y,dx,dy,label
0,174.117647059,259.411764706,24.7351391624,31.2984228888,1
1,195.294117647,261.764705882,27.2086530787,31.2984228888,1
2,284.705882353,82.9411764706,27.2086530787,31.2984228888,1
3,267.058823529,48.8235294118,24.4877877708,31.2984228888,1
4,426.470588235,169.411764706,32.593245523,37.8710916954,1
5,431.764705882,94.1176470588,29.3339209707,34.0839825259,1
6,467.647058824,95.2941176471,29.3339209707,34.0839825259,1
7,463.529411765,105.882352941,29.3339209707,34.0839825259,1
