#item,x,y,dx,dy,label
0,250.952380952,90.4761904762,40.3470635215,46.5850714002,1
1,280.476190476,58.5714285714,43.4985726532,46.5850714002,1
2,394.761904762,133.80952381,52.6332729103,56.3679363942,1
