#item,x,y,dx,dy,label
0,130.588235294,81.1764705882,35.2121822306,35.9271321606,1
1,192.352941176,118.235294118,35.2121822306,35.9271321606,1
2,199.411764706,178.235294118,35.2121822306,35.9271321606,1
3,354.705882353,3.52941176471,31.6909640075,35.9271321606,1
