#item,x,y,dx,dy,label
0,184.0,158.0,74.100528995,78.706416744,1
1,221.333333333,82.6666666667,54.0192856373,57.3769778064,1
2,296.0,198.666666667,71.8996691833,76.3687574603,1
