#item,x,y,dx,dy,label
0,358.421052632,235.263157895,50.4912214428,60.65551359,1
1,76.8421052632,300.0,54.9849401512,60.0489584541,1
2,0.526315789474,156.842105263,40.0840213702,54.0440626087,1
