#item,x,y,dx,dy,label
0,251.428571429,130.476190476,16.6781107579,22.4989994251,1
1,132.380952381,383.80952381,29.5462905725,36.2348635642,1
2,154.285714286,393.80952381,43.2587240271,48.2286034039,1
3,244.761904762,436.19047619,43.2587240271,43.4057430635,1
4,3.80952380952,438.095238095,47.5845964299,43.4057430635,1
