#item,x,y,dx,dy,label
0,54.7058823529,320.588235294,30.3753356897,32.2742271233,1
