#item,x,y,dx,dy,label
0,90.5882352941,209.411764706,30.2789848939,33.9945690199,1
1,94.7058823529,261.764705882,33.3068833833,37.3940259218,1
2,295.294117647,91.1764705882,40.3013288938,37.3940259218,1
3,312.352941176,82.9411764706,40.3013288938,41.133428514,1
4,400.0,80.5882352941,40.3013288938,41.133428514,1
5,438.235294118,364.705882353,48.7646079615,45.2467713654,1
6,464.705882353,400.0,35.5493992039,45.2467713654,1
7,279.411764706,421.764705882,25.9155120197,32.9848963254,1
