#item,x,y,dx,dy,label
0,195.714285714,350.714285714,33.8587964179,39.7523191297,1
1,314.285714286,280.0,37.2446760597,43.7275510426,1
2,440.0,299.285714286,33.1850063692,39.3547959384,1
