#item,x,y,dx,dy,label
0,13.3333333333,130.952380952,43.8039481611,41.180202462,1
1,45.7142857143,142.380952381,39.423553345,37.0621822158,1
2,234.761904762,121.904761905,31.9330782095,37.0621822158,1
3,263.333333333,180.952380952,28.7397703885,33.3559639942,1
4,390.476190476,257.142857143,28.7397703885,33.3559639942,1
5,114.285714286,335.714285714,34.7751221701,33.3559639942,1
6,1.42857142857,370.476190476,31.2976099531,44.3967880763,1
7,80.4761904762,300.0,31.2976099531,44.3967880763,1
