#item,x,y,dx,dy,label
0,386.666666667,11.9047619048,24.146612286,23.3214170786,1
1,17.3684210526,409.473684211,26.2172947612,32.0433602637,1
2,14.7368421053,445.789473684,26.2172947612,32.0433602637,1
