#item,x,y,dx,dy,label
0,2.10526315789,112.631578947,27.5487900812,44.1229615104,1
1,297.894736842,37.8947368421,33.3340359983,48.5352576614,1
2,320.526315789,22.1052631579,33.3340359983,39.3135587057,1
3,342.631578947,422.631578947,33.3340359983,42.3843407762,1
4,343.684210526,464.736842105,36.6674395981,33.9880028685,1
