#item,x,y,dx,dy,label
0,77.8947368421,108.947368421,24.7651440412,30.5639800193,1
1,96.8421052632,91.0526315789,27.2416584453,33.6203780212,1
2,80.5263157895,313.157894737,29.9658242898,40.6806574057,1
3,25.2631578947,391.052631579,36.2586473907,40.6806574057,1
4,105.263157895,463.157894737,28.7850512492,32.2956009819,1
