#item,x,y,dx,dy,label
0,372.857142857,258.095238095,34.6785676187,41.0244877482,1
