#item,x,y,dx,dy,label
0,161.333333333,55.3333333333,27.1231901176,28.809093994,1
1,197.333333333,133.333333333,39.7110626512,42.1793945167,1
2,298.666666667,180.666666667,39.7110626512,42.1793945167,1
3,419.333333333,222.666666667,32.1659607475,34.1653095585,1
4,444.0,244.0,32.1659607475,34.1653095585,1
5,489.333333333,149.333333333,32.1659607475,34.1653095585,1
