#item,x,y,dx,dy,label
0,138.571428571,410.476190476,47.251432128,43.5225821757,1
1,383.333333333,201.904761905,38.2736600237,35.2532915623,1
2,466.19047619,309.523809524,31.0016646192,35.2532915623,1
