#item,x,y,dx,dy,label
0,62.380952381,37.619047619,31.3042920606,24.5591092288,1
1,68.0952380952,116.666666667,31.3042920606,29.7165221668,1
2,115.238095238,170.476190476,28.1738628546,32.6881743835,1
3,240.476190476,148.571428571,30.99124914,35.9569918218,1
4,317.619047619,106.19047619,30.99124914,32.3612926396,1
5,362.857142857,66.1904761905,30.99124914,32.3612926396,1
