#item,x,y,dx,dy,label
0,292.0,386.0,61.5038956696,58.6394847815,1
1,218.0,361.0,44.8363399431,42.7481844057,1
2,306.0,334.0,43.9440967783,46.0872450897,1
3,299.0,301.0,43.0696092524,41.0637353749,1
