#item,x,y,dx,dy,label
0,294.666666667,0.0,44.7341366799,47.5146891927,1
1,410.666666667,25.3333333333,40.2607230119,42.7632202734,1
2,92.6315789474,459.473684211,30.847250762,36.9519216879,1
