#item,x,y,dx,dy,label
0,37.6470588235,278.823529412,29.4434619609,28.809093994,1
1,0.588235294118,311.176470588,22.6803558811,32.9788551343,1
2,0.588235294118,268.823529412,22.6803558811,32.9788551343,1
