#item,x,y,dx,dy,label
0,246.315789474,0.0,47.2426095317,36.8632412491,1
1,283.157894737,6.31578947368,51.9668704849,59.368618664,1
2,336.315789474,4.73684210526,45.839456786,57.6053113211,1
3,470.526315789,67.8947368421,27.0677408376,37.7948447578,1
4,1.05263157895,214.210526316,52.7473694286,66.2863142442,1
5,157.368421053,450.0,34.6075490821,39.141405698,1
6,137.368421053,460.0,34.6075490821,31.7045386154,1
