#item,x,y,dx,dy,label
0,424.666666667,96.6666666667,36.0348549322,38.2746837043,1
1,461.333333333,88.6666666667,36.0348549322,38.2746837043,1
2,441.333333333,73.3333333333,36.0348549322,38.2746837043,1
3,411.333333333,64.6666666667,36.0348549322,38.2746837043,1
4,290.666666667,41.3333333333,36.0348549322,38.2746837043,1
5,244.666666667,48.6666666667,36.0348549322,38.2746837043,1
6,103.157894737,71.0526315789,25.2301804041,33.2455564166,1
7,106.315789474,34.2105263158,25.2301804041,33.2455564166,1
8,122.105263158,35.7894736842,25.2301804041,33.2455564166,1
