#item,x,y,dx,dy,label
0,225.789473684,1.05263157895,78.6511562601,67.8598359593,1
1,306.315789474,0.526315789474,63.070362205,48.9751222102,1
2,252.105263158,324.736842105,62.4396585829,70.9874316637,1
3,255.789473684,118.947368421,54.526624455,55.7920175042,1
