#item,x,y,dx,dy,label
0,254.666666667,136.0,34.6382084215,36.7912254374,1
1,66.6666666667,25.3333333333,34.6382084215,36.7912254374,1
2,384.0,438.0,34.6382084215,36.7912254374,1
