#item,x,y,dx,dy,label
0,170.0,467.894736842,47.6164162639,48.7214449131,1
1,296.315789474,419.473684211,34.3652437818,52.5270769753,1
2,276.842105263,414.210526316,41.581944976,57.7797846728,1
