#item,x,y,dx,dy,label
0,90.4761904762,382.857142857,44.1235603075,46.9780595102,1
1,126.666666667,413.80952381,35.7400838491,38.0522282033,1
2,143.333333333,419.523809524,28.9494679177,30.8223048446,1
3,217.619047619,458.095238095,38.5317417985,41.0244877482,1
4,62.8571428571,450.476190476,34.6785676187,41.0244877482,1
