#item,x,y,dx,dy,label
0,9.0,53.0,26.1820801221,29.5281256377,1
