#item,x,y,dx,dy,label
0,6.66666666667,316.666666667,29.0646732494,29.1830580931,1
1,1.90476190476,336.666666667,23.542385332,23.6382770554,1
2,347.142857143,352.857142857,37.5360945311,41.8766497385,1
