#item,x,y,dx,dy,label
0,37.8947368421,291.052631579,49.8957833717,56.8217298585,1
1,23.6842105263,404.210526316,32.4092572355,36.9079295906,1
2,75.2631578947,418.421052632,38.43481875,43.769888768,1
3,94.2105263158,466.315789474,45.1248520999,30.3444272249,1
4,324.736842105,359.473684211,32.8960171808,40.3884326363,1
5,438.421052632,434.210526316,29.6064154627,36.3495893727,1
6,124.736842105,62.1052631579,32.567057009,39.98454831,1
7,306.315789474,21.0526315789,26.3793161773,32.3874841311,1
