#item,x,y,dx,dy,label
0,113.80952381,212.380952381,35.4183690326,46.5551859138,1
