#item,x,y,dx,dy,label
0,100.769230769,316.923076923,30.6980912247,39.0720953406,1
1,26.9230769231,220.769230769,24.3706313595,31.0185941211,1
