#item,x,y,dx,dy,label
0,47.1428571429,377.619047619,45.2607672528,45.8579118286,1
