#item,x,y,dx,dy,label
0,391.538461538,225.384615385,49.6636120037,46.5463858934,1
1,394.615384615,270.0,44.6972508033,50.6890142379,1
2,220.0,302.307692308,49.1669758837,55.7579156617,1
3,193.076923077,322.307692308,39.8252504658,45.1639116859,1
4,143.846153846,343.076923077,42.9360007796,48.6916648277,1
5,106.923076923,376.923076923,42.9360007796,48.6916648277,1
