#item,x,y,dx,dy,label
0,216.842105263,50.5263157895,35.61461968,37.4248848986,1
1,183.684210526,173.157894737,35.61461968,37.4248848986,1
2,40.5263157895,372.631578947,43.0936898129,49.8125218001,1
3,9.47368421053,403.684210526,38.7843208316,44.83126962,1
4,382.105263158,461.578947368,51.6219310268,44.83126962,1
5,483.157894737,287.894736842,51.1057117165,49.3143965821,1
6,220.0,223.157894737,45.9951405449,44.3829569238,1
7,426.315789474,464.736842105,48.1003061469,34.7144719493,1
