#item,x,y,dx,dy,label
0,59.0476190476,257.619047619,28.1583855419,33.3447575524,1
1,113.80952381,213.80952381,28.1583855419,30.0102817972,1
2,267.142857143,321.904761905,25.3425469878,30.0102817972,1
3,300.952380952,144.761904762,27.8768016865,30.0102817972,1
4,400.476190476,120.952380952,27.8768016865,30.0102817972,1
5,464.285714286,300.476190476,27.8768016865,33.0113099769,1
