#item,x,y,dx,dy,label
0,93.5714285714,161.428571429,37.0823356849,43.0726274815,1
1,70.7142857143,202.857142857,30.0366919048,34.88882826,1
2,102.857142857,117.857142857,24.3297204429,34.88882826,1
