#item,x,y,dx,dy,label
0,156.666666667,232.0,33.7050400426,35.8000538451,1
1,46.6666666667,129.333333333,33.7050400426,35.8000538451,1
2,0.666666666667,146.666666667,17.2064264522,18.2759312165,1
3,2.0,54.0,27.4340106468,29.1392342837,1
4,242.631578947,124.210526316,27.0418373759,30.3499858315,1
5,102.631578947,271.578947368,24.3376536383,27.3149872484,1
6,104.210526316,296.315789474,21.9038882745,24.5834885235,1
7,121.052631579,321.578947368,21.9038882745,24.5834885235,1
