#item,x,y,dx,dy,label
0,1.57894736842,88.9473684211,67.5660996971,71.3221647422,1
1,180.526315789,160.526315789,60.2013948301,63.5480487853,1
2,17.3684210526,392.631578947,72.8436877445,83.7366284038,1
