#item,x,y,dx,dy,label
0,30.4761904762,297.619047619,31.2460178621,44.7863626525,1
1,95.7142857143,299.523809524,34.3706196483,40.3077263872,1
2,154.285714286,454.285714286,41.5884497744,40.3077263872,1
3,212.380952381,434.761904762,37.429604797,40.3077263872,1
4,227.619047619,420.0,41.1725652766,44.3384990259,1
5,354.285714286,114.761904762,33.3497778741,35.914184211,1
6,406.19047619,72.380952381,48.8274097854,43.4561628953,1
7,453.80952381,55.7142857143,32.0356635602,31.6795427507,1
8,339.523809524,359.523809524,32.0356635602,31.6795427507,1
