#item,x,y,dx,dy,label
0,425.789473684,115.263157895,40.1465035188,53.3811573846,1
1,339.473684211,121.052631579,48.5772692578,58.1320803918,1
2,273.684210526,117.894736842,28.684391724,34.3264121506,1
3,236.315789474,103.157894737,41.9968179231,45.2315700267,1
4,187.368421053,131.052631579,30.615680266,36.2711960044,1
5,150.526315789,83.6842105263,24.7987010154,29.0858720759,1
6,59.4736842105,146.315789474,33.0070710515,50.502001428,1
7,83.6842105263,170.526315789,36.3077781567,45.4518012852,1
