#item,x,y,dx,dy,label
0,121.333333333,186.0,28.6117597736,30.3901890994,1
1,72.6666666667,168.666666667,23.1755254166,24.6160531705,1
2,349.333333333,163.333333333,23.1755254166,24.6160531705,1
3,299.333333333,195.333333333,23.1755254166,24.6160531705,1
4,342.666666667,337.333333333,28.0423857541,29.7854243363,1
5,308.666666667,250.0,28.0423857541,29.7854243363,1
6,13.3333333333,432.0,30.8466243296,32.76396677,1
7,202.631578947,404.736842105,26.4858991608,35.6088199829,1
