#item,x,y,dx,dy,label
0,167.368421053,62.1052631579,39.603255316,39.7025860631,1
1,224.736842105,0.526315789474,39.603255316,32.1590947111,1
2,305.789473684,14.7368421053,39.603255316,32.1590947111,1
3,35.2631578947,360.0,39.603255316,47.0841305665,1
4,1.05263157895,397.368421053,18.9421142476,38.1381457589,1
5,245.789473684,449.473684211,54.0440626087,51.0090301503,1
