#item,x,y,dx,dy,label
0,64.2105263158,16.8421052632,37.3483753541,36.342193901,1
1,18.4210526316,301.578947368,41.0832128895,43.9740546202,1
2,35.7894736842,361.578947368,36.9748916005,39.5766491582,1
3,84.2105263158,413.684210526,33.2774024405,35.6189842424,1
4,172.631578947,473.684210526,29.9496621964,32.0570858181,1
5,141.052631579,163.684210526,32.9446284161,35.2627943999,1
6,87.8947368421,185.789473684,32.9446284161,31.7365149599,1
7,49.4736842105,263.684210526,36.2390912577,42.2413014117,1
