#item,x,y,dx,dy,label
0,265.333333333,134.666666667,32.6939702721,32.6939702721,1
1,329.333333333,456.0,32.6939702721,39.164106989,1
2,117.333333333,234.0,29.4245732449,34.8952193272,1
3,14.0,419.333333333,29.4245732449,28.265127655,1
4,0.0,436.666666667,26.2172947612,31.0916404205,1
5,362.666666667,472.666666667,38.0008938473,27.9824763785,1
6,434.736842105,412.105263158,35.43122,35.43122,1
