#item,x,y,dx,dy,label
0,248.666666667,282.0,35.7050286346,37.9243562993,1
1,147.333333333,293.333333333,35.3479783483,37.5451127363,1
2,117.333333333,281.333333333,31.8131805134,33.7906014627,1
3,84.0,303.333333333,31.8131805134,33.7906014627,1
4,106.0,456.0,31.8131805134,33.7906014627,1
