#item,x,y,dx,dy,label
0,82.6315789474,21.0526315789,36.9071800805,35.0394414973,1
1,84.7368421053,234.210526316,40.5978980885,51.3012462962,1
2,173.157894737,416.842105263,40.5978980885,50.7882338332,1
3,54.7368421053,332.105263158,44.6576878974,50.7882338332,1
4,35.2631578947,278.947368421,39.7899999165,45.2523163454,1
5,451.052631579,405.789473684,26.1062189452,32.9889386158,1
