#item,x,y,dx,dy,label
0,26.8421052632,185.789473684,28.8475533308,47.6173832569,1
1,87.3684210526,153.157894737,34.9055395302,42.8556449312,1
2,87.3684210526,178.421052632,46.4592731147,46.2030993568,1
3,151.052631579,130.0,46.4592731147,55.9057502217,1
4,125.789473684,265.789473684,41.8133458033,55.9057502217,1
5,205.263157895,235.263157895,50.5941484219,55.9057502217,1
6,298.421052632,153.684210526,40.9812602218,45.2836576796,1
7,295.263157895,6.31578947368,45.0793862439,48.8207641809,1
