#item,x,y,dx,dy,label
0,440.0,405.0,25.4321735674,29.3397473728,1
1,40.0,259.0,19.5904526481,18.4912889995,1
2,56.1111111111,256.111111111,24.0584770663,27.0016577624,1
3,440.0,433.888888889,26.4643247729,26.7316411848,1
