#item,x,y,dx,dy,label
0,394.117647059,153.529411765,24.9781284953,29.4785568486,1
1,415.294117647,160.0,24.9781284953,29.4785568486,1
2,451.764705882,231.764705882,30.2235354793,35.6690537868,1
3,365.294117647,78.8235294118,36.57047793,35.6690537868,1
4,388.235294118,35.2941176471,32.913430137,35.6690537868,1
5,38.8235294118,17.6470588235,36.2047731507,35.6690537868,1
