#item,x,y,dx,dy,label
0,155.0,425.0,25.3429701085,28.7743745068,1
1,266.25,261.875,18.4750252091,23.3072433505,1
2,298.125,169.375,14.9647704194,20.9765190155,1
3,283.75,158.75,14.9647704194,23.074170917,1
4,374.375,21.875,18.1073722074,23.074170917,1
5,389.375,35.0,16.2966349867,20.7667538253,1
