#item,x,y,dx,dy,label
0,143.333333333,155.714285714,24.4594820308,27.4023414192,1
1,26.1904761905,135.238095238,29.5959732572,33.1568331172,1
