#item,x,y,dx,dy,label
0,148.823529412,215.294117647,27.4072000851,28.2461386491,1
1,123.529411765,200.0,19.9798488621,28.2461386491,1
2,124.117647059,144.705882353,19.9798488621,28.2461386491,1
3,405.294117647,104.705882353,29.2524967189,41.3551715962,1
4,422.941176471,92.3529411765,29.2524967189,37.2196544366,1
5,432.352941176,51.7647058824,29.2524967189,37.2196544366,1
6,435.882352941,3.52941176471,38.9350731329,45.0357818683,1
7,430.588235294,140.588235294,28.3836683139,40.1268816446,1
