#item,x,y,dx,dy,label
0,275.263157895,53.6842105263,36.2398272002,38.8550875037,1
