#item,x,y,dx,dy,label
0,82.0,194.0,35.058700996,37.2378546891,1
1,38.0,186.666666667,35.058700996,37.2378546891,1
2,291.052631579,351.578947368,38.0958245019,38.48063081,1
3,2.10526315789,30.0,30.8576178465,31.1693109561,1
4,30.5263157895,40.0,24.9946704557,25.2471418744,1
