#item,x,y,dx,dy,label
0,287.142857143,133.80952381,47.166331048,48.4900651538,1
1,373.333333333,139.523809524,38.2047281489,43.6410586385,1
2,282.857142857,261.904761905,42.0252009638,48.0051645023,1
3,254.761904762,316.19047619,42.0252009638,52.8056809525,1
4,468.095238095,255.714285714,30.3300077876,38.1103880002,1
