#item,x,y,dx,dy,label
0,30.0,100.0,46.2186272052,50.0545568065,1
1,180.0,142.631578947,46.2186272052,50.0545568065,1
2,230.0,192.631578947,46.2186272052,50.0545568065,1
3,387.894736842,161.052631579,37.4370880362,40.5441910133,1
4,184.210526316,425.263157895,44.8458877586,53.4246750563,1
5,14.7368421053,332.631578947,32.692652176,43.2739867956,1
6,3.15789473684,359.473684211,32.692652176,52.3615240226,1
7,232.631578947,3.15789473684,39.558109133,34.3543959113,1
8,127.647058824,267.058823529,36.693569329,40.7706325877,1
