#item,x,y,dx,dy,label
0,453.333333333,442.857142857,40.7471454019,43.4415631387,1
1,455.238095238,466.666666667,39.5369144363,31.6688995281,1
2,108.235294118,440.0,25.0117238314,27.5128962145,1
3,74.7058823529,424.117647059,25.0117238314,27.5128962145,1
