#item,x,y,dx,dy,label
0,15.7894736842,42.1052631579,29.7217911565,29.7217911565,1
1,423.684210526,62.1052631579,26.7496120408,26.7496120408,1
