#item,x,y,dx,dy,label
0,408.421052632,4.73684210526,35.0819188941,38.5901107836,1
1,441.578947368,12.1052631579,30.9454098373,34.0399508211,1
2,432.631578947,26.8421052632,34.0399508211,37.4439459032,1
