#item,x,y,dx,dy,label
0,268.823529412,71.1764705882,33.9323153163,36.4055110432,1
1,352.352941176,152.941176471,37.3255468479,44.0506683623,1
2,458.823529412,390.588235294,30.2336929468,39.6456015261,1
