#item,x,y,dx,dy,label
0,121.428571429,336.19047619,34.9796852975,34.579216289,1
1,244.761904762,438.095238095,25.5001905819,25.2082486747,1
2,254.285714286,471.428571429,25.5001905819,27.7290735421,1
3,64.2857142857,158.571428571,25.5001905819,27.7290735421,1
4,93.3333333333,80.9523809524,25.5001905819,27.7290735421,1
5,102.380952381,178.095238095,22.9501715237,27.4517828067,1
6,70.0,18.8235294118,24.0100209208,26.020221049,1
