#item,x,y,dx,dy,label
0,209.473684211,81.0526315789,36.3011283791,45.0192867521,1
1,236.842105263,87.8947368421,36.3011283791,45.0192867521,1
2,436.842105263,0.526315789474,35.5787359244,23.9250947708,1
3,348.421052632,252.105263158,35.5787359244,42.3847648173,1
4,274.736842105,308.947368421,43.0502704685,51.285565429,1
