#item,x,y,dx,dy,label
0,211.818181818,193.636363636,33.6834174179,50.5621968652,1
1,232.727272727,301.818181818,30.0119249194,36.4912430996,1
2,287.272727273,411.818181818,26.7406251032,39.7389637355,1
3,310.909090909,425.454545455,26.7406251032,39.7389637355,1
4,329.090909091,424.545454545,29.1205407373,35.4074166883,1
5,445.454545455,350.0,38.7594397214,38.9481583571,1
6,105.454545455,67.2727272727,21.5477141379,29.1107572502,1
7,315.454545455,278.181818182,16.2679409164,41.1409634906,1
