#item,x,y,dx,dy,label
0,410.526315789,265.263157895,26.1466511943,32.9352273128,1
1,417.368421053,293.157894737,23.5319860748,29.6417045815,1
2,79.4736842105,321.052631579,28.4737031506,35.8664625436,1
