#item,x,y,dx,dy,label
0,110.0,203.157894737,30.4347929224,30.1857236199,1
1,146.315789474,44.7368421053,30.4347929224,24.4504361321,1
2,4.21052631579,36.8421052632,24.16160384,21.5674852078,1
3,255.263157895,297.894736842,21.745443456,23.7242337285,1
4,328.421052632,281.052631579,21.745443456,23.7242337285,1
5,333.684210526,257.368421053,21.745443456,23.7242337285,1
