#item,x,y,dx,dy,label
0,221.904761905,290.476190476,35.7564767174,41.9329734187,1
1,22.380952381,302.380952381,26.066471527,30.5691376222,1
2,123.80952381,223.80952381,28.6731186797,33.6260513845,1
3,179.047619048,475.238095238,28.6731186797,24.5133914593,1
