#item,x,y,dx,dy,label
0,103.125,466.875,40.7824585174,33.0337913991,1
1,106.875,1.875,26.2248993497,25.4459936141,1
2,152.5,475.0,31.7321282132,25.191533678,1
