#item,x,y,dx,dy,label
0,52.0,271.0,60.6999702267,77.9860185051,1
1,255.0,1.0,29.0326075895,37.3004708944,1
2,34.0,168.0,33.0736847144,42.4923600215,1
3,1.0,164.0,39.6189669194,67.7500270309,1
