#item,x,y,dx,dy,label
0,210.909090909,119.090909091,31.5846542326,41.8214237347,1
1,234.545454545,228.181818182,31.5846542326,41.8214237347,1
2,199.090909091,308.181818182,31.5846542326,30.4878179026,1
3,242.727272727,392.727272727,34.7431196559,40.5792856284,1
4,41.8181818182,442.727272727,18.463918253,21.5654961336,1
5,36.3636363636,456.363636364,22.3413410862,26.0942503217,1
6,143.888888889,285.0,32.3344189445,37.9626057846,1
