#item,x,y,dx,dy,label
0,93.8095238095,260.952380952,36.3234598889,37.1994263376,1
