#item,x,y,dx,dy,label
0,224.210526316,79.4736842105,28.5974894749,33.9029692712,1
1,408.947368421,220.0,28.5974894749,33.9029692712,1
2,341.052631579,87.3684210526,28.5974894749,33.9029692712,1
3,280.0,386.315789474,34.6029622647,41.0225928181,1
