#item,x,y,dx,dy,label
0,215.714285714,277.142857143,22.7567761232,25.6016953951,1
1,142.857142857,378.095238095,22.7567761232,25.6016953951,1
2,126.666666667,404.285714286,25.0324537355,28.1618649346,1
3,251.428571429,410.952380952,27.5356991091,30.978051428,1
4,325.238095238,320.476190476,30.28926902,34.0758565708,1
