#item,x,y,dx,dy,label
0,200.476190476,433.333333333,41.2065424482,42.6265332897,1
