#item,x,y,dx,dy,label
0,195.0,250.0,38.5100730918,40.9948017871,1
1,95.0,108.0,27.7931048511,29.5863583978,1
