#item,x,y,dx,dy,label
0,40.4761904762,235.714285714,27.7883762596,33.9138738169,1
1,1.90476190476,229.047619048,27.7883762596,33.9138738169,1
2,154.761904762,307.619047619,27.7883762596,33.9138738169,1
3,203.333333333,331.904761905,22.5085847703,27.4702377917,1
