#item,x,y,dx,dy,label
0,343.684210526,21.0526315789,39.4727961082,59.5011351471,1
1,318.947368421,83.6842105263,39.4727961082,59.5011351471,1
