#item,x,y,dx,dy,label
0,150.0,152.307692308,20.9672093605,26.686766847,1
