#item,x,y,dx,dy,label
0,142.0,98.0,23.5710769042,25.0361910649,1
1,130.0,104.666666667,23.5710769042,25.0361910649,1
2,114.666666667,105.333333333,23.5710769042,25.0361910649,1
3,424.666666667,402.0,25.9281845946,27.5398101714,1
