#item,x,y,dx,dy,label
0,155.454545455,63.6363636364,43.3763275222,65.4292593227,1
1,163.636363636,1.81818181818,48.9197818816,37.487815599,1
