#item,x,y,dx,dy,label
0,4.70588235294,242.941176471,38.2664841806,44.0183716881,1
1,25.8823529412,278.823529412,46.3024458585,58.5884527169,1
2,94.1176470588,170.0,41.6722012727,42.7109820306,1
3,170.588235294,210.0,37.5049811454,42.7109820306,1
4,220.588235294,215.882352941,33.7544830309,34.5958954448,1
5,259.411764706,269.411764706,30.3790347278,41.4424231533,1
6,320.588235294,206.470588235,27.341131255,37.298180838,1
7,342.352941176,204.705882353,27.341131255,37.298180838,1
