#item,x,y,dx,dy,label
0,372.380952381,222.380952381,55.6509446165,73.2480009119,1
1,390.0,411.904761905,50.0858501548,88.6300811034,1
