#item,x,y,dx,dy,label
0,297.058823529,262.352941176,29.0663316797,29.2274903794,1
1,255.882352941,439.411764706,46.8116178334,47.0711655309,1
