#item,x,y,dx,dy,label
0,90.6666666667,342.666666667,35.968864886,45.261977813,1
1,0.625,346.875,15.0235439486,45.261977813,1
2,408.125,451.25,35.0704834566,36.8407092722,1
