#item,x,y,dx,dy,label
0,70.0,260.0,47.8906487528,61.5288772944,1
1,235.454545455,245.454545455,31.4210546467,40.3690963929,1
2,202.727272727,192.727272727,25.4510542638,32.6989680782,1
