#item,x,y,dx,dy,label
0,366.315789474,153.157894737,47.0956106889,46.8516687305,1
1,432.105263158,278.947368421,46.624654582,45.4601273175,1
2,169.473684211,451.578947368,27.2560783613,26.8437505797,1
3,113.684210526,468.421052632,21.8566492379,23.6786039489,1
4,393.684210526,455.263157895,26.1820801221,34.3211656011,1
