#item,x,y,dx,dy,label
0,411.764705882,271.764705882,31.8773847101,39.7523191297,1
1,436.470588235,243.529411765,35.0651231811,39.7523191297,1
2,456.470588235,435.294117647,38.5716354992,43.7275510426,1
