#item,x,y,dx,dy,label
0,379.047619048,365.238095238,29.654803846,36.0284667816,1
1,437.619047619,345.714285714,24.0203911152,29.1830580931,1
