#item,x,y,dx,dy,label
0,64.375,215.625,30.7212531646,37.2543886767,1
1,11.875,261.25,40.8899879621,37.2543886767,1
2,65.625,404.375,40.8899879621,53.9987089569,1
3,358.125,460.625,29.8088012244,38.5816941589,1
4,441.875,161.875,39.6755144296,46.6838499322,1
