#item,x,y,dx,dy,label
0,85.2631578947,116.842105263,25.2888288775,33.1390967187,1
1,166.315789474,247.368421053,25.2888288775,33.1390967187,1
2,133.157894737,297.368421053,25.2888288775,33.1390967187,1
