#item,x,y,dx,dy,label
0,77.1428571429,116.666666667,29.5562204328,32.2961138047,1
