#item,x,y,dx,dy,label
0,358.461538462,320.0,32.4591169406,40.0864515283,1
