#item,x,y,dx,dy,label
0,47.0,94.0,23.793894414,25.7859997003,1
