#item,x,y,dx,dy,label
0,115.263157895,14.7368421053,36.0756192332,43.7756907131,1
1,5.78947368421,198.947368421,36.0756192332,43.7756907131,1
2,270.526315789,165.263157895,36.0756192332,43.7756907131,1
3,292.105263158,192.631578947,39.6831811565,48.1532597844,1
4,304.210526316,214.736842105,32.1433767368,39.0041404253,1
5,262.105263158,323.684210526,38.8934858515,47.1950099147,1
6,332.631578947,121.578947368,24.760105472,30.044965054,1
