#item,x,y,dx,dy,label
0,417.647058824,3.52941176471,31.3951461743,40.1403674096,1
