#item,x,y,dx,dy,label
0,108.571428571,129.285714286,40.1734927721,36.1318531669,1
1,0.0,165.714285714,29.2864762309,36.1318531669,1
2,134.285714286,122.142857143,35.4366362393,29.2668010652,1
3,397.142857143,412.857142857,18.4577150198,16.9378464691,1
