#item,x,y,dx,dy,label
0,2.85714285714,206.666666667,36.5315466027,33.3345653105,1
1,72.8571428571,417.619047619,32.8783919424,33.3345653105,1
2,265.238095238,368.095238095,29.5905527482,30.0011087794,1
3,281.904761905,382.857142857,29.5905527482,30.0011087794,1
4,154.761904762,455.714285714,23.968347726,24.3008981113,1
5,254.285714286,166.19047619,26.3651824986,26.7309879225,1
6,182.380952381,101.428571429,21.3557978239,24.0578891302,1
7,1.76470588235,224.705882353,33.1292987837,36.4422286621,1
