#item,x,y,dx,dy,label
0,394.705882353,5.88235294118,43.2611923699,44.8025092413,1
1,348.823529412,13.5294117647,35.0415658196,36.2900324854,1
2,320.0,3.52941176471,31.5374092377,32.6610292369,1
