#item,x,y,dx,dy,label
0,322.0,406.0,37.9916194798,48.5460219722,1
1,64.0,279.333333333,41.7907814277,43.2545055772,1
2,343.47826087,151.739130435,22.6296007794,23.3226945553,1
3,360.0,148.260869565,20.3666407015,25.3984143708,1
