#item,x,y,dx,dy,label
0,402.941176471,352.941176471,25.2288838052,27.5987505112,1
1,323.529411765,373.529411765,18.391856294,24.83887546,1
2,320.588235294,388.235294118,18.391856294,24.83887546,1
3,0.0,258.235294118,18.391856294,33.0605432373,1
