#item,x,y,dx,dy,label
0,142.941176471,354.705882353,35.4821196122,43.1279117462,1
1,241.764705882,460.588235294,31.6145685745,34.5842724293,1
2,58.8235294118,374.117647059,31.6145685745,34.5842724293,1
