#item,x,y,dx,dy,label
0,52.6315789474,76.8421052632,27.0330227143,34.88882826,1
1,207.368421053,283.684210526,35.9809532327,42.2154821946,1
2,177.368421053,314.736842105,39.579048556,42.2154821946,1
3,83.6842105263,372.105263158,39.579048556,42.2154821946,1
4,172.105263158,460.0,25.9678137576,30.7750865199,1
5,192.105263158,463.157894737,25.70813562,33.8525951719,1
6,456.315789474,370.0,25.70813562,33.8525951719,1
