#item,x,y,dx,dy,label
0,176.666666667,270.0,46.0543756919,51.1138243139,1
1,200.0,225.714285714,46.0543756919,55.6629546779,1
2,416.666666667,323.80952381,41.4489381227,50.0966592101,1
3,453.80952381,331.904761905,41.4489381227,49.0997356918,1
4,455.238095238,275.714285714,41.4489381227,54.009709261,1
5,393.80952381,41.9047619048,50.1532151284,54.009709261,1
6,463.529411765,20.5882352941,34.1204535332,40.268098123,1
