#item,x,y,dx,dy,label
0,36.0,453.0,29.6619285378,32.1453254805,1
1,61.0,208.0,24.0261621156,26.0377136392,1
2,350.0,109.0,24.0261621156,26.0377136392,1
3,230.0,81.0,24.0261621156,26.0377136392,1
