#item,x,y,dx,dy,label
0,261.428571429,105.238095238,32.9115522038,37.81584091,1
1,258.571428571,86.1904761905,32.9115522038,37.81584091,1
2,194.761904762,52.8571428571,32.9115522038,37.81584091,1
