#item,x,y,dx,dy,label
0,391.538461538,278.461538462,47.6906397548,48.4231817903,1
1,427.692307692,228.461538462,34.7664763812,35.3004995252,1
2,380.769230769,264.615384615,34.7664763812,35.3004995252,1
