#item,x,y,dx,dy,label
0,106.153846154,54.6153846154,28.3360207223,29.8063516442,1
1,393.846153846,205.384615385,22.9521767851,24.1431448318,1
