#item,x,y,dx,dy,label
0,123.333333333,409.333333333,26.5307011637,28.179777535,1
1,424.0,406.0,38.8435995738,41.2580122889,1
2,410.666666667,121.333333333,22.7073895412,24.1188192397,1
3,332.666666667,148.666666667,27.4759413448,29.1837712801,1
4,136.842105263,286.842105263,24.6331020204,30.1071246916,1
5,122.631578947,271.052631579,24.6331020204,30.1071246916,1
6,246.875,283.75,22.9718734866,24.3663804254,1
7,200.0,395.0,27.7959669188,29.4833203147,1
8,193.75,420.0,27.7959669188,29.4833203147,1
