#item,x,y,dx,dy,label
0,14.7058823529,36.4705882353,36.8722292991,41.3829733997,1
1,35.8823529412,221.764705882,36.8722292991,41.3829733997,1
2,221.764705882,7.05882352941,36.8722292991,41.3829733997,1
3,431.764705882,63.5294117647,49.0769371971,50.0733978136,1
