#item,x,y,dx,dy,label
0,187.272727273,321.818181818,44.1314856371,48.5283248951,1
1,2.22222222222,60.0,27.1240122986,42.38604962,1
