#item,x,y,dx,dy,label
0,60.5882352941,67.0588235294,34.1256694006,34.3148796721,1
1,72.3529411765,100.588235294,34.1256694006,34.3148796721,1
