#item,x,y,dx,dy,label
0,45.2941176471,333.529411765,48.7869371137,121.554539831,1
1,462.352941176,221.764705882,25.9273786466,42.3834473353,1
