#item,x,y,dx,dy,label
0,13.8095238095,310.952380952,33.6825165337,44.7207258336,1
1,41.9047619048,311.904761905,40.7558450057,44.7207258336,1
2,71.9047619048,290.476190476,33.0122344546,44.7207258336,1
3,107.619047619,100.476190476,36.3134579001,49.1927984169,1
