#item,x,y,dx,dy,label
0,128.947368421,14.7368421053,38.7239587207,36.3477493975,1
1,104.210526316,0.0,25.4067893166,14.0818628456,1
