#item,x,y,dx,dy,label
0,75.2380952381,121.904761905,31.3665184289,35.5192186407,1
