#item,x,y,dx,dy,label
0,40.0,274.705882353,43.6021744679,48.7154748444,1
1,127.647058824,247.647058824,43.6021744679,48.7154748444,1
2,189.411764706,341.176470588,43.6021744679,48.7154748444,1
3,267.058823529,456.470588235,47.9623919147,39.0649392777,1
