#item,x,y,dx,dy,label
0,158.0,308.666666667,36.60736193,38.8827761831,1
1,94.6666666667,428.666666667,40.268098123,42.7710538014,1
2,405.789473684,460.0,42.9933191428,37.9239768827,1
