#item,x,y,dx,dy,label
0,153.684210526,130.526315789,31.674197801,35.8960609168,1
1,158.947368421,187.894736842,31.674197801,35.8960609168,1
2,232.631578947,146.842105263,42.1583572731,47.7776570802,1
3,380.526315789,77.3684210526,27.6600982069,28.2122287293,1
4,384.210526316,119.473684211,27.6600982069,28.2122287293,1
5,425.263157895,106.842105263,27.6600982069,28.2122287293,1
6,436.842105263,94.2105263158,30.4261080276,31.0334516022,1
7,436.842105263,110.0,30.4261080276,31.0334516022,1
8,130.0,74.7368421053,22.1806327521,22.623386218,1
