#item,x,y,dx,dy,label
0,355.714285714,390.952380952,29.2749665656,34.6786476533,1
1,37.619047619,390.0,32.2024632222,34.6786476533,1
