#item,x,y,dx,dy,label
0,347.0,203.0,38.9775683959,49.4629846561,1
1,413.0,268.0,31.5718304007,40.0650175714,1
2,438.0,205.0,34.7290134408,44.0715193286,1
3,474.0,150.0,28.130500887,35.6979306562,1
4,436.0,447.0,30.9435509757,39.2677237218,1
5,415.0,349.0,25.0642762903,31.8068562146,1
6,114.0,237.0,25.0642762903,25.7635535339,1
