#item,x,y,dx,dy,label
0,88.4210526316,264.210526316,36.2025783113,45.0399357031,1
1,77.8947368421,233.157894737,36.2025783113,45.0399357031,1
2,1.57894736842,281.052631579,36.2025783113,45.0399357031,1
