#item,x,y,dx,dy,label
0,252.0,392.0,42.2835052406,46.8580975448,1
1,405.0,213.0,38.0551547165,42.1722877903,1
2,384.0,412.0,46.046737207,51.0284682263,1
