#item,x,y,dx,dy,label
0,290.0,448.0,34.0975308173,36.0414559328,1
1,385.0,465.0,27.618999962,29.1935793056,1
2,42.0,277.0,36.7608889494,38.8566540557,1
3,3.0,286.0,36.7608889494,38.8566540557,1
4,87.0,438.0,26.7986880441,31.4738897851,1
5,180.0,429.0,26.7986880441,31.4738897851,1
6,173.0,478.0,26.0027402105,22.9444656534,1
7,363.0,236.0,20.8515973748,25.2389122187,1
8,159.0,241.0,20.8515973748,25.2389122187,1
