#item,x,y,dx,dy,label
0,448.947368421,0.0,41.6175214904,44.3897415821,1
1,483.157894737,76.3157894737,41.6175214904,53.7115873143,1
