#item,x,y,dx,dy,label
0,165.263157895,228.421052632,42.9701306587,62.8069571296,1
1,123.684210526,254.210526316,42.9701306587,62.8069571296,1
2,60.0,345.789473684,47.2671437246,69.0876528425,1
