#item,x,y,dx,dy,label
0,390.666666667,262.0,33.8360494878,39.53312713,1
1,207.333333333,12.6666666667,24.6664800766,28.8196496777,1
