#item,x,y,dx,dy,label
0,154.375,44.375,23.2343572965,25.2767216745,1
1,150.0,95.0,33.3404758096,36.2711960044,1
2,176.25,96.25,21.8746861787,29.3796687636,1
3,307.5,439.375,34.8771068293,38.3261627757,1
4,221.25,465.0,34.8771068293,38.3261627757,1
5,208.75,374.375,20.5945828116,22.6312158574,1
