#item,x,y,dx,dy,label
0,214.0,190.666666667,62.5675685601,66.4565987928,1
1,441.333333333,168.0,41.0505817323,43.6021744679,1
2,246.842105263,183.157894737,54.0831323885,71.264802717,1
