#item,x,y,dx,dy,label
0,295.454545455,370.909090909,35.5255164974,48.228320096,1
