#item,x,y,dx,dy,label
0,175.882352941,417.647058824,32.6380976341,38.9922183222,1
1,307.647058824,295.294117647,38.7062053844,31.583696841,1
