#item,x,y,dx,dy,label
0,271.333333333,206.0,33.7390340391,35.8361608161,1
1,338.666666667,147.333333333,33.7390340391,35.8361608161,1
2,352.631578947,312.631578947,25.9937441371,33.234387068,1
3,327.368421053,231.052631579,23.3943697234,29.9109483612,1
4,335.263157895,204.210526316,23.3943697234,29.9109483612,1
5,398.947368421,310.0,34.251696712,43.7926194956,1
6,421.578947368,293.157894737,22.4725382128,28.7323376511,1
