#item,x,y,dx,dy,label
0,468.571428571,290.0,32.3059139752,32.7321396551,1
