#item,x,y,dx,dy,label
0,320.526315789,95.7894736842,56.631683573,83.2901640663,1
1,0.526315789474,1.05263157895,33.440442833,39.8374272734,1
2,233.157894737,0.0,47.9858453201,26.1373360341,1
3,362.105263158,373.684210526,62.5981638346,73.8271413911,1
4,357.894736842,429.473684211,62.5981638346,73.8271413911,1
5,187.368421053,282.105263158,26.946456937,39.234769848,1
6,144.736842105,260.0,47.7372921978,46.999330801,1
7,100.526315789,221.578947368,38.6672066802,51.6992638811,1
8,134.210526316,490.526315789,38.6672066802,51.6992638811,1
