#item,x,y,dx,dy,label
0,209.411764706,20.0,32.2151238539,37.8352573053,1
