#item,x,y,dx,dy,label
0,141.764705882,215.882352941,31.3951461743,36.4912430996,1
