#item,x,y,dx,dy,label
0,208.571428571,242.142857143,36.089931335,34.4766875448,1
1,330.0,342.142857143,39.3019352238,37.5451127363,1
2,281.428571429,390.0,30.5801585506,52.8037701252,1
3,102.857142857,372.142857143,40.2951691206,41.9199098308,1
4,59.2857142857,363.571428571,29.3751782889,41.9199098308,1
5,262.142857143,478.571428571,39.0983623025,20.0501629203,1
6,470.714285714,345.714285714,23.1996028526,27.6375673619,1
