#item,x,y,dx,dy,label
0,53.8095238095,113.333333333,39.7051346999,46.0361587489,1
1,50.9523809524,207.142857143,48.0432129869,50.1333768776,1
2,79.0476190476,390.952380952,22.9789198377,32.8925085694,1
3,126.19047619,379.047619048,37.0077801877,47.6763425784,1
4,143.333333333,389.047619048,37.0077801877,47.6763425784,1
5,170.476190476,389.047619048,40.7085582065,52.4439768363,1
6,204.761904762,351.428571429,49.2573554299,51.4003416972,1
7,171.428571429,465.238095238,43.4494206512,33.7237641876,1
8,207.619047619,465.238095238,47.7943627163,33.7237641876,1
