#item,x,y,dx,dy,label
0,237.894736842,118.421052632,31.2325281866,41.3551715962,1
1,337.368421053,0.0,34.3557810052,30.1479200936,1
