#item,x,y,dx,dy,label
0,286.19047619,74.7619047619,40.6514145835,50.3913506056,1
1,377.142857143,94.2857142857,40.6514145835,50.3913506056,1
2,315.238095238,90.9523809524,36.5862731252,45.352215545,1
3,320.0,168.571428571,44.2693904815,60.3637988904,1
4,370.952380952,154.761904762,32.272385661,44.0052093911,1
5,271.904761905,259.047619048,39.0495866498,53.2463033632,1
6,385.238095238,330.0,39.0495866498,53.2463033632,1
7,451.904761905,186.19047619,39.0495866498,53.2463033632,1
