#item,x,y,dx,dy,label
0,440.0,45.2941176471,33.6022189016,46.3024458585,1
1,405.882352941,8.23529411765,36.9624407917,33.7544830309,1
