#item,x,y,dx,dy,label
0,178.947368421,46.8421052632,50.0305928387,55.8039292208,1
1,159.473684211,53.6842105263,26.5883082888,32.9516621656,1
2,79.4736842105,104.210526316,23.9294774599,29.656495949,1
3,95.7894736842,135.263157895,26.3224252059,32.2959240885,1
4,252.105263158,153.684210526,28.9546677265,35.5255164974,1
5,332.631578947,11.0526315789,46.6317819202,47.284462458,1
6,317.368421053,384.736842105,33.9945690199,38.300414591,1
7,48.4210526316,200.526315789,26.4505883633,27.9210022368,1
8,14.2105263158,249.473684211,19.2824789169,25.1289020131,1
