#item,x,y,dx,dy,label
0,41.5789473684,275.263157895,28.8140830773,30.2888579668,1
1,53.1578947368,285.789473684,25.9326747696,27.2599721702,1
2,69.4736842105,279.473684211,28.5259422465,29.9859693872,1
3,70.0,307.368421053,23.1060132197,24.2886352036,1
4,72.6315789474,115.789473684,27.9582759958,29.3892485964,1
