#item,x,y,dx,dy,label
0,132.105263158,71.5789473684,25.5148892242,28.8963501701,1
1,11.0526315789,213.157894737,30.5642858016,34.6149378688,1
2,82.1052631579,223.157894737,33.6207143818,38.0764316557,1
3,68.9473684211,233.684210526,27.2327786493,30.8419096411,1
4,101.578947368,337.894736842,24.5095007843,27.757718677,1
