#item,x,y,dx,dy,label
0,20.4761904762,391.428571429,38.8402059274,42.2350932279,1
1,49.0476190476,405.238095238,38.8402059274,42.2350932279,1
2,157.619047619,472.380952381,34.6066234813,27.4333402201,1
