#item,x,y,dx,dy,label
0,12.6666666667,0.666666666667,44.9343448248,43.6699902215,1
1,95.3333333333,64.0,32.4295660035,35.0189651586,1
2,184.0,79.3333333333,39.2397748642,38.1356530577,1
3,93.3333333333,132.666666667,38.8473771156,41.9492183635,1
4,325.333333333,1.33333333333,45.153128902,30.580980187,1
5,396.666666667,442.0,38.2596970901,46.8371866032,1
6,448.666666667,218.0,38.2596970901,42.1534679429,1
7,365.333333333,64.0,22.5919685347,22.402081157,1
8,393.333333333,36.0,22.5919685347,24.6422892727,1
