#item,x,y,dx,dy,label
0,144.615384615,128.461538462,40.4913651801,49.0110178623,1
1,146.153846154,245.384615385,36.4422286621,44.1099160761,1
2,206.153846154,285.384615385,32.7980057959,44.1099160761,1
