#item,x,y,dx,dy,label
0,299.047619048,461.904761905,34.3758737576,31.684385485,1
1,325.714285714,451.428571429,45.7542879713,38.3381064369,1
