#item,x,y,dx,dy,label
0,102.352941176,296.470588235,36.0051421153,45.7960472157,1
1,259.411764706,264.117647059,36.0051421153,41.2164424941,1
2,347.058823529,42.3529411765,26.2477486021,33.3853184202,1
3,432.941176471,98.2352941176,28.8725234623,27.0421079204,1
4,272.941176471,0.0,28.5837982276,24.3378971283,1
5,298.823529412,0.588235294118,31.4421780504,19.713696674,1
