#item,x,y,dx,dy,label
0,58.4210526316,202.631578947,36.2885694098,42.7980819338,1
1,411.052631579,434.736842105,36.2885694098,47.0778901272,1
2,401.052631579,450.0,29.3937412219,38.133091003,1
3,446.842105263,364.736842105,21.4280373508,27.7990233412,1
4,139.473684211,33.1578947368,21.4280373508,27.7990233412,1
5,115.263157895,26.3157894737,25.9279251945,33.6368182429,1
6,350.0,47.8947368421,28.5207177139,33.6368182429,1
