#item,x,y,dx,dy,label
0,245.0,256.25,20.3886369835,22.4049036989,1
1,175.0,176.875,16.5147959566,18.1479719961,1
2,436.25,225.0,38.5516147434,62.0252041085,1
