#item,x,y,dx,dy,label
0,257.142857143,95.2380952381,35.5072034738,38.3849667437,1
1,64.7619047619,456.666666667,31.9564831264,34.5464700693,1
2,417.142857143,423.80952381,25.8847513324,34.5464700693,1
3,379.523809524,355.238095238,25.8847513324,31.0918230624,1
