#item,x,y,dx,dy,label
0,254.761904762,152.380952381,32.7801051167,37.6521522773,1
1,412.380952381,299.523809524,39.6639271912,37.6521522773,1
2,404.285714286,447.619047619,43.6303199103,45.5591042555,1
