#item,x,y,dx,dy,label
0,233.333333333,440.952380952,41.9892759467,55.7497209475,1
1,44.2857142857,243.333333333,41.9892759467,50.1747488527,1
2,429.047619048,462.857142857,30.6101821651,32.9196527223,1
3,332.857142857,463.80952381,24.7942475538,29.6276874501,1
