#item,x,y,dx,dy,label
0,0.0,183.333333333,22.5664076292,42.8000588779,1
1,4.7619047619,191.428571429,27.3053532314,42.8000588779,1
2,224.285714286,135.238095238,48.3730988759,42.8000588779,1
3,220.476190476,200.0,35.2639890805,42.8000588779,1
4,245.714285714,198.571428571,38.7903879886,47.0800647657,1
5,218.095238095,361.428571429,38.7903879886,47.0800647657,1
6,361.428571429,454.761904762,38.7903879886,42.3720582892,1
7,338.095238095,54.7619047619,38.7903879886,42.3720582892,1
