#item,x,y,dx,dy,label
0,156.666666667,58.6666666667,38.2232737787,40.5991287262,1
