#item,x,y,dx,dy,label
0,427.058823529,225.294117647,52.5479157824,66.1911744737,1
1,387.058823529,391.176470588,42.5638117837,53.6148513237,1
