#item,x,y,dx,dy,label
0,290.0,160.0,30.0412835026,31.9085681432,1
1,259.333333333,170.666666667,21.9000956734,23.2613461764,1
