#item,x,y,dx,dy,label
0,184.210526316,12.1052631579,27.2361160192,32.7189669438,1
1,277.894736842,133.684210526,43.4253968379,42.6823209967,1
2,429.473684211,221.578947368,39.0828571541,42.6823209967,1
