#item,x,y,dx,dy,label
0,24.7619047619,415.714285714,55.4456251861,71.5014711647,1
1,393.80952381,72.380952381,32.7400872162,42.220903708,1
2,446.19047619,115.714285714,32.7400872162,42.220903708,1
3,467.142857143,181.904761905,32.7400872162,42.220903708,1
