#item,x,y,dx,dy,label
0,67.2727272727,375.454545455,35.7224882415,41.9263179721,1
