#item,x,y,dx,dy,label
0,28.1818181818,302.727272727,28.5166438204,34.4935464982,1
1,1.81818181818,313.636363636,19.9694782446,45.4518012852,1
2,52.7272727273,458.181818182,24.163068676,32.4749893105,1
3,42.7272727273,207.272727273,14.2680504225,19.1761564379,1
4,1.11111111111,391.666666667,21.3179056275,33.3129846638,1
