#item,x,y,dx,dy,label
0,434.736842105,4.73684210526,31.9729648476,43.3763275222,1
1,460.526315789,1.05263157895,25.6391205113,16.8048780197,1
2,114.736842105,23.6842105263,27.9210022368,32.7479531604,1
3,133.157894737,25.7894736842,27.9210022368,32.7479531604,1
