#item,x,y,dx,dy,label
0,121.176470588,379.411764706,29.3653092524,32.4591169406,1
