#item,x,y,dx,dy,label
0,1.57894736842,0.526315789474,22.6042728839,44.2489369842,1
