#item,x,y,dx,dy,label
0,310.0,217.368421053,27.4616798518,27.7111218655,1
1,302.631578947,264.210526316,27.1870630532,30.1774117115,1
