#item,x,y,dx,dy,label
0,374.545454545,156.363636364,20.5876637493,25.1542463475,1
