#item,x,y,dx,dy,label
0,350.0,111.428571429,28.7784250958,35.1221628867,1
