#item,x,y,dx,dy,label
0,1.81818181818,205.454545455,38.3132865204,50.4680733024,1
1,17.7777777778,202.777777778,41.1271415602,57.841566334,1
