#item,x,y,dx,dy,label
0,389.473684211,228.421052632,49.9878244555,64.8720036469,1
1,322.631578947,137.368421053,44.9890420099,58.3848032822,1
2,220.0,135.263157895,40.4901378089,47.2916906586,1
3,437.894736842,335.263157895,48.5031360813,56.6507162399,1
4,198.947368421,43.6842105263,43.6528224732,45.8870801543,1
