#item,x,y,dx,dy,label
0,31.5789473684,169.473684211,48.0181047205,67.183274054,1
