#item,x,y,dx,dy,label
0,64.2105263158,362.105263158,32.9956517153,40.119131019,1
1,211.052631579,405.263157895,36.2952168868,36.1072179171,1
2,212.631578947,298.421052632,36.2952168868,43.6897336797,1
3,455.263157895,425.263157895,36.2952168868,43.6897336797,1
4,439.473684211,452.631578947,39.9247385755,35.3886842805,1
5,175.789473684,1.57894736842,29.1051344215,28.6648342672,1
6,3.68421052632,471.052631579,29.1051344215,28.6648342672,1
