#item,x,y,dx,dy,label
0,36.6666666667,138.571428571,49.1792028142,57.078386367,1
1,64.7619047619,170.476190476,44.2612825328,51.3705477303,1
2,157.142857143,427.619047619,48.6874107861,51.3705477303,1
