#item,x,y,dx,dy,label
0,14.7058823529,2.35294117647,37.9753641839,29.2524967189,1
1,27.0588235294,2.35294117647,37.9753641839,35.3955210299,1
2,44.1176470588,462.352941176,30.7600449889,35.3955210299,1
