#item,x,y,dx,dy,label
0,293.80952381,383.333333333,21.2023909349,26.9466152288,1
