#item,x,y,dx,dy,label
0,180.0,66.0,38.5327723818,45.0206514147,1
1,77.3333333333,72.6666666667,38.5327723818,45.0206514147,1
2,172.666666667,362.0,45.6968239558,53.3909359463,1
3,94.6666666667,366.666666667,45.6968239558,53.3909359463,1
4,331.333333333,446.666666667,29.9816861974,35.0297930744,1
5,268.0,140.0,32.9798548172,38.5327723818,1
