#item,x,y,dx,dy,label
0,2.38095238095,51.9047619048,35.01602627,70.5640602074,1
1,468.571428571,308.571428571,30.8872866125,37.5006347207,1
2,39.0476190476,452.380952381,71.3812770868,45.375768012,1
