#item,x,y,dx,dy,label
0,28.9473684211,11.0526315789,32.1764491069,42.164801865,1
1,214.210526316,112.105263158,23.4566313989,30.7381405596,1
2,298.947368421,13.1578947368,23.4566313989,30.7381405596,1
3,415.789473684,43.1578947368,25.8022945388,33.8119546156,1
4,114.736842105,279.473684211,20.8998585764,27.3876832386,1
5,33.1578947368,232.631578947,20.8998585764,27.3876832386,1
