#item,x,y,dx,dy,label
0,383.80952381,230.952380952,35.3211447899,45.5493793644,1
1,394.761904762,155.238095238,35.3211447899,45.5493793644,1
