#item,x,y,dx,dy,label
0,171.176470588,178.823529412,27.7534761059,32.7539520539,1
