#item,x,y,dx,dy,label
0,30.6666666667,240.0,24.554466982,26.0807060007,1
1,316.666666667,406.666666667,32.3551755975,34.36628549,1
2,143.684210526,17.3684210526,26.3664231087,29.0030654196,1
