#item,x,y,dx,dy,label
0,130.588235294,304.117647059,21.2217420354,26.4643247729,1
1,185.294117647,442.352941176,21.2217420354,26.4643247729,1
2,197.647058824,453.529411765,21.2217420354,26.4643247729,1
3,423.529411765,460.0,37.595610542,38.7464179001,1
