#item,x,y,dx,dy,label
0,120.0,289.047619048,15.1267561751,20.5984764061,1
1,73.3333333333,465.238095238,20.1337124691,27.4165720965,1
