#item,x,y,dx,dy,label
0,364.761904762,443.333333333,36.828463422,42.7007993144,1
1,374.761904762,210.476190476,40.5113097642,46.9708792459,1
2,441.428571429,185.714285714,32.814160909,38.0464121892,1
3,139.523809524,212.857142857,36.0955769999,41.8510534081,1
