#item,x,y,dx,dy,label
0,297.647058824,65.2941176471,35.8843600983,36.0833214561,1
1,288.823529412,68.2352941176,35.8843600983,36.0833214561,1
