#item,x,y,dx,dy,label
0,25.3333333333,206.666666667,33.2509712032,35.317761319,1
1,172.666666667,468.0,44.2570426714,47.0079403156,1
2,30.0,225.263157895,39.0323374761,46.289268692,1
