#item,x,y,dx,dy,label
0,25.3333333333,232.666666667,25.1834653582,26.7488012086,1
1,71.3333333333,282.666666667,18.3587462461,19.4998760811,1
