#item,x,y,dx,dy,label
0,397.647058824,44.1176470588,20.4285303012,23.9762989442,1
1,412.352941176,72.3529411765,18.3856772711,23.9762989442,1
2,435.294117647,104.117647059,18.3856772711,21.5786690498,1
