#item,x,y,dx,dy,label
0,112.857142857,163.80952381,19.6734651513,21.9263281101,1
1,24.7619047619,325.714285714,34.8527435969,38.843827753,1
2,25.7142857143,470.476190476,25.1535735813,28.0339789276,1
3,13.3333333333,467.142857143,25.1535735813,28.0339789276,1
