#item,x,y,dx,dy,label
0,61.7647058824,160.588235294,27.0677199424,29.6103171018,1
1,155.294117647,390.0,29.4767470173,43.3524652688,1
2,235.882352941,351.176470588,38.8412147773,43.3524652688,1
3,310.588235294,317.647058824,38.8412147773,43.3524652688,1
4,476.470588235,321.764705882,22.9353489138,57.7021312728,1
