#item,x,y,dx,dy,label
0,30.0,352.105263158,37.0687536528,39.1425921853,1
1,170.0,287.368421053,30.0256904588,35.2283329668,1
