#item,x,y,dx,dy,label
0,163.333333333,302.0,47.0211237692,52.5846549432,1
1,160.0,282.0,24.4916728716,27.9456416077,1
2,196.666666667,0.0,38.6591468033,30.7402057685,1
3,146.0,3.33333333333,34.7932321229,40.9152138778,1
4,390.666666667,213.333333333,25.3642662176,29.8271909169,1
5,302.666666667,120.0,30.6907621233,36.0909010095,1
6,466.315789474,380.0,31.558610863,48.1003061469,1
