#item,x,y,dx,dy,label
0,77.619047619,178.095238095,25.3100416643,33.7907999591,1
1,165.238095238,171.904761905,20.5011337481,27.3705479668,1
2,193.80952381,179.523809524,27.2870090187,36.4301993439,1
3,257.142857143,189.523809524,24.5583081168,32.7871794095,1
4,230.0,347.619047619,27.0141389285,36.0658973504,1
