#item,x,y,dx,dy,label
0,322.105263158,222.105263158,33.0,48.3153,1
1,312.631578947,123.157894737,26.4627,39.135393,1
2,291.904761905,130.0,45.3007028753,69.0454242879,1
3,302.941176471,72.9411764706,57.0623341222,110.086362807,1
