#item,x,y,dx,dy,label
0,471.333333333,158.0,28.7994151422,30.5895086163,1
