#item,x,y,dx,dy,label
0,150.0,260.0,24.757159793,34.0415232065,1
1,105.238095238,346.19047619,24.757159793,34.0415232065,1
2,131.428571429,347.619047619,22.2814438137,30.6373708859,1
3,91.9047619048,440.0,26.9605470145,33.3640968947,1
4,86.6666666667,452.380952381,26.9605470145,33.3640968947,1
5,96.6666666667,477.142857143,26.9605470145,21.8901839726,1
6,286.666666667,350.0,29.656601716,35.2543601897,1
7,304.761904762,383.333333333,19.4576963859,23.1303857205,1
8,276.666666667,233.80952381,25.8981938896,30.786543394,1
