#item,x,y,dx,dy,label
0,435.789473684,254.210526316,29.3300557512,29.3202018744,1
1,453.157894737,246.315789474,29.3300557512,29.3202018744,1
2,437.894736842,332.631578947,31.3048161419,34.7714431271,1
