#item,x,y,dx,dy,label
0,177.142857143,238.571428571,28.6731186797,35.8900564355,1
1,70.0,310.476190476,23.2252261305,29.0709457128,1
2,316.666666667,319.523809524,49.7853348431,42.5627716181,1
