#item,x,y,dx,dy,label
0,268.333333333,473.333333333,24.5552112977,24.0665625928,1
