#item,x,y,dx,dy,label
0,147.647058824,208.823529412,47.9301699431,132.090196174,1
1,131.764705882,229.411764706,47.9301699431,132.090196174,1
2,21.7647058824,344.705882353,47.9301699431,106.993058901,1
3,240.0,380.0,84.9112197946,106.993058901,1
4,337.647058824,215.294117647,50.1392261765,115.350286732,1
5,396.470588235,175.294117647,40.612773203,93.4337322528,1
6,397.058823529,39.4117647059,44.6740505233,113.054816026,1
7,384.117647059,1.76470588235,54.0556011332,90.6586569712,1
