#item,x,y,dx,dy,label
0,153.333333333,306.0,59.6612996624,63.369684109,1
1,127.333333333,396.0,48.3256527266,51.3294441283,1
2,366.0,404.0,48.3256527266,51.3294441283,1
3,444.666666667,412.666666667,39.1437787085,41.5768497439,1
4,405.333333333,473.333333333,39.1437787085,41.5768497439,1
5,353.333333333,138.666666667,39.1437787085,41.5768497439,1
