#item,x,y,dx,dy,label
0,112.0,211.0,30.2112642815,33.4797780032,1
1,172.0,271.0,33.2323907097,44.5615845223,1
2,280.0,361.0,40.2111927587,43.6748089903,1
3,349.0,343.0,32.5710661346,43.6748089903,1
4,444.0,321.0,35.828172748,48.0422898894,1
5,314.0,228.0,26.1187379333,35.0228293293,1
6,135.0,175.0,23.50686414,31.5205463964,1
7,38.0,53.0,21.156177726,28.3684917568,1
8,76.1111111111,22.2222222222,23.9419045976,26.0727341068,1
