#item,x,y,dx,dy,label
0,186.0,177.0,27.3317083813,30.288687045,1
1,156.0,186.0,27.3317083813,30.288687045,1
2,81.0,418.0,22.1386837889,24.5338365064,1
3,64.0,449.0,22.1386837889,24.5338365064,1
4,367.0,78.0,29.466588123,32.6545363901,1
5,77.0,267.0,32.0891144659,35.5607901288,1
