#item,x,y,dx,dy,label
0,213.333333333,387.619047619,23.1869408435,24.2119759247,1
1,137.619047619,466.666666667,28.0561984206,32.2261399557,1
2,152.380952381,124.761904762,18.4076717838,21.143570425,1
3,130.476190476,111.904761905,16.5669046054,19.0292133825,1
4,188.235294118,245.294117647,22.9907713343,26.4554336819,1
