#item,x,y,dx,dy,label
0,365.0,156.875,25.690864446,31.3683082024,1
1,376.25,203.75,25.4339558016,22.6388217128,1
