#item,x,y,dx,dy,label
0,457.647058824,374.705882353,26.9201228492,40.2005001694,1
