#item,x,y,dx,dy,label
0,253.333333333,298.0,36.6431723715,38.9208125044,1
1,313.333333333,247.333333333,32.9788551343,35.028731254,1
2,292.666666667,432.666666667,32.9788551343,35.028731254,1
3,207.333333333,403.333333333,29.6809696209,31.5258581286,1
4,256.0,119.333333333,21.6374268536,22.9823505757,1
5,172.105263158,307.894736842,24.8234639676,33.0400305408,1
6,66.3157894737,187.368421053,27.3058103643,33.0400305408,1
