#item,x,y,dx,dy,label
0,216.0,460.0,39.2332097832,39.1300154635,1
1,103.0,346.0,25.7409089388,25.6732031456,1
2,128.0,333.0,25.7409089388,25.6732031456,1
3,32.0,239.0,23.1668180449,23.105882831,1
