#item,x,y,dx,dy,label
0,108.235294118,21.7647058824,36.0029315854,35.2746182213,1
1,365.882352941,237.058823529,26.2461371258,25.7151966833,1
2,247.058823529,352.941176471,34.9336085144,34.2269267855,1
3,258.823529412,405.294117647,34.9336085144,34.2269267855,1
