#item,x,y,dx,dy,label
0,398.571428571,117.142857143,26.2807552949,23.6180700014,1
