#item,x,y,dx,dy,label
0,23.125,270.0,28.1685757728,37.5661946907,1
1,16.875,310.0,30.9854333501,33.4714794694,1
2,1.875,157.5,22.5883809122,33.4714794694,1
3,277.5,374.375,24.5987468134,21.7410313031,1
4,318.125,330.0,22.1388721321,21.7410313031,1
5,324.736842105,446.315789474,25.686937779,28.82933533,1
