#item,x,y,dx,dy,label
0,391.333333333,344.0,26.9110786258,28.5837982276,1
1,410.666666667,22.6666666667,24.2199707632,25.7254184049,1
