#item,x,y,dx,dy,label
0,370.666666667,150.0,43.4134392674,46.1119008138,1
1,256.0,39.3333333333,31.6483972259,33.6155756933,1
