#item,x,y,dx,dy,label
0,383.529411765,242.352941176,29.5127989505,35.1939052119,1
1,463.529411765,231.764705882,29.5127989505,35.1939052119,1
