#item,x,y,dx,dy,label
0,40.9523809524,160.952380952,43.9473330229,32.6073811817,1
1,315.238095238,400.476190476,31.717229716,29.0531766329,1
2,318.095238095,430.476190476,38.3778479563,38.2830803174,1
3,460.476190476,242.857142857,38.3778479563,42.1113883492,1
4,464.761904762,289.047619048,34.1946625291,37.9002495143,1
5,395.714285714,127.619047619,18.1724456491,20.1417465021,1
6,401.904761905,139.523809524,18.1724456491,20.1417465021,1
7,337.142857143,463.80952381,39.7184787249,33.5716386289,1
