#item,x,y,dx,dy,label
0,334.285714286,189.523809524,20.7671321693,23.8537130987,1
