#item,x,y,dx,dy,label
0,418.461538462,273.076923077,27.9448907764,33.8246817541,1
1,423.846153846,133.846153846,25.1504016988,30.4422135787,1
2,395.384615385,248.461538462,25.1504016988,30.4422135787,1
3,116.153846154,6.15384615385,21.310743554,25.7946658093,1
4,141.538461538,118.461538462,19.1796691986,23.2151992284,1
5,447.777777778,314.444444444,29.2721622682,31.8773847101,1
