#item,x,y,dx,dy,label
0,297.142857143,53.3333333333,44.6878692547,57.6091421473,1
