#item,x,y,dx,dy,label
0,162.631578947,67.3684210526,33.8867379884,43.7342355114,1
