#item,x,y,dx,dy,label
0,305.0,35.625,25.93768471,27.4072000851,1
1,363.125,421.875,28.2461386491,36.4789833133,1
