#item,x,y,dx,dy,label
0,179.0,316.0,45.8576424467,58.9169144415,1
1,212.0,402.0,54.3835411881,63.5189146286,1
2,26.0,340.0,44.0506683623,62.2548882275,1
