#item,x,y,dx,dy,label
0,410.0,63.3333333333,24.5178253301,31.5857971969,1
