#item,x,y,dx,dy,label
0,278.0,94.6666666667,47.9462782221,50.9264887344,1
1,308.0,168.666666667,47.9462782221,50.9264887344,1
2,16.6666666667,301.333333333,47.9462782221,50.9264887344,1
3,10.0,415.263157895,34.7778126912,41.2437384045,1
