#item,x,y,dx,dy,label
0,309.0,205.0,27.7814675151,33.4526954481,1
1,204.0,324.0,20.2526898185,26.8257164798,1
2,186.0,321.0,18.2274208367,24.1431448318,1
3,335.0,296.0,26.686766847,29.2132052465,1
4,332.0,339.0,29.3554435317,32.1345257711,1
5,353.0,352.0,39.0720953406,42.7710538014,1
6,440.0,410.0,25.635201753,28.0620883991,1
7,366.0,421.0,22.8409647619,25.0033207636,1
