#item,x,y,dx,dy,label
0,9.04761904762,138.095238095,29.0593500481,40.6117807164,1
1,415.238095238,71.9047619048,28.7687565476,36.1850966183,1
