#item,x,y,dx,dy,label
0,397.0,331.0,29.9393172042,34.1940055162,1
1,2.0,322.0,21.8257622419,40.1458753237,1
2,71.0,113.0,31.9550984984,34.7075708885,1
