#item,x,y,dx,dy,label
0,264.0,141.0,31.3003445684,41.6747598878,1
1,436.0,217.0,27.8886070104,33.418989954,1
