#item,x,y,dx,dy,label
0,120.476190476,312.857142857,26.2606772951,33.3192827885,1
1,104.285714286,344.285714286,28.5978775743,29.3906061549,1
2,78.0952380952,377.142857143,25.7380898169,29.3906061549,1
3,71.9047619048,244.761904762,25.7380898169,26.4515455394,1
4,31.9047619048,343.80952381,28.3118987986,29.0967000934,1
5,218.095238095,328.571428571,31.1430886784,32.0063701027,1
6,335.714285714,344.285714286,28.0287798106,32.0063701027,1
7,375.714285714,331.904761905,37.3063059279,38.7277078243,1
8,371.904761905,386.666666667,30.2181078016,38.7277078243,1
