#item,x,y,dx,dy,label
0,161.052631579,250.0,48.9840936578,55.998619652,1
1,124.210526316,275.263157895,48.9840936578,61.5984816172,1
2,0.526315789474,368.947368421,35.7094042765,61.5984816172,1
3,453.157894737,144.736842105,35.7094042765,44.905293099,1
4,87.8947368421,401.052631579,28.924617464,36.3732874102,1
5,59.4736842105,87.8947368421,28.924617464,36.3732874102,1
