#item,x,y,dx,dy,label
0,465.625,189.375,19.6726009378,20.0119388876,1
1,420.625,458.75,26.1842318482,29.2994797253,1
2,26.875,348.125,26.1842318482,29.2994797253,1
