#item,x,y,dx,dy,label
0,98.8235294118,108.823529412,25.6093728287,27.0511961798,1
1,122.352941176,104.705882353,25.6093728287,24.3460765618,1
2,191.764705882,60.0,23.0484355458,24.3460765618,1
3,37.6470588235,264.705882353,23.0484355458,24.3460765618,1
4,137.647058824,367.647058824,18.6692327921,24.3460765618,1
5,138.235294118,326.470588235,18.6692327921,24.3460765618,1
6,134.705882353,226.470588235,18.6692327921,24.3460765618,1
7,442.352941176,356.470588235,29.7663162429,35.6450906942,1
