#item,x,y,dx,dy,label
0,270.952380952,87.1428571429,30.598043155,33.6085976531,1
1,256.19047619,38.0952380952,27.5382388395,30.2477378878,1
2,11.1764705882,18.2352941176,33.604282031,39.6589255433,1
3,2.35294117647,35.8823529412,33.604282031,39.6589255433,1
