#item,x,y,dx,dy,label
0,72.1052631579,245.263157895,20.7916032134,22.0691164491,1
1,137.894736842,431.052631579,20.7916032134,22.0691164491,1
