#item,x,y,dx,dy,label
0,197.272727273,178.181818182,49.2571797591,53.6230472274,1
1,285.454545455,270.909090909,39.1043391243,42.570318356,1
2,188.181818182,119.090909091,43.0147730367,46.8273501916,1
3,107.272727273,356.363636364,42.1587790533,50.485034515,1
4,130.909090909,353.636363636,37.942901148,45.4365310635,1
5,302.727272727,479.090909091,49.0020414835,41.9263179721,1
6,401.666666667,411.111111111,19.1861150648,26.9835175777,1
