#item,x,y,dx,dy,label
0,245.789473684,19.4736842105,43.4488310027,49.2401384318,1
1,337.368421053,433.684210526,39.1039479025,49.2401384318,1
2,42.6315789474,424.736842105,35.1935531122,39.8845121298,1
