#item,x,y,dx,dy,label
0,457.142857143,161.428571429,24.8435333187,32.0269161691,1
