#item,x,y,dx,dy,label
0,366.666666667,362.666666667,20.2384702226,21.4964385978,1
1,435.333333333,220.666666667,20.2384702226,21.4964385978,1
2,456.0,210.0,20.2384702226,21.4964385978,1
3,466.666666667,394.0,24.4885489694,26.0106907033,1
