#item,x,y,dx,dy,label
0,141.052631579,133.157894737,25.0405267667,34.8650405235,1
1,260.526315789,130.526315789,25.0405267667,34.8650405235,1
2,272.105263158,1.57894736842,27.5445794434,25.4166145417,1
