#item,x,y,dx,dy,label
0,117.142857143,337.142857143,25.8626238919,27.5542741007,1
1,322.857142857,321.904761905,20.7392380989,22.0957724014,1
2,364.285714286,341.428571429,18.665314289,19.8861951612,1
