#item,x,y,dx,dy,label
0,171.764705882,274.705882353,34.3820216981,39.1676890193,1
