#item,x,y,dx,dy,label
0,84.7368421053,19.4736842105,36.3310854551,34.8760496371,1
1,81.0526315789,0.526315789474,36.3310854551,31.3884446734,1
2,127.894736842,215.789473684,36.3310854551,31.3884446734,1
