#item,x,y,dx,dy,label
0,161.578947368,224.210526316,27.0404685486,34.659393337,1
1,282.631578947,254.736842105,43.5489450022,45.2136326461,1
2,318.947368421,288.947368421,52.6942234527,49.2376459516,1
3,218.421052632,333.157894737,47.4248011074,44.3138813565,1
4,227.368421053,358.421052632,38.414088897,35.8942438987,1
5,188.947368421,440.0,38.414088897,35.8942438987,1
6,136.315789474,404.210526316,30.8042578865,28.7835941824,1
7,113.684210526,414.736842105,30.8042578865,31.6619536006,1
