#item,x,y,dx,dy,label
0,175.0,230.0,51.8201983659,47.8168131064,1
1,323.571428571,235.714285714,41.9743606764,47.8168131064,1
2,441.428571429,32.8571428571,37.3991553627,43.0351317957,1
3,482.857142857,171.428571429,17.8879000726,46.3966059403,1
4,5.0,11.4285714286,37.2054383035,40.5167223125,1
5,36.4285714286,0.0,53.927757398,32.8185450731,1
