#item,x,y,dx,dy,label
0,298.235294118,188.235294118,44.9574200932,53.8364002961,1
1,230.588235294,215.882352941,32.7739592479,31.7898560109,1
2,104.117647059,321.176470588,32.7739592479,51.1978810041,1
3,410.0,310.0,36.0513551727,61.3299416548,1
4,95.2941176471,50.5882352941,29.2015976899,36.2147172477,1
5,55.8823529412,14.1176470588,29.2015976899,36.2147172477,1
