#item,x,y,dx,dy,label
0,342.105263158,0.0,34.7187261987,22.3106562649,1
1,336.315789474,113.157894737,34.7187261987,35.2164974743,1
2,324.736842105,137.894736842,25.3099513989,28.2401093246,1
