#item,x,y,dx,dy,label
0,68.4210526316,172.631578947,32.5823204802,40.5359421328,1
1,63.1578947368,306.842105263,35.8405525282,44.5895363461,1
2,349.473684211,472.631578947,29.0308475479,29.2551947967,1
