#item,x,y,dx,dy,label
0,451.578947368,176.315789474,30.6812272271,35.9611870947,1
