#item,x,y,dx,dy,label
0,118.0,35.0,37.3506396592,44.0654728259,1
1,167.0,22.0,41.0857036251,48.4720201085,1
2,453.0,254.0,21.8346274202,25.7600188385,1
3,145.555555556,3.88888888889,39.3283566999,37.4008759005,1
