#item,x,y,dx,dy,label
0,432.727272727,407.272727273,32.7099574843,42.0250510856,1
