#item,x,y,dx,dy,label
0,149.473684211,473.157894737,50.6689126111,42.1987408971,1
1,321.052631579,121.052631579,36.9376372935,33.8391703254,1
2,366.315789474,197.894736842,29.9194862077,37.2230873579,1
