#item,x,y,dx,dy,label
0,32.380952381,275.714285714,35.888885711,43.8000094018,1
1,151.428571429,393.333333333,23.3112309358,25.8634675517,1
2,78.5714285714,370.952380952,54.4169965279,54.8862332352,1
3,279.047619048,445.238095238,23.4247326719,23.6267236882,1
4,278.571428571,436.19047619,50.2129948328,55.1534727807,1
5,344.285714286,422.857142857,24.0167197682,26.3797350553,1
6,61.4285714286,319.523809524,24.0167197682,29.0177085608,1
7,106.19047619,356.666666667,21.3988973135,21.1539095408,1
