#item,x,y,dx,dy,label
0,233.529411765,282.941176471,46.1584080362,39.3151437423,1
1,141.764705882,217.647058824,41.5425672326,39.3151437423,1
2,444.117647059,292.941176471,33.6494794584,39.3151437423,1
