#item,x,y,dx,dy,label
0,306.153846154,395.384615385,46.6873642818,46.6873642818,1
1,212.307692308,377.692307692,37.8167650683,37.8167650683,1
2,143.846153846,422.307692308,34.0350885614,34.0350885614,1
3,418.125,253.75,33.3577902991,40.7706325877,1
