#item,x,y,dx,dy,label
0,146.470588235,298.235294118,42.152335382,49.7471223711,1
1,193.529411765,424.705882353,49.9893397285,66.2134198759,1
2,135.882352941,458.823529412,54.9882737014,38.7073786795,1
