#item,x,y,dx,dy,label
0,182.352941176,245.294117647,24.9110731367,31.7064607539,1
1,112.941176471,407.647058824,33.1566383449,42.2012992634,1
2,339.411764706,270.588235294,29.5425647653,34.1830524034,1
3,354.117647059,376.470588235,39.3211537027,45.4976427489,1
