#item,x,y,dx,dy,label
0,60.625,284.375,40.3087114432,54.7402254167,1
1,380.0,84.375,48.2858054378,54.7402254167,1
2,0.625,105.0,20.5776013899,44.3395825875,1
3,420.625,289.375,22.4090079136,35.9150618959,1
