#item,x,y,dx,dy,label
0,183.529411765,208.235294118,21.5148304349,28.5070632216,1
1,468.823529412,71.7647058824,23.6663134784,31.3577695438,1
2,428.823529412,172.352941176,23.6663134784,31.3577695438,1
3,200.0,1.76470588235,38.1148345201,20.5738325977,1
