#item,x,y,dx,dy,label
0,331.052631579,458.947368421,45.35287014,40.4094072947,1
