#item,x,y,dx,dy,label
0,52.380952381,315.238095238,35.846159182,35.275921947,1
1,176.19047619,239.523809524,29.0353889374,35.275921947,1
2,70.4761904762,239.047619048,31.9389278312,35.275921947,1
3,114.761904762,198.571428571,31.9389278312,35.275921947,1
4,123.80952381,182.857142857,31.9389278312,35.275921947,1
5,51.4285714286,168.571428571,62.2399348203,68.7427923163,1
6,2.38095238095,107.142857143,50.4143472044,68.7427923163,1
