#item,x,y,dx,dy,label
0,165.0,93.75,35.2121822306,47.3408227766,1
1,383.75,68.125,14.7074912968,18.3408047098,1
2,94.375,167.5,28.6607397881,35.7410397657,1
3,0.625,211.25,37.7659702114,46.624654582,1
4,95.0,381.875,33.9893731903,46.624654582,1
5,55.625,203.125,33.3129846638,41.9621891238,1
6,67.5,232.5,40.3087114432,50.2665063514,1
