#item,x,y,dx,dy,label
0,132.142857143,258.571428571,19.3920505981,17.5378229586,1
1,120.714285714,471.428571429,33.3338464392,28.2448392531,1
