#item,x,y,dx,dy,label
0,356.666666667,284.0,39.6056563268,42.0674364213,1
1,252.666666667,428.666666667,39.6056563268,42.0674364213,1
2,111.333333333,390.666666667,35.6450906942,37.8606927792,1
3,97.3333333333,359.333333333,31.4421780504,33.3965384936,1
4,154.0,430.0,34.5863958555,36.7361923429,1
5,94.6666666667,462.0,34.5863958555,36.7361923429,1
6,383.157894737,269.473684211,32.9462961204,41.0852925806,1
