#item,x,y,dx,dy,label
0,39.0476190476,307.619047619,40.6576288147,48.6325078009,1
1,41.4285714286,320.0,40.6576288147,48.6325078009,1
