#item,x,y,dx,dy,label
0,155.238095238,201.904761905,28.8770400847,30.8948888985,1
1,94.2857142857,321.904761905,23.3904024686,25.0248600078,1
2,47.619047619,337.619047619,21.0513622217,22.522374007,1
3,202.380952381,362.857142857,28.0193631171,29.9772798034,1
4,295.714285714,357.619047619,18.3835041412,19.668093279,1
5,361.428571429,310.952380952,20.2218545553,21.6349026069,1
