#item,x,y,dx,dy,label
0,0.588235294118,322.941176471,15.3028506925,19.4772514312,1
