#item,x,y,dx,dy,label
0,168.095238095,282.380952381,41.1260415889,51.4081990771,1
1,194.761904762,436.666666667,45.2386457478,51.4081990771,1
2,305.714285714,44.2857142857,36.6433030557,41.6406412524,1
3,327.142857143,70.4761904762,32.9789727501,37.4765771272,1
4,299.411764706,23.5294117647,35.579814417,33.8360494878,1
5,319.411764706,4.11764705882,39.1377958587,37.2196544366,1
