#item,x,y,dx,dy,label
0,252.941176471,250.588235294,51.691362014,49.9298262906,1
1,279.411764706,305.882352941,51.691362014,49.9298262906,1
2,323.529411765,332.352941176,51.691362014,49.9298262906,1
3,407.647058824,361.176470588,41.8700032314,40.4431592954,1
4,281.176470588,448.235294118,41.8700032314,40.4431592954,1
5,251.176470588,460.588235294,41.8700032314,36.3988433658,1
6,182.352941176,463.529411765,33.5755555912,32.431369439,1
7,221.764705882,462.941176471,33.5755555912,32.431369439,1
8,448.235294118,15.8823529412,49.1579709411,47.4827679956,1
