#item,x,y,dx,dy,label
0,59.375,44.375,26.0011393209,31.5233242301,1
1,342.5,41.25,31.4613785782,50.2609426168,1
2,362.5,30.0,25.4837166484,32.9762044509,1
3,387.5,25.0,28.0320883132,36.273824896,1
4,468.75,70.625,28.0320883132,36.273824896,1
5,476.875,36.875,22.7059915337,36.273824896,1
