#item,x,y,dx,dy,label
0,423.333333333,147.619047619,33.022328142,46.600727621,1
1,433.333333333,206.19047619,33.022328142,46.600727621,1
2,282.380952381,80.9523809524,24.0732772156,33.9719304357,1
