#item,x,y,dx,dy,label
0,280.0,140.0,35.2703230829,37.4626306305,1
1,50.0,244.210526316,24.5834885235,27.5908962105,1
2,71.0526315789,233.157894737,27.0418373759,30.3499858315,1
