#item,x,y,dx,dy,label
0,290.0,104.0,21.8330974019,27.1550944589,1
