#item,x,y,dx,dy,label
0,396.0,379.0,25.6179795772,27.0784792884,1
