#item,x,y,dx,dy,label
0,33.5294117647,157.058823529,26.4554336819,37.7786625258,1
1,94.1176470588,174.117647059,26.4554336819,30.6007166459,1
2,123.529411765,339.411764706,32.0110747551,44.8025092413,1
