#item,x,y,dx,dy,label
0,3.125,239.375,34.0378856725,40.0369274193,1
1,123.125,286.875,49.336519729,53.2891503951,1
2,349.375,366.875,43.9588390785,52.7562588911,1
3,58.75,176.875,32.0459936883,42.7325697018,1
4,31.25,181.25,38.7756523628,42.7325697018,1
5,12.5,139.375,25.1862984601,31.1520433126,1
6,16.25,169.375,20.4009017527,25.2331550832,1
7,328.125,325.625,48.104259182,40.6382485931,1
