#item,x,y,dx,dy,label
0,1.90476190476,79.0476190476,23.2379919223,46.5551859138,1
1,155.294117647,19.4117647059,25.0453643528,28.8196496777,1
