#item,x,y,dx,dy,label
0,242.941176471,125.882352941,36.699178539,39.1832580704,1
1,372.352941176,23.5294117647,36.699178539,39.1832580704,1
2,217.647058824,425.882352941,26.7537011549,31.4210546467,1
3,357.058823529,398.235294118,29.1347805577,34.5631601113,1
4,163.529411765,368.235294118,23.5991722517,27.9961596902,1
