#item,x,y,dx,dy,label
0,59.4117647059,14.1176470588,32.968774735,38.9089158715,1
1,80.5882352941,34.1176470588,32.968774735,35.0180242844,1
