#item,x,y,dx,dy,label
0,129.473684211,25.2631578947,39.2539554834,56.2334713517,1
1,172.631578947,25.2631578947,35.328559935,45.5491117949,1
2,191.052631579,30.0,35.328559935,45.5491117949,1
3,264.210526316,17.8947368421,31.7957039415,40.5842586092,1
4,240.0,0.0,31.4777469021,36.1605744208,1
