#item,x,y,dx,dy,label
0,118.125,341.875,42.95396043,54.2251732636,1
1,279.375,320.0,31.3134371534,47.8314830841,1
2,54.375,273.125,40.440301083,50.5414049833,1
3,2.5,237.5,44.9423082649,59.9359909335,1
4,441.25,118.125,21.495766722,35.0376872534,1
5,383.125,83.125,15.6704139403,25.5424740078,1
6,353.125,46.25,25.237358355,33.9970329043,1
7,427.368421053,43.1578947368,19.2989765432,21.6599063336,1
