#item,x,y,dx,dy,label
0,34.7368421053,117.368421053,32.2739042337,42.3067230195,1
1,396.842105263,276.842105263,26.1418624293,34.2684456458,1
2,451.578947368,2.10526315789,23.5276761864,27.7574409731,1
