#item,x,y,dx,dy,label
0,99.4117647059,257.647058824,32.571348812,38.2279285205,1
1,63.5294117647,68.2352941176,32.571348812,38.2279285205,1
2,254.117647059,117.058823529,39.4113320625,50.8813728608,1
3,225.294117647,329.411764706,35.4701988563,45.7932355747,1
