#item,x,y,dx,dy,label
0,222.380952381,439.523809524,34.3150020527,39.7865639773,1
1,318.571428571,396.19047619,34.3150020527,39.7865639773,1
2,385.238095238,86.6666666667,22.5140728468,26.1039646255,1
