#item,x,y,dx,dy,label
0,258.571428571,320.0,20.2926294991,27.1409983194,1
1,139.285714286,345.0,16.4370298942,21.9842086387,1
2,277.142857143,372.142857143,16.4370298942,24.1826295026,1
3,427.857142857,449.285714286,23.9408032076,21.6516332822,1
