#item,x,y,dx,dy,label
0,72.0,337.0,37.6492927137,47.2996135933,1
1,449.0,299.0,45.5556441836,56.0936050522,1
2,310.0,156.0,45.5556441836,50.484244547,1
3,263.0,102.0,41.0000797652,45.4358200923,1
4,106.0,223.0,26.900152334,29.8104415625,1
