#item,x,y,dx,dy,label
0,161.764705882,80.0,34.5114598042,40.3222583171,1
1,168.823529412,130.0,34.5114598042,35.9271321606,1
2,285.294117647,158.823529412,31.0603138238,32.3344189445,1
3,422.352941176,142.941176471,27.9542824414,29.1009770501,1
4,405.882352941,73.5294117647,27.9542824414,29.1009770501,1
5,7.05882352941,94.1176470588,28.1281723648,23.8339043284,1
6,305.882352941,441.176470588,34.0350885614,28.8390242373,1
