#item,x,y,dx,dy,label
0,264.736842105,190.526315789,36.4233131831,38.4481205063,1
1,68.4210526316,251.578947368,36.4233131831,38.4481205063,1
2,95.2631578947,450.0,29.5028836783,34.6033084557,1
