#item,x,y,dx,dy,label
0,79.5238095238,288.571428571,34.967933342,36.8949972851,1
1,349.523809524,278.095238095,38.4647266762,40.5844970136,1
