#item,x,y,dx,dy,label
0,117.894736842,124.210526316,34.8483486425,33.9779539451,1
1,42.6315789474,141.578947368,31.0498786405,33.3017926616,1
2,26.8421052632,253.157894737,31.0498786405,33.3017926616,1
3,88.9473684211,322.105263158,31.0498786405,36.2656522085,1
4,45.2631578947,363.157894737,22.6353615289,28.7906122409,1
5,341.578947368,46.8421052632,36.4544760959,38.3203048927,1
6,399.473684211,178.947368421,29.5281256377,27.1057899139,1
7,458.421052632,341.052631579,39.3019352238,39.685587013,1
