#item,x,y,dx,dy,label
0,120.0,252.857142857,27.4794065165,32.2044898727,1
1,127.142857143,260.952380952,27.4794065165,32.2044898727,1
2,396.19047619,265.714285714,48.1946304389,57.0522182834,1
3,77.0588235294,184.705882353,35.567860839,45.4754054694,1
