#item,x,y,dx,dy,label
0,141.428571429,128.571428571,19.3338661758,24.1757591381,1
1,461.428571429,143.333333333,23.3939780728,29.2526685571,1
2,471.428571429,163.333333333,21.0545802655,26.3274017014,1
