#item,x,y,dx,dy,label
0,257.333333333,459.333333333,31.5046785071,33.462923809,1
1,219.333333333,328.666666667,25.5187895908,27.1049682853,1
2,13.3333333333,174.0,33.9655089453,36.0767127878,1
3,66.0,200.0,22.0619227148,23.4332319474,1
4,40.0,305.333333333,22.0619227148,23.4332319474,1
5,324.666666667,170.666666667,19.8557304433,21.0899087527,1
6,349.473684211,162.105263158,16.6982696419,18.3680966061,1
