#item,x,y,dx,dy,label
0,405.0,82.8571428571,46.921855436,56.7373023431,1
1,257.142857143,370.0,51.6140409796,56.7373023431,1
2,245.714285714,442.857142857,61.2101750925,56.7373023431,1
3,65.0,361.428571429,48.5935950126,81.4160095817,1
4,54.2857142857,155.714285714,50.8332278805,48.0753394979,1
5,181.428571429,223.571428571,37.0574231249,48.0753394979,1
6,235.714285714,159.285714286,33.3516808124,48.0753394979,1
7,100.714285714,182.857142857,44.3910871613,48.0753394979,1
