#item,x,y,dx,dy,label
0,452.105263158,133.684210526,34.9998480441,39.6383404254,1
