#item,x,y,dx,dy,label
0,41.7647058824,178.235294118,35.7770872167,36.1384719361,1
1,23.5294117647,107.647058824,32.199378495,39.7523191297,1
