#item,x,y,dx,dy,label
0,15.7142857143,290.476190476,55.6883570262,69.0078995527,1
1,107.619047619,220.476190476,50.1195213236,62.1071095974,1
2,307.619047619,339.523809524,60.6446208015,62.1071095974,1
