#item,x,y,dx,dy,label
0,188.666666667,74.0,58.2885597003,61.9116183569,1
1,309.333333333,48.0,58.2885597003,61.9116183569,1
2,163.333333333,372.0,47.2137333572,50.1484108691,1
3,62.6666666667,296.666666667,38.2431240194,40.620212804,1
4,138.666666667,279.333333333,30.9769304557,32.9023723712,1
5,196.666666667,238.0,22.3563604792,23.745971164,1
6,155.333333333,225.333333333,32.7319473776,34.7664763812,1
