#item,x,y,dx,dy,label
0,325.333333333,89.3333333333,27.6274446358,29.3446916044,1
1,468.666666667,322.0,40.4493416913,42.963562978,1
