#item,x,y,dx,dy,label
0,116.0,186.666666667,36.2224771305,38.4739679892,1
1,35.3333333333,117.333333333,32.6002294175,34.6265711903,1
2,316.0,145.333333333,32.6002294175,34.6265711903,1
3,316.0,180.666666667,32.6002294175,34.6265711903,1
4,284.666666667,243.333333333,32.6002294175,34.6265711903,1
5,217.333333333,466.666666667,32.6002294175,34.6265711903,1
