#item,x,y,dx,dy,label
0,254.285714286,80.9523809524,35.483349115,45.2705350043,1
1,334.285714286,44.2857142857,31.9350142035,33.0022200181,1
2,416.666666667,108.571428571,31.9350142035,33.0022200181,1
3,380.0,133.80952381,35.1285156239,48.3185503285,1
4,366.666666667,216.666666667,38.6413671863,48.3185503285,1
5,299.047619048,172.857142857,31.2995074209,43.4866952957,1
6,193.333333333,243.80952381,31.2995074209,39.1380257661,1
7,19.5238095238,107.619047619,37.8724039793,39.1380257661,1
8,64.7619047619,371.904761905,37.8724039793,43.0518283427,1
