#item,x,y,dx,dy,label
0,397.058823529,176.470588235,34.063175615,38.045035441,1
1,119.411764706,59.4117647059,37.4694931765,34.2405318969,1
2,358.823529412,201.764705882,27.3152605256,34.2405318969,1
3,369.411764706,102.941176471,27.3152605256,22.4652129776,1
4,402.941176471,70.0,27.3152605256,27.1829077028,1
5,420.588235294,2.35294117647,22.1253610258,22.0181552393,1
6,46.4705882353,303.529411765,39.1964267042,39.0065051139,1
