#item,x,y,dx,dy,label
0,98.2352941176,98.2352941176,32.5077427108,33.5140692202,1
1,141.764705882,95.2941176471,31.8608386309,36.8654761422,1
2,114.117647059,140.0,35.046922494,36.8654761422,1
3,288.235294118,171.176470588,35.046922494,33.178928528,1
4,378.235294118,314.117647059,25.5492064981,24.1874388969,1
5,428.235294118,317.058823529,30.6053944641,28.9741330546,1
6,57.6470588235,380.0,37.0325273015,38.5645710956,1
