#item,x,y,dx,dy,label
0,233.333333333,298.666666667,29.0370456967,30.8419096411,1
1,0.0,111.333333333,37.5004144317,39.8313384043,1
