#item,x,y,dx,dy,label
0,10.4761904762,178.571428571,26.7350124878,29.2035621771,1
1,1.42857142857,187.619047619,24.0615112391,29.2035621771,1
2,249.523809524,265.238095238,32.0258714592,42.7569353834,1
3,156.19047619,297.142857143,28.8232843133,34.286786484,1
4,311.904761905,333.333333333,31.7056127446,34.286786484,1
5,331.904761905,322.857142857,34.8761740191,37.7154651324,1
6,423.80952381,292.857142857,34.8761740191,37.7154651324,1
