#item,x,y,dx,dy,label
0,55.4545454545,425.454545455,27.9961596902,35.968864886,1
1,435.454545455,332.727272727,14.8783071019,19.1153295239,1
