#item,x,y,dx,dy,label
0,125.263157895,317.894736842,31.9667891751,34.2736841362,1
1,244.736842105,382.105263158,35.1634680926,37.7010525498,1
