#item,x,y,dx,dy,label
0,271.428571429,101.428571429,21.3740693321,27.5542741007,1
1,288.571428571,110.0,23.5114762653,27.5542741007,1
2,366.19047619,90.0,23.5114762653,27.5542741007,1
3,380.0,114.761904762,23.5114762653,27.5542741007,1
4,396.666666667,51.9047619048,25.8626238919,27.5542741007,1
