#item,x,y,dx,dy,label
0,0.0,290.0,27.2644120697,63.9335768373,1
