#item,x,y,dx,dy,label
0,401.578947368,324.736842105,45.2688968439,45.4740270224,1
1,440.526315789,342.105263158,36.3011283791,45.0192867521,1
2,424.210526316,396.842105263,36.3011283791,45.0192867521,1
