#item,x,y,dx,dy,label
0,185.294117647,43.5294117647,29.9395770413,33.7544830309,1
1,322.352941176,65.2941176471,43.8345347462,48.9257392194,1
2,311.176470588,87.0588235294,31.95537583,44.0331652975,1
3,391.176470588,114.117647059,38.6660047543,52.7473287098,1
4,425.294117647,78.2352941176,42.5326052297,47.4725958389,1
5,455.294117647,60.0,38.2793447067,47.4725958389,1
6,20.0,0.588235294118,42.1072791774,28.0320931169,1
7,438.823529412,0.0,42.1072791774,28.0320931169,1
8,217.647058824,237.647058824,24.8639272815,30.8353024286,1
