#item,x,y,dx,dy,label
0,422.105263158,16.3157894737,35.6926758958,44.9597306092,1
