#item,x,y,dx,dy,label
0,82.9411764706,145.882352941,28.3308309739,28.7756683629,1
1,355.882352941,172.352941176,41.4791696288,42.1304560501,1
