#item,x,y,dx,dy,label
0,226.0,152.0,32.1695986505,35.6499817829,1
1,118.0,437.0,23.4516374162,32.0849836046,1
2,52.0,444.0,21.1064736746,28.8764852441,1
3,288.0,472.0,25.5388331463,34.9405471454,1
4,359.0,432.0,22.7551003333,31.1320275065,1
5,7.0,19.0,30.2870385437,33.5637501751,1
