#item,x,y,dx,dy,label
0,112.631578947,344.736842105,23.1017813483,30.2731364186,1
1,234.736842105,422.631578947,23.1017813483,22.0691164491,1
