#item,x,y,dx,dy,label
0,324.0,125.0,28.2366489307,40.5185862732,1
