#item,x,y,dx,dy,label
0,23.5294117647,53.5294117647,25.8577749662,30.0449418606,1
1,50.5882352941,35.2941176471,25.8577749662,30.0449418606,1
2,197.647058824,89.4117647059,23.2719974696,27.0404476745,1
3,223.529411765,310.0,20.9447977226,24.3364029071,1
4,451.764705882,157.647058824,20.9447977226,24.3364029071,1
5,216.470588235,349.411764706,26.2084866636,23.7024855517,1
