#item,x,y,dx,dy,label
0,452.0,284.0,41.1686212886,42.2090298566,1
1,460.0,214.0,33.3465832437,34.1893141838,1
2,166.0,40.0,30.0119249194,30.7703827655,1
