#item,x,y,dx,dy,label
0,31.1764705882,32.3529411765,28.0809536737,29.826389533,1
1,80.5882352941,101.176470588,30.889049041,32.8090284863,1
2,250.0,216.470588235,25.0201297232,26.5753130739,1
3,265.294117647,275.294117647,27.5221426955,29.2328443813,1
4,331.764705882,267.058823529,27.5221426955,29.2328443813,1
