#item,x,y,dx,dy,label
0,51.875,35.625,31.1150992962,37.1486981408,1
1,4.375,152.5,22.682907387,24.3732608502,1
2,188.75,369.375,35.8040812972,35.6848912108,1
3,221.875,354.375,28.7112927922,32.1164020897,1
4,367.5,356.25,34.0493250594,38.8608465285,1
5,341.875,69.375,27.5799532981,34.9747618757,1
6,429.375,371.875,30.337948628,42.3194618695,1
