#item,x,y,dx,dy,label
0,162.666666667,2.0,35.0758445515,37.2560638414,1
1,184.0,18.0,51.3545440078,54.5466030701,1
2,375.333333333,56.0,51.3545440078,54.5466030701,1
