#item,x,y,dx,dy,label
0,42.1052631579,313.684210526,21.9769476859,31.6790397183,1
1,82.6315789474,256.842105263,26.5921066999,38.3316380591,1
