#item,x,y,dx,dy,label
0,376.153846154,424.615384615,17.7661902611,22.6125551143,1
