#item,x,y,dx,dy,label
0,427.857142857,450.714285714,35.3820016288,36.1003995805,1
1,287.857142857,341.428571429,22.981989956,32.4903596224,1
2,118.571428571,443.571428571,30.2831383451,31.8438014659,1
3,45.0,401.428571429,40.3068571373,42.3840997511,1
