#item,x,y,dx,dy,label
0,138.235294118,323.529411765,30.9769304557,32.4155183886,1
1,230.588235294,252.352941176,27.8792374101,29.1739665497,1
2,280.0,222.941176471,27.8792374101,29.1739665497,1
3,291.176470588,264.705882353,27.8792374101,29.1739665497,1
4,330.588235294,331.764705882,27.8792374101,29.1739665497,1
5,381.764705882,295.294117647,25.0913136691,29.1739665497,1
6,450.0,386.470588235,25.0913136691,29.1739665497,1
7,32.3529411765,211.176470588,25.0913136691,29.1739665497,1
