#item,x,y,dx,dy,label
0,239.047619048,183.333333333,24.7261867704,31.2518137513,1
1,432.380952381,150.476190476,36.2016100505,45.7557805133,1
2,444.285714286,253.80952381,36.2016100505,45.7557805133,1
3,443.80952381,378.095238095,36.2016100505,45.7557805133,1
4,411.428571429,395.714285714,43.8039481611,45.7557805133,1
