#item,x,y,dx,dy,label
0,273.0,344.0,47.15895382,47.15895382,1
1,248.0,356.0,47.15895382,47.15895382,1
2,373.0,395.0,47.15895382,47.15895382,1
3,391.0,418.0,47.15895382,47.15895382,1
4,332.631578947,381.578947368,32.0,42.592,1
5,327.368421053,267.368421053,28.512,31.049568,1
6,344.736842105,242.105263158,31.3632,41.326975008,1
