#item,x,y,dx,dy,label
0,448.571428571,188.095238095,35.2273907628,37.9361747447,1
