#item,x,y,dx,dy,label
0,442.105263158,148.947368421,48.2106556587,54.8289481192,1
1,58.4210526316,145.789473684,39.0506310836,39.9703031789,1
