#item,x,y,dx,dy,label
0,345.882352941,48.2352941176,31.3951461743,39.7389637355,1
