#item,x,y,dx,dy,label
0,143.0,181.0,25.0997463094,30.0770909586,1
1,0.0,325.0,25.0997463094,57.4453678141,1
