#item,x,y,dx,dy,label
0,252.5,182.5,17.629947931,17.2791119672,1
1,326.875,294.375,25.5538866981,29.4048053033,1
2,144.375,437.5,22.9984980283,29.4048053033,1
3,205.625,406.25,22.9984980283,32.3452858336,1
4,267.5,313.125,18.2580706132,23.5797133727,1
5,86.25,161.875,16.2679409164,17.0177149382,1
