#item,x,y,dx,dy,label
0,225.384615385,218.461538462,32.946625737,40.6885165128,1
1,240.0,423.076923077,43.8519588559,40.6885165128,1
2,243.076923077,457.692307692,35.1648858066,40.6885165128,1
3,63.8461538462,365.384615385,28.4835575033,40.6885165128,1
4,90.0,26.1538461538,25.1250612381,29.6619285378,1
