#item,x,y,dx,dy,label
0,262.941176471,190.0,19.929257746,21.1751204156,1
1,340.588235294,445.882352941,29.1784262659,28.1840852732,1
