#item,x,y,dx,dy,label
0,20.5263157895,296.842105263,47.2195193879,55.345568763,1
1,158.421052632,262.631578947,47.2195193879,49.3129017678,1
2,235.789473684,114.736842105,34.4230296338,29.1187753649,1
3,281.578947368,243.157894737,34.0787993375,35.2337181915,1
4,412.631578947,410.0,45.3588819181,46.8960789129,1
