#item,x,y,dx,dy,label
0,347.894736842,0.526315789474,68.4532199433,35.2154299945,1
1,421.052631579,70.0,38.8281954561,51.558911055,1
2,297.368421053,81.0526315789,38.8281954561,56.7148021605,1
3,278.421052632,113.157894737,46.9821165018,62.3862823765,1
4,257.368421053,142.105263158,46.9821165018,62.3862823765,1
5,208.421052632,234.736842105,46.5122953368,68.6249106142,1
6,1.57894736842,195.263157895,61.9078650933,81.3837226205,1
7,215.263157895,371.052631579,67.4176650866,79.7641865403,1
8,389.473684211,478.947368421,67.4176650866,79.7641865403,1
