#item,x,y,dx,dy,label
0,269.333333333,169.333333333,55.1531487942,58.5813188194,1
1,266.0,130.0,44.6740505233,47.4508682437,1
2,305.333333333,95.3333333333,58.2778841377,61.9002792303,1
3,297.333333333,34.6666666667,58.2778841377,61.9002792303,1
4,364.666666667,224.666666667,58.2778841377,61.9002792303,1
5,368.421052632,122.631578947,45.35287014,44.4503480242,1
