#item,x,y,dx,dy,label
0,318.571428571,340.952380952,31.3578813781,38.8058666669,1
1,88.5714285714,441.904761905,22.8598955247,28.2894768002,1
