#item,x,y,dx,dy,label
0,22.6315789474,145.789473684,70.8206547064,80.0717978889,1
1,71.5789473684,58.4210526316,70.8206547064,80.0717978889,1
