#item,x,y,dx,dy,label
0,214.285714286,112.857142857,39.7488460913,36.2703096164,1
1,310.0,70.4761904762,39.7488460913,36.2703096164,1
2,183.80952381,275.714285714,28.9769088006,26.4410557104,1
