#item,x,y,dx,dy,label
0,395.714285714,79.2857142857,23.5912437521,25.5492064981,1
1,230.714285714,221.428571429,28.54540494,30.9145398627,1
2,322.857142857,416.428571429,28.54540494,30.9145398627,1
3,375.0,279.285714286,17.9906570307,29.6963836431,1
