#item,x,y,dx,dy,label
0,64.1176470588,294.117647059,45.7121816562,53.408879469,1
1,205.294117647,296.470588235,45.7121816562,48.0679915221,1
2,313.529411765,342.352941176,50.2833998218,52.8747906743,1
3,334.705882353,324.117647059,36.6565984701,38.5457224016,1
4,441.764705882,458.823529412,29.6918447608,38.5457224016,1
5,80.5882352941,185.294117647,29.6918447608,38.5457224016,1
6,472.941176471,230.588235294,26.4554336819,37.7786625258,1
7,473.529411765,186.470588235,26.4554336819,37.7786625258,1
8,158.823529412,232.941176471,31.56921702,27.0198101422,1
