#item,x,y,dx,dy,label
0,267.272727273,239.090909091,49.0679487452,59.9517888738,1
1,287.272727273,190.909090909,49.0679487452,53.9566099864,1
2,344.545454545,235.454545455,58.7784958019,64.6346231027,1
3,310.0,295.454545455,58.7784958019,64.6346231027,1
