#item,x,y,dx,dy,label
0,23.8095238095,444.285714286,51.8211963122,55.7309909836,1
1,11.9047619048,458.571428571,36.6556180663,39.4212033941,1
2,308.095238095,438.095238095,53.6674904108,57.1394180504,1
3,361.904761905,462.380952381,46.8661610503,37.4891721829,1
4,330.952380952,405.238095238,46.8661610503,54.8878969929,1
5,416.666666667,171.428571429,46.8661610503,54.8878969929,1
6,270.952380952,100.476190476,42.1795449453,49.3991072936,1
7,311.904761905,37.619047619,42.1795449453,40.0132769078,1
8,354.285714286,36.6666666667,46.3974994398,32.4107542954,1
