#item,x,y,dx,dy,label
0,305.263157895,85.7894736842,25.356901075,31.2942988144,1
