#item,x,y,dx,dy,label
0,52.3529411765,466.470588235,44.7573681641,32.4591169406,1
1,339.411764706,405.882352941,29.3653092524,32.4591169406,1
