#item,x,y,dx,dy,label
0,250.0,15.8823529412,32.5027741322,33.6607883105,1
