#item,x,y,dx,dy,label
0,432.857142857,173.80952381,38.4611792439,45.263615723,1
1,461.428571429,147.142857143,37.695801777,54.7689750249,1
