#item,x,y,dx,dy,label
0,437.619047619,272.380952381,47.3467932391,47.971459644,1
1,418.571428571,227.142857143,31.0642310442,38.8568823117,1
2,311.904761905,356.666666667,27.9578079398,34.9711940805,1
3,321.904761905,383.333333333,27.9578079398,34.9711940805,1
4,240.952380952,252.857142857,25.1620271458,28.3266672052,1
5,244.761904762,420.0,20.3812419881,22.9446004362,1
