#item,x,y,dx,dy,label
0,147.0,123.0,38.7626483271,36.9573618374,1
1,266.0,2.0,38.7626483271,36.9573618374,1
2,330.0,3.0,31.397745145,36.2219103368,1
