#item,x,y,dx,dy,label
0,1.42857142857,194.285714286,31.2985586726,40.361939881,1
1,82.380952381,255.238095238,34.4284145399,44.3981338691,1
2,69.0476190476,300.952380952,37.8712559939,39.9583204822,1
3,270.476190476,216.19047619,33.7432890905,39.9583204822,1
4,244.285714286,301.904761905,44.9123177795,53.1845245618,1
5,315.714285714,247.142857143,44.9123177795,53.1845245618,1
6,296.470588235,2.35294117647,57.5419633611,41.5286103774,1
7,119.411764706,2.94117647059,37.7532821612,41.5286103774,1
8,18.2352941176,0.588235294118,41.5286103774,33.3017926616,1
