#item,x,y,dx,dy,label
0,4.70588235294,365.882352941,27.7534761059,31.6058876193,1
1,0.588235294118,382.941176471,18.2090556731,38.2431240194,1
2,133.529411765,424.705882353,24.2362531009,30.9769304557,1
3,103.529411765,454.705882353,32.2584528773,37.4820858514,1
4,452.352941176,217.058823529,21.1647709328,24.5919965271,1
5,110.0,278.823529412,25.6093728287,27.0511961798,1
