#item,x,y,dx,dy,label
0,96.0,135.333333333,42.5209263216,45.1639116859,1
1,186.666666667,70.6666666667,42.0957170584,44.7122725691,1
2,332.666666667,130.666666667,41.6747598878,44.2651498434,1
3,252.666666667,191.333333333,50.4264594643,53.5608313105,1
4,397.333333333,415.333333333,55.4691054107,58.9169144415,1
5,406.875,101.875,38.9030694619,41.2646792078,1
