#item,x,y,dx,dy,label
0,6.66666666667,37.619047619,36.5940843738,32.3672207033,1
1,72.8571428571,58.5714285714,36.5940843738,32.3672207033,1
2,74.2857142857,37.619047619,32.9346759364,26.2174487697,1
3,243.333333333,129.523809524,32.9346759364,26.2174487697,1
4,295.238095238,208.571428571,29.6412083427,26.2174487697,1
5,343.80952381,242.380952381,39.4524483042,38.3849667437,1
