#item,x,y,dx,dy,label
0,188.666666667,79.3333333333,46.5222258126,49.4139210925,1
1,26.3157894737,256.842105263,30.6771607968,36.3806892093,1
2,217.368421053,194.736842105,40.8313010205,39.2223848434,1
3,445.263157895,414.736842105,49.4058742348,52.2049942266,1
