#item,x,y,dx,dy,label
0,130.526315789,368.947368421,45.094536437,51.354030228,1
1,95.2631578947,44.7368421053,29.5865253563,33.6933792326,1
2,290.526315789,80.0,23.9650855386,27.2916371784,1
3,14.2105263158,463.684210526,42.4556109019,35.2462752375,1
4,402.352941176,105.882352941,41.5984415751,46.220490639,1
