#item,x,y,dx,dy,label
0,196.666666667,273.333333333,53.461125669,56.7841241295,1
