#item,x,y,dx,dy,label
0,206.25,163.125,19.8897211511,25.1757677172,1
