#item,x,y,dx,dy,label
0,208.947368421,337.368421053,44.3676019137,45.2380318179,1
1,0.0,286.315789474,29.1095836156,45.2380318179,1
2,299.473684211,121.578947368,32.0205419772,40.7142286361,1
3,265.789473684,139.473684211,35.2225961749,36.6428057725,1
