#item,x,y,dx,dy,label
0,239.285714286,31.4285714286,48.5861678252,57.6193567334,1
1,337.142857143,422.142857143,43.7275510426,51.85742106,1
2,416.428571429,430.0,35.4193163445,46.671678954,1
3,406.428571429,161.428571429,28.1187222789,34.0236539575,1
4,429.285714286,90.7142857143,37.4260193532,40.3493657249,1
5,356.428571429,163.571428571,33.6834174179,32.6829862372,1
6,407.142857143,393.571428571,27.2835681085,35.9512848609,1
7,350.526315789,336.842105263,47.15895382,47.15895382,1
