#item,x,y,dx,dy,label
0,326.19047619,262.380952381,30.4553619085,35.3589939117,1
1,42.380952381,455.714285714,44.5896953702,42.7843826331,1
