#item,x,y,dx,dy,label
0,152.857142857,55.7142857143,24.0,22.0,1
1,224.285714286,199.642857143,24.0,22.0,1
2,161.785714286,81.0714285714,20.0,22.0,1
