#item,x,y,dx,dy,label
0,171.428571429,6.07142857143,20.0,24.0,1
1,173.214285714,36.4285714286,20.0,18.0,1
