#item,x,y,dx,dy,label
0,-0.526315789474,4.21052631579,26.0,28.0,1
1,15.7894736842,142.105263158,30.0,32.0,1
2,251.052631579,6.84210526316,24.0,26.0,1
3,255.789473684,7.89473684211,28.0,30.0,1
4,281.052631579,15.2631578947,28.0,30.0,1
5,41.0526315789,7.89473684211,32.0,36.0,1
