#item,x,y,dx,dy,label
0,77.8571428571,253.928571429,32.0,34.0,1
1,200.0,212.857142857,34.0,50.0,1
