#item,x,y,dx,dy,label
0,22.1052631579,260.526315789,22.0,20.0,1
