#item,x,y,dx,dy,label
0,150.0,86.5384615385,24.0,24.0,1
1,189.615384615,66.1538461538,28.0,34.0,1
2,252.307692308,80.3846153846,42.0,28.0,1
