#item,x,y,dx,dy,label
0,47.1428571429,220.952380952,34.0,28.0,1
1,122.857142857,82.380952381,28.0,28.0,1
2,119.523809524,104.285714286,34.0,32.0,1
3,140.952380952,163.333333333,52.0,36.0,1
4,234.761904762,176.666666667,32.0,26.0,1
5,244.285714286,187.619047619,26.0,32.0,1
6,242.857142857,219.523809524,32.0,26.0,1
7,260.476190476,230.952380952,32.0,26.0,1
8,185.238095238,260.476190476,38.0,38.0,1
9,36.6666666667,47.1428571429,26.0,24.0,1
