#item,x,y,dx,dy,label
0,113.846153846,250.769230769,22.0,20.0,1
1,231.538461538,205.769230769,22.0,26.0,1
2,198.076923077,208.076923077,22.0,26.0,1
3,279.230769231,105.0,18.0,26.0,1
4,228.076923077,1.53846153846,20.0,14.0,1
5,277.692307692,20.7692307692,20.0,14.0,1
