#item,x,y,dx,dy,label
0,14.2307692308,88.8461538462,30.0,28.0,1
1,1.15384615385,87.3076923077,20.0,28.0,1
2,139.230769231,130.0,38.0,26.0,1
3,159.615384615,183.846153846,38.0,26.0,1
4,199.615384615,212.307692308,32.0,44.0,1
