#item,x,y,dx,dy,label
0,45.2631578947,73.6842105263,34.0,30.0,1
1,176.842105263,273.684210526,20.0,26.0,1
2,34.2105263158,102.631578947,26.0,28.0,1
