#item,x,y,dx,dy,label
0,165.263157895,155.263157895,30.0,28.0,1
1,194.736842105,14.7368421053,32.0,30.0,1
2,211.052631579,17.3684210526,28.0,26.0,1
3,167.368421053,48.9473684211,30.0,28.0,1
4,182.105263158,63.1578947368,26.0,24.0,1
5,107.368421053,43.1578947368,26.0,34.0,1
6,64.2105263158,52.1052631579,26.0,20.0,1
