#item,x,y,dx,dy,label
0,4.61538461538,36.5384615385,22.0,20.0,1
1,21.9230769231,45.3846153846,24.0,30.0,1
2,65.0,38.0769230769,28.0,26.0,1
3,185.384615385,50.0,18.0,26.0,1
4,215.384615385,82.6923076923,26.0,22.0,1
5,235.384615385,23.4615384615,26.0,34.0,1
6,265.769230769,21.9230769231,28.0,26.0,1
7,270.384615385,52.3076923077,26.0,24.0,1
8,271.538461538,87.6923076923,18.0,22.0,1
9,276.538461538,147.692307692,22.0,26.0,1
10,251.538461538,177.307692308,26.0,26.0,1
