#item,x,y,dx,dy,label
0,184.642857143,214.642857143,20.0,28.0,1
1,240.357142857,242.857142857,14.0,22.0,1
2,222.857142857,245.714285714,18.0,26.0,1
3,162.5,222.142857143,18.0,26.0,1
4,51.4285714286,87.8571428571,22.0,16.0,1
5,211.428571429,46.7857142857,14.0,18.0,1
6,96.0714285714,265.714285714,28.0,18.0,1
