#item,x,y,dx,dy,label
0,26.4285714286,105.714285714,26.0,28.0,1
1,75.0,200.0,24.0,16.0,1
2,77.8571428571,155.357142857,30.0,22.0,1
3,187.142857143,217.5,36.0,28.0,1
4,255.357142857,269.642857143,24.0,28.0,1
5,251.785714286,242.5,20.0,24.0,1
