#item,x,y,dx,dy,label
0,8.26086956522,115.217391304,32.0,44.0,1
1,16.5217391304,102.173913043,50.0,38.0,1
