#item,x,y,dx,dy,label
0,184.210526316,6.31578947368,42.0,40.0,1
1,229.473684211,7.36842105263,42.0,40.0,1
2,262.631578947,64.2105263158,36.0,34.0,1
