#item,x,y,dx,dy,label
0,0.357142857143,115.714285714,18.0,26.0,1
