#item,x,y,dx,dy,label
0,116.315789474,227.368421053,30.0,32.0,1
1,36.8421052632,123.684210526,36.0,32.0,1
2,72.6315789474,133.157894737,36.0,32.0,1
3,178.421052632,125.263157895,38.0,34.0,1
4,193.684210526,92.1052631579,32.0,38.0,1
5,209.473684211,118.421052632,34.0,30.0,1
6,174.210526316,69.4736842105,34.0,30.0,1
7,206.315789474,232.631578947,26.0,24.0,1
8,188.421052632,202.631578947,26.0,24.0,1
9,10.5263157895,31.0526315789,30.0,28.0,1
10,277.368421053,234.210526316,30.0,28.0,1
