#item,x,y,dx,dy,label
0,51.1538461538,47.3076923077,32.0,28.0,1
1,65.7692307692,30.7692307692,28.0,26.0,1
2,90.7692307692,9.61538461538,28.0,34.0,1
3,121.538461538,92.6923076923,18.0,22.0,1
4,116.153846154,170.0,26.0,30.0,1
5,166.153846154,204.230769231,28.0,24.0,1
6,205.769230769,211.923076923,28.0,28.0,1
7,275.384615385,91.9230769231,22.0,20.0,1
