#item,x,y,dx,dy,label
0,136.538461538,14.6153846154,28.0,32.0,1
1,168.076923077,3.46153846154,30.0,22.0,1
2,137.692307692,1.92307692308,32.0,16.0,1
3,26.5384615385,44.6153846154,18.0,16.0,1
4,34.2307692308,20.0,18.0,22.0,1
