#item,x,y,dx,dy,label
0,228.214285714,42.5,30.0,20.0,1
1,194.285714286,63.5714285714,22.0,20.0,1
2,216.071428571,187.857142857,22.0,20.0,1
3,52.5,156.785714286,22.0,20.0,1
4,255.357142857,235.714285714,24.0,22.0,1
5,240.0,231.071428571,20.0,18.0,1
