#item,x,y,dx,dy,label
0,130.0,134.761904762,26.0,24.0,1
1,137.142857143,157.619047619,24.0,24.0,1
2,121.904761905,168.571428571,24.0,24.0,1
