#item,x,y,dx,dy,label
0,63.5714285714,170.714285714,22.0,16.0,1
1,58.9285714286,242.5,22.0,24.0,1
2,214.285714286,13.2142857143,22.0,28.0,1
3,181.071428571,24.6428571429,20.0,20.0,1
4,142.5,8.57142857143,24.0,14.0,1
