#item,x,y,dx,dy,label
0,148.571428571,234.285714286,28.0,26.0,1
1,140.357142857,259.642857143,32.0,34.0,1
2,201.785714286,68.9285714286,26.0,26.0,1
