#item,x,y,dx,dy,label
0,22.6086956522,248.695652174,22.0,30.0,1
1,44.347826087,213.043478261,26.0,30.0,1
2,73.4782608696,173.47826087,32.0,28.0,1
3,106.52173913,196.086956522,28.0,32.0,1
4,127.826086957,217.826086957,28.0,22.0,1
5,89.1304347826,46.9565217391,24.0,30.0,1
6,198.260869565,166.956521739,20.0,20.0,1
7,192.608695652,142.608695652,20.0,20.0,1
8,244.782608696,212.173913043,20.0,20.0,1
9,222.608695652,193.043478261,20.0,16.0,1
10,151.739130435,189.565217391,32.0,24.0,1
