#item,x,y,dx,dy,label
0,126.315789474,0.0,32.0,32.0,1
1,193.157894737,0.526315789474,28.0,28.0,1
2,250.0,0.0,28.0,28.0,1
3,161.052631579,147.894736842,28.0,28.0,1
4,137.894736842,156.842105263,26.0,24.0,1
