#item,x,y,dx,dy,label
0,58.2608695652,264.347826087,30.0,34.0,1
1,146.086956522,180.869565217,40.0,32.0,1
2,5.21739130435,226.086956522,40.0,24.0,1
