#item,x,y,dx,dy,label
0,21.7857142857,133.214285714,26.0,20.0,1
1,12.8571428571,155.357142857,26.0,20.0,1
2,2.5,155.0,20.0,20.0,1
3,71.4285714286,35.7142857143,34.0,24.0,1
4,102.142857143,42.5,24.0,36.0,1
5,165.357142857,63.2142857143,20.0,26.0,1
6,209.642857143,73.2142857143,32.0,26.0,1
7,233.214285714,66.4285714286,24.0,26.0,1
