#item,x,y,dx,dy,label
0,117.368421053,161.052631579,24.0,24.0,1
1,143.157894737,114.736842105,22.0,28.0,1
2,188.421052632,90.0,24.0,30.0,1
3,202.631578947,70.5263157895,28.0,28.0,1
4,220.526315789,96.8421052632,24.0,30.0,1
5,245.789473684,170.0,22.0,30.0,1
6,225.789473684,158.421052632,22.0,26.0,1
7,265.263157895,82.6315789474,32.0,34.0,1
8,243.684210526,98.4210526316,24.0,28.0,1
9,21.5789473684,45.2631578947,24.0,26.0,1
