#item,x,y,dx,dy,label
0,121.538461538,200.0,28.0,24.0,1
1,216.538461538,77.6923076923,38.0,28.0,1
2,1.53846153846,13.4615384615,22.0,22.0,1
