#item,x,y,dx,dy,label
0,192.5,150.714285714,26.0,26.0,1
1,166.428571429,43.5714285714,22.0,26.0,1
2,181.071428571,39.2857142857,32.0,22.0,1
3,216.785714286,50.0,22.0,24.0,1
4,236.071428571,45.0,32.0,22.0,1
5,196.428571429,75.7142857143,26.0,34.0,1
6,206.785714286,117.5,32.0,30.0,1
7,177.142857143,119.642857143,22.0,28.0,1
8,0.714285714286,77.5,22.0,28.0,1
9,17.1428571429,97.8571428571,22.0,28.0,1
10,1.07142857143,53.9285714286,22.0,28.0,1
