#item,x,y,dx,dy,label
0,21.0714285714,1.07142857143,34.0,34.0,1
1,96.7857142857,59.6428571429,30.0,46.0,1
2,168.928571429,119.285714286,44.0,36.0,1
3,88.5714285714,226.071428571,38.0,28.0,1
4,129.642857143,243.571428571,32.0,22.0,1
5,130.714285714,274.642857143,36.0,26.0,1
6,181.428571429,193.571428571,26.0,34.0,1
7,191.071428571,175.714285714,26.0,34.0,1
8,221.071428571,208.571428571,28.0,20.0,1
9,105.357142857,166.428571429,34.0,26.0,1
