#item,x,y,dx,dy,label
0,268.947368421,104.736842105,30.0,32.0,1
