#item,x,y,dx,dy,label
0,16.7857142857,208.928571429,42.0,36.0,1
1,139.285714286,125.0,26.0,36.0,1
2,68.9285714286,12.5,26.0,24.0,1
3,189.642857143,152.857142857,30.0,28.0,1
4,240.714285714,108.214285714,36.0,34.0,1
5,196.428571429,118.571428571,36.0,26.0,1
