#item,x,y,dx,dy,label
0,214.230769231,119.615384615,34.0,30.0,1
1,272.307692308,106.153846154,26.0,30.0,1
2,268.076923077,9.61538461538,28.0,26.0,1
3,17.6923076923,253.846153846,24.0,26.0,1
4,257.692307692,265.0,24.0,20.0,1
5,43.0769230769,258.076923077,22.0,30.0,1
6,0.769230769231,233.461538462,18.0,30.0,1
7,153.461538462,2.69230769231,24.0,28.0,1
