#item,x,y,dx,dy,label
0,61.0714285714,145.714285714,30.0,40.0,1
1,59.2857142857,190.714285714,40.0,26.0,1
2,173.571428571,212.857142857,34.0,32.0,1
3,208.571428571,65.3571428571,26.0,32.0,1
4,244.285714286,105.714285714,26.0,24.0,1
5,262.857142857,95.3571428571,26.0,24.0,1
6,12.8571428571,20.3571428571,28.0,26.0,1
7,22.5,1.07142857143,28.0,22.0,1
8,162.5,229.285714286,28.0,22.0,1
