#item,x,y,dx,dy,label
0,172.142857143,245.0,20.0,26.0,1
1,190.357142857,239.285714286,20.0,26.0,1
2,201.071428571,192.5,22.0,18.0,1
3,235.714285714,186.785714286,16.0,24.0,1
4,223.928571429,157.857142857,22.0,16.0,1
5,256.785714286,168.214285714,18.0,26.0,1
6,221.428571429,139.285714286,24.0,16.0,1
7,285.357142857,143.214285714,14.0,26.0,1
8,257.142857143,19.2857142857,14.0,18.0,1
9,247.5,127.142857143,22.0,18.0,1
