#item,x,y,dx,dy,label
0,16.1904761905,40.0,44.0,34.0,1
1,48.0952380952,32.380952381,36.0,48.0,1
2,63.3333333333,48.5714285714,28.0,40.0,1
3,70.9523809524,1.42857142857,36.0,40.0,1
4,200.0,191.428571429,44.0,50.0,1
5,246.666666667,181.428571429,48.0,38.0,1
6,107.619047619,275.714285714,46.0,24.0,1
7,256.666666667,34.2857142857,30.0,40.0,1
8,225.714285714,8.57142857143,36.0,46.0,1
