#item,x,y,dx,dy,label
0,164.736842105,44.7368421053,20.0,24.0,1
1,165.263157895,72.1052631579,22.0,24.0,1
2,144.210526316,228.421052632,22.0,24.0,1
3,264.736842105,101.052631579,22.0,24.0,1
