#item,x,y,dx,dy,label
0,40.7142857143,119.285714286,28.0,28.0,1
1,55.0,4.64285714286,30.0,42.0,1
2,47.8571428571,83.9285714286,26.0,34.0,1
3,170.357142857,106.071428571,40.0,34.0,1
4,231.428571429,133.571428571,32.0,38.0,1
5,211.071428571,268.928571429,26.0,26.0,1
6,197.142857143,81.7857142857,32.0,26.0,1
7,220.0,85.0,32.0,26.0,1
8,241.071428571,54.2857142857,30.0,38.0,1
9,117.142857143,159.285714286,24.0,24.0,1
