#item,x,y,dx,dy,label
0,53.0769230769,40.3846153846,34.0,34.0,1
1,37.6923076923,85.7692307692,26.0,24.0,1
2,6.15384615385,130.0,22.0,32.0,1
3,192.307692308,60.7692307692,24.0,36.0,1
4,187.307692308,115.0,24.0,30.0,1
5,192.692307692,192.307692308,26.0,20.0,1
6,223.846153846,196.153846154,22.0,26.0,1
7,181.538461538,206.923076923,22.0,26.0,1
8,88.0769230769,204.615384615,16.0,22.0,1
9,107.307692308,200.384615385,18.0,22.0,1
10,97.3076923077,189.615384615,18.0,22.0,1
