#item,x,y,dx,dy,label
0,244.285714286,245.714285714,24.0,26.0,1
