#item,x,y,dx,dy,label
0,260.384615385,28.0769230769,32.0,36.0,1
1,224.230769231,214.615384615,26.0,30.0,1
2,160.384615385,138.076923077,20.0,26.0,1
3,156.538461538,205.0,20.0,26.0,1
4,110.384615385,155.769230769,22.0,24.0,1
5,103.846153846,178.461538462,22.0,24.0,1
6,45.3846153846,36.1538461538,18.0,24.0,1
7,33.4615384615,53.0769230769,18.0,24.0,1
