#item,x,y,dx,dy,label
0,32.8571428571,98.5714285714,36.0,28.0,1
1,212.142857143,68.2142857143,32.0,30.0,1
2,243.571428571,178.214285714,30.0,28.0,1
3,223.571428571,171.071428571,24.0,22.0,1
4,270.0,198.214285714,30.0,28.0,1
5,220.714285714,256.071428571,24.0,22.0,1
6,55.3571428571,260.0,30.0,28.0,1
7,95.7142857143,243.571428571,30.0,28.0,1
8,240.357142857,5.71428571429,24.0,22.0,1
