#item,x,y,dx,dy,label
0,122.307692308,200.0,28.0,18.0,1
1,136.538461538,212.692307692,28.0,24.0,1
2,166.538461538,218.846153846,28.0,18.0,1
3,180.769230769,91.9230769231,36.0,26.0,1
4,205.384615385,41.9230769231,32.0,28.0,1
5,177.307692308,33.0769230769,32.0,24.0,1
6,231.153846154,14.2307692308,40.0,28.0,1
7,10.3846153846,39.2307692308,22.0,28.0,1
8,45.0,34.6153846154,22.0,28.0,1
9,191.153846154,221.153846154,22.0,26.0,1
