#item,x,y,dx,dy,label
0,163.571428571,93.5714285714,20.0,30.0,1
1,146.785714286,105.357142857,20.0,30.0,1
