#item,x,y,dx,dy,label
0,14.2307692308,85.7692307692,24.0,30.0,1
1,97.3076923077,5.38461538462,18.0,18.0,1
2,278.846153846,85.0,16.0,18.0,1
