#item,x,y,dx,dy,label
0,48.0769230769,94.2307692308,28.0,36.0,1
1,240.0,151.923076923,24.0,36.0,1
2,212.692307692,213.076923077,24.0,36.0,1
3,180.384615385,217.692307692,32.0,26.0,1
4,232.307692308,243.076923077,28.0,26.0,1
5,159.230769231,275.0,26.0,24.0,1
6,260.0,1.53846153846,36.0,18.0,1
