#item,x,y,dx,dy,label
0,10.4347826087,98.6956521739,34.0,32.0,1
1,0.434782608696,156.086956522,24.0,28.0,1
