#item,x,y,dx,dy,label
0,182.5,83.9285714286,28.0,30.0,1
1,208.571428571,56.0714285714,40.0,30.0,1
2,204.642857143,201.071428571,36.0,34.0,1
3,240.0,275.0,38.0,24.0,1
4,222.857142857,258.928571429,28.0,34.0,1
