#item,x,y,dx,dy,label
0,39.5652173913,111.304347826,30.0,18.0,1
1,28.6956521739,120.0,20.0,20.0,1
