#item,x,y,dx,dy,label
0,112.857142857,130.714285714,44.0,42.0,1
1,203.571428571,142.142857143,36.0,52.0,1
2,233.214285714,154.285714286,34.0,50.0,1
3,240.714285714,110.0,46.0,34.0,1
4,163.214285714,42.5,44.0,40.0,1
5,208.214285714,211.428571429,34.0,36.0,1
6,206.785714286,253.214285714,42.0,38.0,1
7,239.642857143,259.642857143,42.0,38.0,1
