#item,x,y,dx,dy,label
0,235.714285714,59.2857142857,24.0,24.0,1
1,234.642857143,41.0714285714,20.0,20.0,1
2,239.285714286,82.8571428571,20.0,20.0,1
3,73.5714285714,272.142857143,24.0,22.0,1
4,127.857142857,187.857142857,24.0,22.0,1
