#item,x,y,dx,dy,label
0,153.80952381,103.333333333,28.0,24.0,1
1,7.14285714286,214.761904762,22.0,28.0,1
2,29.0476190476,223.80952381,24.0,30.0,1
3,258.095238095,92.380952381,28.0,24.0,1
4,270.0,22.8571428571,30.0,22.0,1
5,262.857142857,19.0476190476,24.0,26.0,1
6,278.571428571,108.095238095,20.0,26.0,1
7,285.714285714,224.285714286,14.0,26.0,1
