#item,x,y,dx,dy,label
0,20.0,221.428571429,24.0,30.0,1
1,7.14285714286,195.714285714,30.0,22.0,1
2,26.0714285714,70.0,30.0,22.0,1
3,89.2857142857,17.8571428571,22.0,24.0,1
4,106.785714286,7.5,28.0,24.0,1
5,160.0,127.142857143,30.0,24.0,1
6,228.214285714,175.714285714,28.0,22.0,1
7,256.785714286,191.071428571,20.0,24.0,1
