#item,x,y,dx,dy,label
0,57.3076923077,124.230769231,24.0,40.0,1
1,73.4615384615,171.538461538,24.0,36.0,1
2,151.153846154,266.153846154,30.0,28.0,1
3,247.307692308,126.923076923,26.0,24.0,1
4,254.230769231,60.7692307692,20.0,26.0,1
5,182.692307692,93.8461538462,26.0,26.0,1
