#item,x,y,dx,dy,label
0,41.4285714286,91.4285714286,24.0,20.0,1
1,6.78571428571,216.785714286,26.0,22.0,1
2,265.357142857,245.714285714,20.0,22.0,1
3,98.9285714286,117.857142857,24.0,26.0,1
4,191.785714286,108.928571429,24.0,22.0,1
