#item,x,y,dx,dy,label
0,109.642857143,269.285714286,18.0,26.0,1
1,118.928571429,247.857142857,18.0,26.0,1
2,269.642857143,207.5,18.0,26.0,1
