#item,x,y,dx,dy,label
0,31.0714285714,137.142857143,28.0,26.0,1
1,51.7857142857,122.5,24.0,22.0,1
2,10.0,176.785714286,24.0,30.0,1
3,28.9285714286,171.428571429,28.0,24.0,1
4,21.0714285714,118.928571429,22.0,30.0,1
