#item,x,y,dx,dy,label
0,51.0526315789,232.105263158,24.0,16.0,1
1,35.7894736842,240.0,16.0,22.0,1
