#item,x,y,dx,dy,label
0,119.130434783,230.869565217,32.0,38.0,1
1,47.8260869565,13.9130434783,40.0,40.0,1
2,142.608695652,28.2608695652,40.0,36.0,1
3,232.173913043,67.8260869565,28.0,30.0,1
4,169.130434783,246.956521739,40.0,42.0,1
