#item,x,y,dx,dy,label
0,274.642857143,250.714285714,24.0,34.0,1
