#item,x,y,dx,dy,label
0,106.071428571,114.642857143,32.0,32.0,1
1,10.0,233.571428571,32.0,32.0,1
2,58.9285714286,212.857142857,24.0,32.0,1
3,17.5,267.142857143,32.0,28.0,1
