#item,x,y,dx,dy,label
0,266.071428571,250.714285714,32.0,20.0,1
