#item,x,y,dx,dy,label
0,95.7142857143,83.8095238095,28.0,26.0,1
1,116.19047619,97.1428571429,28.0,20.0,1
2,139.047619048,110.952380952,28.0,24.0,1
3,127.142857143,121.904761905,24.0,28.0,1
4,163.80952381,66.6666666667,22.0,18.0,1
5,276.666666667,217.619047619,22.0,32.0,1
6,256.666666667,272.857142857,28.0,24.0,1
