#item,x,y,dx,dy,label
0,188.461538462,87.6923076923,22.0,20.0,1
1,182.692307692,78.8461538462,22.0,20.0,1
2,163.846153846,14.2307692308,26.0,26.0,1
3,211.923076923,147.692307692,20.0,32.0,1
4,209.230769231,105.0,26.0,28.0,1
5,233.846153846,75.0,20.0,26.0,1
6,117.692307692,256.923076923,20.0,26.0,1
7,98.8461538462,245.0,24.0,16.0,1
8,124.230769231,283.461538462,24.0,16.0,1
9,175.769230769,211.923076923,28.0,24.0,1
10,175.769230769,48.0769230769,20.0,20.0,1
