#item,x,y,dx,dy,label
0,64.7619047619,148.571428571,26.0,24.0,1
1,38.5714285714,177.142857143,26.0,24.0,1
2,53.3333333333,246.666666667,30.0,28.0,1
3,174.285714286,258.095238095,30.0,28.0,1
4,164.285714286,115.238095238,22.0,28.0,1
5,240.0,84.7619047619,22.0,28.0,1
6,242.380952381,1.90476190476,30.0,22.0,1
7,249.047619048,40.9523809524,30.0,22.0,1
8,184.285714286,80.0,24.0,30.0,1
