#item,x,y,dx,dy,label
0,74.7368421053,144.210526316,26.0,28.0,1
1,57.3684210526,120.526315789,30.0,26.0,1
2,193.157894737,36.3157894737,24.0,26.0,1
3,173.684210526,4.21052631579,24.0,22.0,1
4,26.8421052632,53.6842105263,22.0,20.0,1
5,92.6315789474,93.6842105263,18.0,16.0,1
6,56.3157894737,84.2105263158,22.0,20.0,1
7,37.3684210526,151.578947368,26.0,26.0,1
8,133.684210526,47.3684210526,22.0,22.0,1
