#item,x,y,dx,dy,label
0,126.086956522,196.086956522,24.0,28.0,1
1,193.47826087,236.52173913,24.0,28.0,1
2,256.52173913,195.217391304,24.0,28.0,1
3,241.739130435,174.782608696,24.0,28.0,1
4,255.652173913,229.130434783,20.0,24.0,1
