#item,x,y,dx,dy,label
0,91.9230769231,175.769230769,44.0,38.0,1
1,62.3076923077,198.461538462,40.0,34.0,1
2,190.384615385,243.461538462,24.0,18.0,1
3,191.153846154,256.153846154,20.0,18.0,1
4,205.384615385,173.846153846,34.0,26.0,1
5,201.538461538,133.076923077,30.0,38.0,1
6,273.076923077,56.9230769231,26.0,38.0,1
7,98.8461538462,125.0,32.0,38.0,1
8,173.076923077,33.4615384615,24.0,30.0,1
9,163.076923077,9.61538461538,24.0,30.0,1
10,122.692307692,8.07692307692,26.0,32.0,1
