#item,x,y,dx,dy,label
0,59.4736842105,216.315789474,20.0,20.0,1
1,61.5789473684,236.842105263,20.0,20.0,1
2,72.1052631579,101.578947368,16.0,24.0,1
3,159.473684211,121.052631579,20.0,22.0,1
4,148.947368421,5.78947368421,16.0,20.0,1
