#item,x,y,dx,dy,label
0,55.0,63.2142857143,18.0,16.0,1
1,126.428571429,129.285714286,18.0,20.0,1
2,42.5,211.428571429,22.0,18.0,1
3,57.1428571429,265.0,22.0,18.0,1
4,130.357142857,209.642857143,20.0,18.0,1
5,136.071428571,228.928571429,26.0,20.0,1
6,86.4285714286,265.357142857,26.0,30.0,1
7,103.214285714,37.1428571429,26.0,18.0,1
