#item,x,y,dx,dy,label
0,72.8571428571,152.142857143,26.0,30.0,1
1,111.785714286,159.642857143,32.0,28.0,1
2,101.428571429,246.428571429,32.0,34.0,1
3,276.428571429,248.928571429,22.0,28.0,1
4,49.2857142857,85.0,24.0,30.0,1
5,64.6428571429,248.571428571,32.0,32.0,1
