#item,x,y,dx,dy,label
0,50.3846153846,176.923076923,28.0,38.0,1
1,25.3846153846,182.692307692,28.0,38.0,1
2,206.923076923,207.307692308,28.0,22.0,1
3,226.923076923,214.230769231,28.0,32.0,1
4,210.769230769,190.0,28.0,24.0,1
5,153.846153846,267.307692308,36.0,26.0,1
6,1.15384615385,151.923076923,24.0,34.0,1
7,80.3846153846,26.9230769231,22.0,24.0,1
8,65.0,22.3076923077,22.0,24.0,1
9,82.6923076923,7.69230769231,22.0,20.0,1
10,92.6923076923,11.1538461538,24.0,30.0,1
