#item,x,y,dx,dy,label
0,167.142857143,213.928571429,28.0,24.0,1
1,161.785714286,249.642857143,28.0,24.0,1
2,123.214285714,253.928571429,28.0,24.0,1
3,139.642857143,237.142857143,28.0,24.0,1
4,140.714285714,218.571428571,28.0,24.0,1
5,266.071428571,192.142857143,18.0,24.0,1
