#item,x,y,dx,dy,label
0,82.6086956522,34.347826087,26.0,22.0,1
