#item,x,y,dx,dy,label
0,210.0,187.142857143,22.0,22.0,1
1,1.78571428571,70.3571428571,22.0,22.0,1
