#item,x,y,dx,dy,label
0,47.3684210526,50.5263157895,26.0,28.0,1
1,61.0526315789,32.6315789474,22.0,24.0,1
2,76.8421052632,34.2105263158,22.0,24.0,1
3,265.789473684,155.789473684,22.0,24.0,1
4,231.578947368,250.526315789,22.0,24.0,1
5,260.0,261.578947368,28.0,30.0,1
6,96.3157894737,158.421052632,26.0,28.0,1
