#item,x,y,dx,dy,label
0,16.8421052632,176.315789474,24.0,22.0,1
1,28.4210526316,195.263157895,22.0,20.0,1
2,45.2631578947,193.684210526,22.0,20.0,1
3,54.7368421053,176.315789474,22.0,20.0,1
