#item,x,y,dx,dy,label
0,230.0,198.947368421,26.0,26.0,1
1,178.421052632,253.684210526,28.0,24.0,1
2,202.105263158,275.789473684,28.0,24.0,1
