#item,x,y,dx,dy,label
0,11.9230769231,20.3846153846,32.0,32.0,1
1,206.923076923,257.307692308,24.0,38.0,1
2,196.923076923,91.1538461538,18.0,26.0,1
