#item,x,y,dx,dy,label
0,235.263157895,185.789473684,28.0,24.0,1
1,60.0,245.0,20.0,20.0,1
2,115.5,114.0,22.0,22.0,1
3,213.5,261.0,30.0,24.0,1
4,24.0,22.0,22.0,22.0,1
