#item,x,y,dx,dy,label
0,117.857142857,11.0714285714,28.0,34.0,1
1,120.714285714,66.4285714286,48.0,34.0,1
2,180.0,250.0,30.0,34.0,1
3,220.714285714,243.571428571,28.0,34.0,1
4,166.785714286,198.571428571,28.0,34.0,1
