#item,x,y,dx,dy,label
0,72.6315789474,145.789473684,28.0,24.0,1
1,91.5789473684,155.263157895,26.0,22.0,1
2,177.894736842,194.736842105,34.0,40.0,1
3,241.052631579,253.157894737,38.0,28.0,1
4,227.368421053,117.368421053,30.0,36.0,1
5,193.157894737,92.1052631579,26.0,28.0,1
6,166.315789474,72.6315789474,32.0,32.0,1
7,33.6842105263,66.8421052632,24.0,30.0,1
8,50.0,70.5263157895,24.0,30.0,1
9,118.947368421,34.7368421053,30.0,34.0,1
10,135.789473684,54.2105263158,28.0,28.0,1
