#item,x,y,dx,dy,label
0,89.4736842105,228.947368421,20.0,18.0,1
1,174.210526316,96.3157894737,20.0,18.0,1
2,266.315789474,163.684210526,20.0,18.0,1
3,253.684210526,151.578947368,20.0,18.0,1
4,85.7894736842,253.157894737,22.0,20.0,1
5,177.894736842,113.684210526,20.0,18.0,1
6,196.315789474,182.631578947,20.0,18.0,1
7,44.7368421053,220.0,20.0,18.0,1
8,56.3157894737,216.315789474,20.0,18.0,1
