#item,x,y,dx,dy,label
0,27.1428571429,2.5,24.0,22.0,1
1,21.7857142857,21.7857142857,26.0,40.0,1
2,1.42857142857,179.642857143,20.0,28.0,1
3,199.285714286,146.071428571,20.0,28.0,1
4,175.714285714,253.214285714,28.0,22.0,1
