#item,x,y,dx,dy,label
0,50.7692307692,1.15384615385,24.0,18.0,1
1,65.3846153846,10.3846153846,24.0,18.0,1
2,68.8461538462,24.6153846154,26.0,24.0,1
3,120.769230769,53.0769230769,22.0,24.0,1
4,137.692307692,1.53846153846,24.0,16.0,1
5,136.153846154,160.0,28.0,22.0,1
6,209.615384615,176.923076923,24.0,18.0,1
7,190.769230769,177.307692308,24.0,18.0,1
8,205.0,195.384615385,22.0,16.0,1
9,84.6153846154,215.0,20.0,16.0,1
10,44.6153846154,23.0769230769,22.0,28.0,1
