#item,x,y,dx,dy,label
0,163.214285714,18.2142857143,24.0,30.0,1
