#item,x,y,dx,dy,label
0,61.4285714286,137.857142857,26.0,26.0,1
1,32.5,192.142857143,26.0,26.0,1
2,147.857142857,223.214285714,30.0,30.0,1
3,185.0,240.0,30.0,30.0,1
4,214.642857143,228.928571429,26.0,24.0,1
5,210.357142857,250.357142857,24.0,26.0,1
