#item,x,y,dx,dy,label
0,1.53846153846,144.615384615,16.0,26.0,1
1,16.1538461538,178.076923077,22.0,28.0,1
2,69.6153846154,208.461538462,26.0,24.0,1
3,77.3076923077,231.538461538,24.0,22.0,1
4,1.53846153846,10.7692307692,22.0,22.0,1
5,203.076923077,206.153846154,24.0,34.0,1
6,215.0,177.692307692,24.0,34.0,1
