#item,x,y,dx,dy,label
0,28.2142857143,150.714285714,24.0,22.0,1
1,113.214285714,178.928571429,30.0,22.0,1
2,88.9285714286,185.357142857,30.0,22.0,1
3,96.0714285714,201.428571429,26.0,30.0,1
4,162.857142857,223.928571429,26.0,24.0,1
5,196.785714286,221.071428571,22.0,30.0,1
6,213.928571429,214.285714286,26.0,30.0,1
