#item,x,y,dx,dy,label
0,123.076923077,150.0,36.0,30.0,1
1,129.230769231,188.076923077,28.0,28.0,1
2,87.6923076923,226.538461538,34.0,26.0,1
3,143.461538462,231.538461538,28.0,36.0,1
4,162.692307692,237.307692308,44.0,34.0,1
5,176.923076923,189.230769231,32.0,34.0,1
6,187.307692308,191.153846154,32.0,34.0,1
7,253.461538462,278.461538462,32.0,20.0,1
8,260.0,19.2307692308,24.0,26.0,1
9,277.307692308,40.0,22.0,26.0,1
