#item,x,y,dx,dy,label
0,25.3846153846,0.769230769231,28.0,16.0,1
1,30.0,14.2307692308,28.0,24.0,1
2,37.3076923077,17.3076923077,28.0,24.0,1
3,36.5384615385,48.0769230769,28.0,22.0,1
4,53.4615384615,38.4615384615,22.0,22.0,1
5,68.8461538462,8.07692307692,26.0,26.0,1
6,88.0769230769,1.15384615385,26.0,22.0,1
7,82.6923076923,40.0,26.0,22.0,1
8,87.3076923077,58.4615384615,26.0,24.0,1
9,12.3076923077,249.615384615,34.0,28.0,1
