#item,x,y,dx,dy,label
0,15.7692307692,1.53846153846,42.0,30.0,1
1,225.0,79.6153846154,36.0,26.0,1
2,204.615384615,94.2307692308,34.0,36.0,1
3,242.692307692,222.307692308,44.0,32.0,1
4,41.9230769231,261.538461538,36.0,28.0,1
5,159.230769231,229.615384615,36.0,28.0,1
6,190.384615385,198.846153846,36.0,28.0,1
7,75.3846153846,237.307692308,32.0,24.0,1
