#item,x,y,dx,dy,label
0,7.85714285714,120.0,28.0,36.0,1
1,33.5714285714,145.0,28.0,30.0,1
2,1.42857142857,92.5,28.0,30.0,1
3,188.571428571,71.0714285714,28.0,26.0,1
4,173.928571429,111.428571429,28.0,22.0,1
