#item,x,y,dx,dy,label
0,156.315789474,39.4736842105,30.0,28.0,1
