#item,x,y,dx,dy,label
0,155.789473684,68.9473684211,26.0,24.0,1
1,241.578947368,84.7368421053,24.0,22.0,1
2,233.684210526,127.368421053,26.0,20.0,1
3,218.421052632,259.473684211,26.0,20.0,1
