#item,x,y,dx,dy,label
0,159.615384615,104.230769231,14.0,20.0,1
1,198.076923077,174.615384615,22.0,16.0,1
2,152.307692308,18.0769230769,20.0,16.0,1
3,106.153846154,31.5384615385,18.0,16.0,1
4,89.6153846154,2.69230769231,18.0,16.0,1
5,1.92307692308,161.923076923,14.0,28.0,1
6,113.461538462,166.923076923,14.0,20.0,1
7,171.923076923,18.8461538462,24.0,22.0,1
