#item,x,y,dx,dy,label
0,93.4615384615,2.30769230769,30.0,26.0,1
1,89.2307692308,18.4615384615,32.0,34.0,1
2,140.769230769,73.4615384615,26.0,28.0,1
3,156.923076923,86.9230769231,30.0,28.0,1
4,208.076923077,11.9230769231,34.0,34.0,1
5,231.538461538,2.30769230769,24.0,24.0,1
6,245.0,12.3076923077,32.0,34.0,1
7,26.5384615385,183.846153846,22.0,24.0,1
8,116.153846154,182.307692308,22.0,26.0,1
9,264.230769231,213.461538462,34.0,28.0,1
10,248.846153846,121.923076923,18.0,28.0,1
