#item,x,y,dx,dy,label
0,64.347826087,175.652173913,28.0,34.0,1
1,30.8695652174,223.47826087,30.0,26.0,1
2,15.652173913,237.826086957,22.0,26.0,1
3,134.347826087,242.173913043,24.0,34.0,1
4,106.52173913,213.043478261,30.0,26.0,1
5,106.086956522,29.5652173913,32.0,28.0,1
6,176.52173913,150.0,26.0,34.0,1
7,248.260869565,130.0,34.0,24.0,1
