#item,x,y,dx,dy,label
0,255.789473684,52.1052631579,34.0,36.0,1
1,204.210526316,45.2631578947,38.0,36.0,1
2,200.526315789,13.1578947368,40.0,38.0,1
3,92.6315789474,130.526315789,32.0,30.0,1
4,47.3684210526,145.789473684,32.0,30.0,1
5,78.9473684211,157.368421053,32.0,30.0,1
6,103.684210526,151.578947368,30.0,28.0,1
7,105.263157895,178.947368421,34.0,28.0,1
8,49.4736842105,269.473684211,34.0,28.0,1
