#item,x,y,dx,dy,label
0,248.214285714,88.2142857143,20.0,22.0,1
1,223.928571429,108.214285714,28.0,28.0,1
2,226.071428571,205.0,28.0,28.0,1
