#item,x,y,dx,dy,label
0,248.846153846,212.307692308,22.0,30.0,1
1,243.846153846,237.307692308,18.0,20.0,1
2,227.307692308,277.307692308,24.0,20.0,1
3,0.769230769231,250.769230769,20.0,18.0,1
4,9.23076923077,275.384615385,26.0,20.0,1
