#item,x,y,dx,dy,label
0,54.7368421053,77.8947368421,26.0,26.0,1
1,43.6842105263,2.10526315789,22.0,22.0,1
2,155.263157895,40.0,22.0,22.0,1
3,220.526315789,139.473684211,24.0,24.0,1
4,233.684210526,253.684210526,24.0,24.0,1
5,179.473684211,21.5789473684,24.0,24.0,1
6,216.315789474,3.68421052632,22.0,22.0,1
