#item,x,y,dx,dy,label
0,172.142857143,94.2857142857,24.0,28.0,1
1,4.64285714286,130.357142857,24.0,32.0,1
2,246.071428571,127.142857143,28.0,22.0,1
