#item,x,y,dx,dy,label
0,181.785714286,263.571428571,16.0,20.0,1
1,136.785714286,244.285714286,16.0,20.0,1
2,206.071428571,271.785714286,22.0,22.0,1
