#item,x,y,dx,dy,label
0,18.0769230769,248.461538462,32.0,36.0,1
1,69.2307692308,213.846153846,32.0,36.0,1
2,153.461538462,176.923076923,34.0,32.0,1
3,155.0,145.769230769,30.0,32.0,1
4,191.153846154,201.538461538,24.0,28.0,1
5,275.0,229.230769231,24.0,34.0,1
6,135.0,25.0,30.0,42.0,1
7,113.076923077,45.0,30.0,24.0,1
8,216.538461538,49.6153846154,32.0,30.0,1
9,227.692307692,1.53846153846,36.0,22.0,1
10,270.0,80.3846153846,26.0,30.0,1
