#item,x,y,dx,dy,label
0,265.714285714,228.928571429,22.0,30.0,1
1,271.785714286,257.5,24.0,28.0,1
2,244.285714286,255.0,28.0,30.0,1
3,32.8571428571,260.357142857,22.0,28.0,1
4,250.0,40.3571428571,28.0,24.0,1
