#item,x,y,dx,dy,label
0,157.5,19.6428571429,38.0,32.0,1
1,144.285714286,7.85714285714,30.0,24.0,1
2,257.857142857,13.5714285714,24.0,32.0,1
