#item,x,y,dx,dy,label
0,240.526315789,257.368421053,20.0,20.0,1
1,257.368421053,251.052631579,20.0,20.0,1
2,272.105263158,234.736842105,26.0,22.0,1
3,179.473684211,232.105263158,24.0,26.0,1
