#item,x,y,dx,dy,label
0,11.1538461538,9.23076923077,26.0,26.0,1
1,100.384615385,14.2307692308,22.0,32.0,1
2,81.1538461538,82.3076923077,24.0,20.0,1
3,105.769230769,95.0,24.0,20.0,1
4,146.153846154,107.307692308,22.0,24.0,1
5,243.846153846,138.076923077,28.0,24.0,1
6,256.538461538,110.0,24.0,24.0,1
7,248.076923077,46.5384615385,20.0,24.0,1
