#item,x,y,dx,dy,label
0,207.307692308,206.153846154,24.0,24.0,1
1,48.0769230769,268.076923077,22.0,28.0,1
2,98.8461538462,99.2307692308,24.0,32.0,1
3,94.6153846154,126.538461538,22.0,24.0,1
4,18.0769230769,229.615384615,28.0,24.0,1
