#item,x,y,dx,dy,label
0,10.8695652174,127.391304348,26.0,26.0,1
1,36.9565217391,262.173913043,28.0,28.0,1
2,24.347826087,161.304347826,26.0,22.0,1
3,187.391304348,65.2173913043,22.0,22.0,1
4,242.173913043,160.869565217,26.0,24.0,1
5,262.608695652,156.086956522,26.0,24.0,1
6,52.6086956522,219.565217391,24.0,22.0,1
7,76.5217391304,216.52173913,26.0,28.0,1
8,66.0869565217,256.086956522,38.0,26.0,1
9,185.217391304,120.0,18.0,26.0,1
