#item,x,y,dx,dy,label
0,89.2857142857,268.928571429,28.0,30.0,1
1,176.785714286,265.0,36.0,28.0,1
2,134.642857143,161.428571429,36.0,26.0,1
3,206.428571429,111.785714286,36.0,26.0,1
4,259.642857143,274.285714286,20.0,20.0,1
