#item,x,y,dx,dy,label
0,5.35714285714,62.5,24.0,36.0,1
1,42.1428571429,168.571428571,26.0,28.0,1
2,42.8571428571,233.571428571,34.0,32.0,1
3,266.071428571,113.214285714,32.0,26.0,1
4,217.142857143,40.0,30.0,24.0,1
