#item,x,y,dx,dy,label
0,51.4285714286,236.071428571,18.0,20.0,1
1,35.3571428571,237.142857143,18.0,26.0,1
2,13.5714285714,182.857142857,26.0,24.0,1
3,0.714285714286,45.7142857143,20.0,30.0,1
4,133.571428571,48.2142857143,26.0,26.0,1
5,155.357142857,51.7857142857,18.0,30.0,1
6,197.5,47.5,20.0,28.0,1
7,220.0,51.0714285714,28.0,32.0,1
8,227.5,1.78571428571,24.0,24.0,1
9,183.571428571,15.3571428571,24.0,24.0,1
10,1.42857142857,1.78571428571,20.0,28.0,1
