#item,x,y,dx,dy,label
0,131.739130435,30.0,32.0,32.0,1
1,217.826086957,109.565217391,18.0,26.0,1
2,98.2608695652,8.69565217391,32.0,22.0,1
