#item,x,y,dx,dy,label
0,63.4615384615,184.230769231,26.0,30.0,1
1,55.7692307692,149.230769231,30.0,32.0,1
2,115.384615385,75.0,30.0,24.0,1
3,128.076923077,94.6153846154,30.0,24.0,1
4,175.0,100.0,30.0,24.0,1
5,237.692307692,144.230769231,26.0,28.0,1
6,248.846153846,128.846153846,26.0,24.0,1
7,255.769230769,33.4615384615,22.0,22.0,1
8,110.769230769,38.0769230769,18.0,20.0,1
