#item,x,y,dx,dy,label
0,167.857142857,231.428571429,32.0,30.0,1
1,273.214285714,18.5714285714,26.0,24.0,1
