#item,x,y,dx,dy,label
0,56.1538461538,2.69230769231,30.0,26.0,1
1,56.5384615385,34.2307692308,28.0,22.0,1
