#item,x,y,dx,dy,label
0,154.642857143,119.285714286,22.0,26.0,1
1,141.428571429,113.571428571,20.0,24.0,1
2,182.5,47.8571428571,20.0,24.0,1
3,191.071428571,122.857142857,22.0,26.0,1
4,165.0,217.142857143,22.0,22.0,1
5,191.428571429,213.214285714,20.0,20.0,1
6,15.0,48.5714285714,26.0,26.0,1
7,269.285714286,65.7142857143,26.0,20.0,1
