#item,x,y,dx,dy,label
0,250.0,217.826086957,34.0,26.0,1
1,258.260869565,243.913043478,32.0,26.0,1
