#item,x,y,dx,dy,label
0,196.785714286,191.785714286,28.0,28.0,1
1,205.357142857,231.428571429,28.0,26.0,1
2,206.785714286,262.5,22.0,20.0,1
3,250.357142857,248.214285714,26.0,20.0,1
4,245.357142857,265.357142857,22.0,20.0,1
5,241.428571429,96.7857142857,18.0,22.0,1
6,255.714285714,88.2142857143,20.0,24.0,1
7,159.285714286,27.8571428571,28.0,26.0,1
