#item,x,y,dx,dy,label
0,87.3913043478,23.0434782609,38.0,34.0,1
1,82.1739130435,252.608695652,32.0,28.0,1
