#item,x,y,dx,dy,label
0,33.0769230769,60.0,26.0,30.0,1
1,6.53846153846,60.3846153846,26.0,30.0,1
2,12.6923076923,92.6923076923,22.0,26.0,1
3,96.5384615385,17.3076923077,24.0,28.0,1
4,121.153846154,16.5384615385,22.0,26.0,1
5,70.0,75.3846153846,24.0,30.0,1
6,182.692307692,68.8461538462,22.0,22.0,1
7,186.923076923,88.4615384615,26.0,20.0,1
8,229.230769231,113.461538462,20.0,20.0,1
9,239.615384615,125.769230769,14.0,20.0,1
10,250.0,123.076923077,18.0,22.0,1
