#item,x,y,dx,dy,label
0,165.263157895,68.4210526316,16.0,18.0,1
1,66.8421052632,158.421052632,16.0,18.0,1
2,86.3157894737,175.263157895,20.0,22.0,1
