#item,x,y,dx,dy,label
0,23.8095238095,179.523809524,36.0,22.0,1
1,261.428571429,41.9047619048,32.0,28.0,1
2,271.428571429,64.7619047619,28.0,40.0,1
