#item,x,y,dx,dy,label
0,27.5,17.1428571429,34.0,26.0,1
1,4.28571428571,17.5,26.0,26.0,1
2,31.7857142857,0.357142857143,30.0,22.0,1
3,22.8571428571,92.1428571429,24.0,26.0,1
4,7.14285714286,139.285714286,20.0,22.0,1
5,0.714285714286,232.857142857,22.0,28.0,1
