#item,x,y,dx,dy,label
0,18.2142857143,128.214285714,24.0,22.0,1
1,3.21428571429,113.214285714,24.0,22.0,1
2,91.7857142857,78.2142857143,22.0,26.0,1
3,62.8571428571,79.2857142857,22.0,26.0,1
4,235.714285714,134.285714286,22.0,26.0,1
5,232.857142857,112.5,22.0,26.0,1
6,272.5,141.428571429,18.0,22.0,1
7,56.4285714286,60.7142857143,24.0,22.0,1
