#item,x,y,dx,dy,label
0,81.0714285714,68.2142857143,18.0,20.0,1
1,151.785714286,63.5714285714,20.0,22.0,1
2,218.928571429,83.5714285714,20.0,22.0,1
3,120.714285714,188.928571429,16.0,22.0,1
4,139.285714286,183.571428571,16.0,22.0,1
5,135.357142857,238.928571429,16.0,22.0,1
