#item,x,y,dx,dy,label
0,2.14285714286,191.071428571,28.0,34.0,1
1,115.357142857,35.7142857143,24.0,30.0,1
2,204.285714286,93.5714285714,34.0,34.0,1
3,243.571428571,143.571428571,16.0,24.0,1
4,256.785714286,140.0,18.0,20.0,1
5,260.357142857,179.285714286,22.0,24.0,1
6,201.428571429,219.642857143,22.0,24.0,1
7,240.357142857,159.642857143,22.0,24.0,1
8,227.5,170.357142857,22.0,24.0,1
9,199.642857143,158.214285714,26.0,24.0,1
