#item,x,y,dx,dy,label
0,154.736842105,264.210526316,22.0,18.0,1
1,133.157894737,222.631578947,26.0,28.0,1
2,113.684210526,194.210526316,20.0,22.0,1
3,100.0,207.894736842,16.0,22.0,1
4,219.473684211,243.684210526,22.0,20.0,1
5,195.263157895,236.842105263,22.0,16.0,1
6,193.157894737,187.368421053,22.0,20.0,1
7,175.263157895,276.842105263,22.0,14.0,1
8,72.1052631579,42.1052631579,22.0,16.0,1
9,90.0,54.2105263158,18.0,20.0,1
10,63.6842105263,245.789473684,18.0,20.0,1
