#item,x,y,dx,dy,label
0,43.0434782609,70.4347826087,30.0,34.0,1
1,250.0,144.347826087,38.0,28.0,1
2,255.652173913,71.7391304348,38.0,28.0,1
3,188.260869565,100.869565217,24.0,30.0,1
4,147.391304348,216.956521739,34.0,28.0,1
5,160.869565217,262.608695652,34.0,28.0,1
6,181.739130435,240.869565217,26.0,28.0,1
7,277.391304348,272.608695652,30.0,24.0,1
