#item,x,y,dx,dy,label
0,214.285714286,170.0,24.0,24.0,1
1,236.071428571,156.071428571,28.0,24.0,1
2,46.0714285714,271.785714286,20.0,28.0,1
3,38.2142857143,254.642857143,28.0,30.0,1
4,212.5,23.5714285714,18.0,18.0,1
5,195.714285714,209.642857143,20.0,20.0,1
