#item,x,y,dx,dy,label
0,234.782608696,23.4782608696,22.0,24.0,1
