#item,x,y,dx,dy,label
0,30.7142857143,19.6428571429,46.0,34.0,1
1,5.71428571429,37.5,36.0,44.0,1
2,41.4285714286,48.9285714286,24.0,26.0,1
3,23.5714285714,74.2857142857,38.0,32.0,1
4,21.0714285714,118.928571429,38.0,32.0,1
5,10.3571428571,167.5,34.0,32.0,1
6,29.2857142857,170.357142857,34.0,58.0,1
7,2.5,172.5,34.0,58.0,1
8,133.928571429,263.571428571,48.0,32.0,1
9,232.857142857,25.3571428571,30.0,34.0,1
