#item,x,y,dx,dy,label
0,159.230769231,161.538461538,26.0,28.0,1
1,150.769230769,181.923076923,24.0,24.0,1
2,184.615384615,121.153846154,28.0,32.0,1
3,41.1538461538,194.230769231,24.0,20.0,1
