#item,x,y,dx,dy,label
0,148.421052632,213.684210526,28.0,24.0,1
1,193.684210526,196.315789474,24.0,24.0,1
2,247.894736842,206.315789474,24.0,24.0,1
3,250.526315789,225.789473684,18.0,22.0,1
4,235.263157895,173.157894737,26.0,24.0,1
5,193.157894737,159.473684211,22.0,32.0,1
