#item,x,y,dx,dy,label
0,69.6153846154,2.69230769231,48.0,38.0,1
1,113.076923077,235.0,56.0,54.0,1
