#item,x,y,dx,dy,label
0,216.071428571,183.571428571,32.0,34.0,1
1,165.0,84.6428571429,32.0,34.0,1
2,122.5,128.571428571,28.0,28.0,1
3,97.1428571429,63.2142857143,30.0,22.0,1
4,83.5714285714,36.4285714286,22.0,22.0,1
5,2.14285714286,126.428571429,24.0,36.0,1
6,0.357142857143,100.0,22.0,20.0,1
7,245.357142857,188.214285714,24.0,26.0,1
