#item,x,y,dx,dy,label
0,227.5,57.1428571429,26.0,34.0,1
1,129.285714286,259.642857143,22.0,22.0,1
2,13.9285714286,184.285714286,38.0,30.0,1
