#item,x,y,dx,dy,label
0,166.315789474,106.842105263,20.0,22.0,1
1,61.0526315789,124.210526316,20.0,22.0,1
