#item,x,y,dx,dy,label
0,93.1578947368,150.526315789,24.0,20.0,1
1,108.947368421,103.157894737,28.0,20.0,1
2,95.7894736842,108.947368421,22.0,22.0,1
