#item,x,y,dx,dy,label
0,43.1578947368,32.1052631579,26.0,28.0,1
1,68.4210526316,37.3684210526,38.0,26.0,1
2,172.105263158,60.0,26.0,22.0,1
3,60.0,62.6315789474,26.0,34.0,1
