#item,x,y,dx,dy,label
0,50.8695652174,247.826086957,30.0,28.0,1
1,74.7826086957,250.869565217,30.0,22.0,1
2,114.347826087,76.9565217391,30.0,26.0,1
3,183.913043478,59.1304347826,34.0,30.0,1
4,215.652173913,53.9130434783,34.0,30.0,1
5,233.913043478,113.043478261,28.0,24.0,1
6,221.304347826,176.956521739,30.0,32.0,1
