#item,x,y,dx,dy,label
0,36.5217391304,227.826086957,28.0,32.0,1
1,173.043478261,269.130434783,28.0,26.0,1
2,123.47826087,54.7826086957,24.0,32.0,1
3,190.434782609,195.652173913,32.0,22.0,1
