#item,x,y,dx,dy,label
0,113.043478261,229.130434783,20.0,24.0,1
1,130.0,230.434782609,22.0,20.0,1
2,15.652173913,276.52173913,22.0,20.0,1
3,204.782608696,170.0,30.0,24.0,1
4,185.217391304,166.52173913,24.0,20.0,1
5,166.956521739,144.347826087,24.0,24.0,1
6,120.434782609,93.4782608696,28.0,24.0,1
7,143.47826087,89.1304347826,28.0,24.0,1
