#item,x,y,dx,dy,label
0,256.086956522,265.652173913,26.0,28.0,1
