#item,x,y,dx,dy,label
0,165.384615385,226.538461538,20.0,24.0,1
