#item,x,y,dx,dy,label
0,84.6428571429,148.214285714,26.0,34.0,1
1,93.5714285714,110.714285714,24.0,34.0,1
2,233.214285714,104.642857143,26.0,26.0,1
3,49.6428571429,248.928571429,24.0,24.0,1
4,23.5714285714,240.357142857,24.0,28.0,1
5,16.4285714286,260.714285714,24.0,28.0,1
6,41.0714285714,268.928571429,24.0,28.0,1
7,65.3571428571,267.5,24.0,28.0,1
8,74.6428571429,78.5714285714,20.0,24.0,1
