#item,x,y,dx,dy,label
0,53.2142857143,150.357142857,22.0,30.0,1
1,124.642857143,135.714285714,26.0,24.0,1
2,194.285714286,15.0,30.0,22.0,1
3,216.785714286,1.07142857143,26.0,18.0,1
4,260.0,6.07142857143,26.0,18.0,1
5,10.0,175.0,22.0,20.0,1
6,68.9285714286,247.857142857,28.0,26.0,1
7,206.785714286,267.5,20.0,18.0,1
