#item,x,y,dx,dy,label
0,32.6315789474,9.47368421053,36.0,26.0,1
1,73.6842105263,125.789473684,28.0,34.0,1
2,84.2105263158,141.052631579,32.0,26.0,1
3,53.6842105263,150.0,32.0,26.0,1
