#item,x,y,dx,dy,label
0,29.4736842105,95.2631578947,24.0,24.0,1
1,62.6315789474,82.1052631579,24.0,20.0,1
