#item,x,y,dx,dy,label
0,170.0,21.0714285714,28.0,30.0,1
1,199.285714286,85.0,28.0,22.0,1
2,274.285714286,95.7142857143,24.0,28.0,1
3,196.785714286,115.714285714,24.0,28.0,1
