#item,x,y,dx,dy,label
0,22.6315789474,277.894736842,18.0,22.0,1
1,31.5789473684,268.947368421,18.0,22.0,1
2,85.7894736842,200.526315789,16.0,18.0,1
3,155.263157895,174.736842105,18.0,20.0,1
4,112.631578947,96.8421052632,18.0,20.0,1
5,45.2631578947,53.6842105263,18.0,20.0,1
