#item,x,y,dx,dy,label
0,73.6842105263,200.0,40.0,42.0,1
1,67.3684210526,237.368421053,40.0,40.0,1
2,10.5263157895,235.789473684,52.0,44.0,1
3,143.157894737,182.631578947,34.0,46.0,1
4,164.210526316,180.526315789,34.0,46.0,1
5,173.684210526,157.894736842,34.0,38.0,1
6,210.0,150.0,40.0,48.0,1
7,238.421052632,149.473684211,40.0,48.0,1
8,256.842105263,136.842105263,40.0,44.0,1
