#item,x,y,dx,dy,label
0,98.5714285714,213.928571429,30.0,30.0,1
1,50.7142857143,147.857142857,30.0,28.0,1
2,48.9285714286,1.78571428571,30.0,28.0,1
3,113.214285714,8.57142857143,30.0,28.0,1
4,236.071428571,62.5,30.0,28.0,1
5,134.642857143,131.428571429,30.0,20.0,1
6,135.714285714,196.071428571,30.0,24.0,1
7,239.642857143,165.0,30.0,26.0,1
8,203.571428571,168.571428571,30.0,20.0,1
9,275.0,105.357142857,26.0,20.0,1
10,170.357142857,153.928571429,24.0,22.0,1
