#item,x,y,dx,dy,label
0,246.153846154,16.1538461538,24.0,28.0,1
1,264.615384615,50.7692307692,20.0,18.0,1
2,143.076923077,36.9230769231,20.0,18.0,1
3,125.0,39.2307692308,18.0,16.0,1
