#item,x,y,dx,dy,label
0,28.8461538462,108.846153846,40.0,38.0,1
1,6.15384615385,116.923076923,32.0,36.0,1
2,3.84615384615,232.307692308,22.0,24.0,1
3,88.4615384615,83.8461538462,34.0,30.0,1
4,118.076923077,75.0,34.0,30.0,1
5,91.5384615385,49.2307692308,28.0,26.0,1
6,107.692307692,28.0769230769,28.0,26.0,1
7,151.153846154,44.2307692308,30.0,20.0,1
8,156.923076923,70.0,24.0,28.0,1
9,165.769230769,122.307692308,20.0,28.0,1
10,283.076923077,43.0769230769,16.0,30.0,1
