#item,x,y,dx,dy,label
0,22.1052631579,251.052631579,26.0,26.0,1
1,73.6842105263,180.0,24.0,24.0,1
2,69.4736842105,255.789473684,28.0,24.0,1
3,33.1578947368,186.315789474,24.0,24.0,1
4,214.210526316,266.842105263,24.0,26.0,1
5,231.578947368,280.0,28.0,18.0,1
