#item,x,y,dx,dy,label
0,18.4615384615,272.692307692,24.0,26.0,1
1,238.461538462,261.923076923,24.0,20.0,1
2,265.384615385,264.230769231,22.0,24.0,1
