#item,x,y,dx,dy,label
0,200.357142857,3.21428571429,30.0,26.0,1
1,208.928571429,38.5714285714,30.0,26.0,1
2,138.928571429,104.285714286,24.0,20.0,1
3,214.285714286,126.428571429,22.0,28.0,1
4,248.928571429,244.642857143,28.0,28.0,1
5,237.857142857,234.642857143,28.0,28.0,1
