#item,x,y,dx,dy,label
0,63.5714285714,128.214285714,32.0,34.0,1
1,236.785714286,211.428571429,26.0,20.0,1
