#item,x,y,dx,dy,label
0,178.076923077,215.384615385,32.0,28.0,1
1,210.384615385,213.846153846,32.0,28.0,1
