#item,x,y,dx,dy,label
0,109.565217391,42.1739130435,34.0,44.0,1
1,92.6086956522,0.869565217391,46.0,30.0,1
2,147.826086957,0.434782608696,38.0,26.0,1
3,23.0434782609,144.782608696,36.0,30.0,1
4,33.0434782609,170.0,36.0,30.0,1
5,90.8695652174,198.260869565,38.0,32.0,1
6,53.9130434783,254.347826087,32.0,32.0,1
7,143.47826087,146.956521739,32.0,32.0,1
8,90.4347826087,101.739130435,44.0,36.0,1
