#item,x,y,dx,dy,label
0,17.8947368421,132.105263158,22.0,20.0,1
1,148.947368421,111.578947368,22.0,20.0,1
2,146.842105263,71.0526315789,22.0,20.0,1
3,126.842105263,27.8947368421,22.0,20.0,1
4,156.315789474,144.210526316,22.0,20.0,1
5,184.210526316,139.473684211,18.0,20.0,1
6,170.0,123.684210526,20.0,20.0,1
