#item,x,y,dx,dy,label
0,194.782608696,100.434782609,26.0,30.0,1
1,267.826086957,157.826086957,20.0,24.0,1
2,52.6086956522,101.739130435,36.0,26.0,1
3,23.0434782609,114.782608696,26.0,36.0,1
4,23.0434782609,79.1304347826,26.0,36.0,1
5,28.2608695652,4.78260869565,26.0,32.0,1
6,40.4347826087,197.826086957,32.0,24.0,1
7,276.956521739,246.086956522,22.0,28.0,1
8,178.260869565,120.869565217,30.0,24.0,1
9,139.130434783,163.47826087,30.0,24.0,1
