#item,x,y,dx,dy,label
0,127.368421053,82.1052631579,22.0,24.0,1
1,104.736842105,90.0,22.0,24.0,1
2,74.2105263158,30.5263157895,22.0,24.0,1
3,37.3684210526,101.578947368,22.0,24.0,1
4,62.1052631579,95.2631578947,18.0,24.0,1
5,47.3684210526,209.473684211,26.0,24.0,1
6,37.3684210526,221.578947368,24.0,22.0,1
7,195.263157895,232.631578947,26.0,20.0,1
8,272.105263158,37.3684210526,26.0,24.0,1
