#item,x,y,dx,dy,label
0,13.5714285714,70.3571428571,22.0,22.0,1
1,11.0714285714,24.2857142857,18.0,18.0,1
2,117.5,28.5714285714,26.0,24.0,1
3,138.571428571,32.5,30.0,28.0,1
4,216.428571429,27.8571428571,26.0,24.0,1
5,227.857142857,46.4285714286,24.0,22.0,1
6,207.142857143,229.642857143,24.0,30.0,1
7,256.428571429,243.571428571,38.0,38.0,1
