#item,x,y,dx,dy,label
0,175.789473684,192.631578947,32.0,32.0,1
1,233.684210526,264.210526316,32.0,26.0,1
2,228.421052632,159.473684211,32.0,26.0,1
3,127.894736842,126.842105263,22.0,26.0,1
4,277.368421053,200.526315789,22.0,26.0,1
5,276.315789474,104.210526316,22.0,26.0,1
