#item,x,y,dx,dy,label
0,3.15789473684,183.684210526,42.0,40.0,1
1,148.421052632,252.105263158,30.0,26.0,1
2,175.789473684,268.421052632,30.0,26.0,1
3,223.157894737,231.578947368,42.0,32.0,1
