#item,x,y,dx,dy,label
0,150.714285714,235.0,34.0,36.0,1
1,162.5,199.285714286,38.0,26.0,1
2,103.571428571,34.6428571429,38.0,30.0,1
3,72.8571428571,36.4285714286,28.0,30.0,1
4,279.642857143,172.5,20.0,36.0,1
