#item,x,y,dx,dy,label
0,112.142857143,61.0714285714,22.0,20.0,1
1,129.285714286,50.7142857143,22.0,20.0,1
2,189.642857143,27.5,22.0,20.0,1
3,75.3571428571,106.428571429,22.0,20.0,1
4,185.714285714,273.214285714,26.0,24.0,1
5,201.071428571,275.714285714,26.0,24.0,1
