#item,x,y,dx,dy,label
0,220.0,69.5238095238,44.0,34.0,1
1,201.904761905,24.7619047619,38.0,50.0,1
2,206.666666667,99.5238095238,32.0,40.0,1
3,88.5714285714,267.142857143,22.0,30.0,1
4,197.619047619,82.380952381,28.0,36.0,1
