#item,x,y,dx,dy,label
0,256.428571429,143.571428571,30.0,26.0,1
1,233.928571429,216.785714286,24.0,26.0,1
2,215.0,214.642857143,24.0,26.0,1
