#item,x,y,dx,dy,label
0,27.1428571429,0.714285714286,26.0,12.0,1
1,55.0,1.78571428571,20.0,20.0,1
2,57.8571428571,15.0,20.0,20.0,1
3,69.6428571429,6.42857142857,20.0,20.0,1
4,112.5,202.5,20.0,28.0,1
5,88.2142857143,256.071428571,24.0,22.0,1
6,66.0714285714,263.214285714,24.0,22.0,1
7,220.357142857,229.642857143,22.0,22.0,1
8,252.857142857,227.5,22.0,22.0,1
9,250.0,247.5,18.0,22.0,1
