#item,x,y,dx,dy,label
0,235.217391304,43.0434782609,32.0,22.0,1
1,213.913043478,89.5652173913,28.0,18.0,1
