#item,x,y,dx,dy,label
0,54.6428571429,188.571428571,28.0,24.0,1
1,108.214285714,187.5,20.0,32.0,1
