#item,x,y,dx,dy,label
0,93.2142857143,50.7142857143,34.0,26.0,1
1,129.285714286,67.8571428571,34.0,26.0,1
2,97.8571428571,101.428571429,24.0,22.0,1
3,64.6428571429,209.285714286,32.0,24.0,1
4,103.571428571,201.071428571,24.0,24.0,1
5,96.4285714286,264.642857143,30.0,30.0,1
6,150.714285714,162.857142857,26.0,34.0,1
7,167.142857143,198.571428571,26.0,28.0,1
8,203.214285714,205.0,22.0,22.0,1
9,266.428571429,262.142857143,26.0,26.0,1
10,173.214285714,10.3571428571,26.0,26.0,1
