#item,x,y,dx,dy,label
0,49.2857142857,67.1428571429,28.0,30.0,1
1,217.142857143,10.0,28.0,30.0,1
2,240.714285714,3.21428571429,26.0,24.0,1
3,240.357142857,96.7857142857,26.0,24.0,1
4,263.571428571,114.285714286,26.0,24.0,1
5,267.857142857,167.142857143,18.0,30.0,1
6,133.571428571,134.642857143,32.0,30.0,1
7,275.714285714,200.714285714,22.0,24.0,1
