#item,x,y,dx,dy,label
0,241.052631579,204.736842105,24.0,22.0,1
