#item,x,y,dx,dy,label
0,50.3571428571,213.928571429,32.0,34.0,1
1,28.5714285714,71.0714285714,26.0,28.0,1
2,104.285714286,51.7857142857,26.0,32.0,1
