#item,x,y,dx,dy,label
0,103.684210526,74.2105263158,44.0,42.0,1
1,60.5263157895,95.2631578947,40.0,42.0,1
2,154.210526316,66.3157894737,40.0,42.0,1
3,184.736842105,63.6842105263,40.0,42.0,1
4,25.2631578947,226.315789474,32.0,34.0,1
5,138.947368421,107.894736842,30.0,32.0,1
6,12.1052631579,47.3684210526,36.0,38.0,1
7,181.052631579,87.3684210526,32.0,32.0,1
8,186.842105263,264.210526316,32.0,32.0,1
