#item,x,y,dx,dy,label
0,26.4285714286,217.142857143,24.0,26.0,1
1,1.78571428571,227.5,24.0,32.0,1
2,155.357142857,115.357142857,36.0,32.0,1
3,160.357142857,138.214285714,40.0,36.0,1
4,195.357142857,123.571428571,26.0,26.0,1
5,266.785714286,88.5714285714,32.0,26.0,1
6,234.285714286,58.5714285714,26.0,22.0,1
7,213.214285714,39.2857142857,26.0,22.0,1
