#item,x,y,dx,dy,label
0,201.153846154,24.6153846154,20.0,20.0,1
1,213.846153846,41.5384615385,16.0,22.0,1
2,230.769230769,57.3076923077,16.0,22.0,1
3,246.923076923,91.1538461538,16.0,22.0,1
4,256.923076923,88.4615384615,16.0,14.0,1
5,246.923076923,28.8461538462,34.0,20.0,1
6,110.0,2.30769230769,26.0,30.0,1
7,121.153846154,19.2307692308,26.0,30.0,1
8,150.769230769,61.1538461538,18.0,24.0,1
9,81.1538461538,128.076923077,24.0,28.0,1
