#item,x,y,dx,dy,label
0,192.5,47.1428571429,22.0,22.0,1
1,166.785714286,28.5714285714,22.0,22.0,1
