#item,x,y,dx,dy,label
0,75.7142857143,98.5714285714,30.0,26.0,1
