#item,x,y,dx,dy,label
0,96.9230769231,80.3846153846,22.0,22.0,1
1,274.516129032,20.6451612903,26.0,30.0,1
2,185.483870968,87.0967741935,22.0,28.0,1
3,181.612903226,67.4193548387,22.0,22.0,1
4,161.290322581,68.064516129,26.0,22.0,1
5,117.741935484,88.7096774194,26.0,22.0,1
6,94.1935483871,102.903225806,24.0,26.0,1
7,109.032258065,116.451612903,24.0,24.0,1
8,2.0,72.4,16.0,22.0,1
9,34.0,51.2,16.0,18.0,1
10,99.2,168.4,24.0,20.0,1
11,109.2,200.8,20.0,24.0,1
