#item,x,y,dx,dy,label
0,1.42857142857,122.5,26.0,36.0,1
1,211.071428571,55.3571428571,26.0,36.0,1
