#item,x,y,dx,dy,label
0,123.684210526,121.052631579,26.0,26.0,1
1,148.947368421,123.684210526,26.0,26.0,1
2,170.526315789,136.842105263,28.0,28.0,1
3,105.263157895,138.947368421,30.0,30.0,1
4,129.473684211,176.842105263,28.0,28.0,1
5,262.105263158,13.1578947368,26.0,26.0,1
6,204.736842105,274.210526316,22.0,22.0,1
7,138.947368421,247.368421053,22.0,22.0,1
8,151.052631579,267.368421053,22.0,22.0,1
9,40.0,38.9473684211,22.0,22.0,1
10,206.842105263,77.3684210526,22.0,22.0,1
