#item,x,y,dx,dy,label
0,46.7857142857,38.2142857143,30.0,20.0,1
