#item,x,y,dx,dy,label
0,54.2307692308,157.692307692,30.0,24.0,1
1,23.4615384615,184.230769231,36.0,28.0,1
2,111.538461538,96.9230769231,32.0,24.0,1
3,258.846153846,248.846153846,34.0,32.0,1
4,258.846153846,226.153846154,30.0,24.0,1
5,270.769230769,195.0,28.0,20.0,1
6,1.92307692308,170.769230769,20.0,20.0,1
