#item,x,y,dx,dy,label
0,84.2307692308,128.846153846,32.0,24.0,1
1,17.3076923077,60.0,20.0,24.0,1
2,8.07692307692,40.7692307692,24.0,20.0,1
3,65.0,35.0,28.0,24.0,1
4,110.0,20.0,28.0,22.0,1
5,146.923076923,28.4615384615,28.0,20.0,1
6,77.6923076923,20.7692307692,22.0,20.0,1
7,157.692307692,266.153846154,24.0,30.0,1
8,218.461538462,229.615384615,24.0,30.0,1
9,234.230769231,255.384615385,34.0,34.0,1
10,106.153846154,164.615384615,18.0,20.0,1
11,127.692307692,126.538461538,22.0,28.0,1
