#item,x,y,dx,dy,label
0,177.307692308,156.538461538,26.0,30.0,1
1,132.692307692,238.076923077,26.0,18.0,1
2,119.615384615,263.461538462,34.0,22.0,1
3,61.5384615385,266.153846154,26.0,22.0,1
4,50.7692307692,167.692307692,38.0,22.0,1
5,90.0,158.076923077,38.0,32.0,1
6,45.3846153846,135.384615385,22.0,24.0,1
