#item,x,y,dx,dy,label
0,20.4761904762,248.571428571,20.0,24.0,1
1,34.7619047619,269.523809524,20.0,24.0,1
2,39.0476190476,250.0,20.0,24.0,1
3,16.6666666667,264.285714286,20.0,24.0,1
