#item,x,y,dx,dy,label
0,0.869565217391,19.1304347826,34.0,24.0,1
1,7.39130434783,161.739130435,22.0,28.0,1
2,134.347826087,277.826086957,34.0,22.0,1
