#item,x,y,dx,dy,label
0,16.3157894737,205.789473684,30.0,32.0,1
1,38.4210526316,221.578947368,22.0,24.0,1
2,83.1578947368,225.789473684,24.0,24.0,1
3,184.210526316,170.526315789,24.0,24.0,1
4,153.684210526,99.4736842105,24.0,24.0,1
5,241.578947368,135.789473684,28.0,24.0,1
6,139.473684211,230.526315789,24.0,24.0,1
7,163.684210526,215.263157895,22.0,22.0,1
8,144.736842105,202.631578947,22.0,22.0,1
9,151.052631579,168.947368421,22.0,22.0,1
10,93.6842105263,164.210526316,24.0,24.0,1
