#item,x,y,dx,dy,label
0,140.0,144.210526316,22.0,18.0,1
1,240.0,34.7368421053,18.0,22.0,1
