#item,x,y,dx,dy,label
0,30.0,188.214285714,26.0,24.0,1
1,53.5714285714,194.285714286,22.0,20.0,1
2,80.7142857143,206.071428571,24.0,20.0,1
3,67.5,90.0,24.0,20.0,1
4,55.3571428571,30.7142857143,24.0,20.0,1
5,165.714285714,202.857142857,18.0,24.0,1
6,145.714285714,187.857142857,26.0,18.0,1
