#item,x,y,dx,dy,label
0,2.85714285714,70.7142857143,32.0,26.0,1
1,19.2857142857,85.0,26.0,26.0,1
2,75.3571428571,91.7857142857,26.0,26.0,1
3,78.5714285714,111.785714286,22.0,26.0,1
4,96.7857142857,96.4285714286,22.0,26.0,1
5,139.285714286,52.8571428571,22.0,26.0,1
6,130.0,75.0,26.0,26.0,1
