#item,x,y,dx,dy,label
0,15.7692307692,118.461538462,26.0,32.0,1
1,13.0769230769,152.307692308,26.0,32.0,1
2,9.61538461538,224.615384615,22.0,20.0,1
3,35.0,12.6923076923,26.0,20.0,1
4,224.615384615,11.1538461538,28.0,28.0,1
5,260.769230769,36.1538461538,24.0,26.0,1
6,271.538461538,15.3846153846,26.0,24.0,1
7,212.307692308,129.230769231,24.0,22.0,1
8,213.076923077,150.769230769,24.0,30.0,1
9,116.538461538,193.461538462,22.0,26.0,1
