#item,x,y,dx,dy,label
0,24.2857142857,111.428571429,28.0,38.0,1
1,37.5,130.357142857,32.0,36.0,1
2,40.0,251.428571429,42.0,22.0,1
3,184.285714286,154.642857143,34.0,24.0,1
4,193.571428571,173.928571429,34.0,24.0,1
5,103.928571429,178.571428571,34.0,24.0,1
6,0.0,253.928571429,18.0,24.0,1
7,229.285714286,126.071428571,30.0,28.0,1
8,272.5,81.7857142857,26.0,24.0,1
9,78.2142857143,220.357142857,26.0,24.0,1
