#item,x,y,dx,dy,label
0,85.7142857143,13.9285714286,24.0,32.0,1
