#item,x,y,dx,dy,label
0,141.578947368,276.842105263,22.0,22.0,1
1,156.315789474,263.684210526,26.0,26.0,1
2,253.157894737,140.526315789,22.0,24.0,1
3,213.684210526,196.315789474,32.0,28.0,1
4,214.210526316,170.0,32.0,28.0,1
5,279.473684211,95.7894736842,20.0,26.0,1
6,261.578947368,50.0,20.0,24.0,1
