#item,x,y,dx,dy,label
0,42.1052631579,252.631578947,24.0,24.0,1
1,88.9473684211,224.736842105,22.0,22.0,1
2,97.3684210526,241.578947368,20.0,20.0,1
3,193.684210526,129.473684211,38.0,38.0,1
4,230.0,252.105263158,32.0,32.0,1
