#item,x,y,dx,dy,label
0,133.571428571,80.0,24.0,28.0,1
1,128.571428571,55.3571428571,28.0,22.0,1
2,157.857142857,65.3571428571,20.0,24.0,1
3,248.571428571,262.5,22.0,26.0,1
4,230.714285714,215.0,24.0,28.0,1
