#item,x,y,dx,dy,label
0,6.07142857143,188.928571429,24.0,22.0,1
1,33.2142857143,211.785714286,22.0,22.0,1
2,136.785714286,61.0714285714,28.0,24.0,1
3,8.57142857143,32.5,26.0,24.0,1
4,23.9285714286,5.0,24.0,28.0,1
5,42.1428571429,1.07142857143,30.0,22.0,1
6,44.6428571429,24.2857142857,24.0,16.0,1
7,23.2142857143,216.785714286,20.0,24.0,1
8,95.0,82.5,26.0,24.0,1
