#item,x,y,dx,dy,label
0,135.263157895,135.263157895,30.0,18.0,1
1,43.1578947368,191.052631579,30.0,18.0,1
2,87.3684210526,108.421052632,20.0,18.0,1
3,100.0,95.2631578947,20.0,18.0,1
