#item,x,y,dx,dy,label
0,231.538461538,168.846153846,32.0,28.0,1
1,172.692307692,263.846153846,34.0,28.0,1
2,26.9230769231,192.307692308,36.0,38.0,1
3,100.769230769,133.076923077,24.0,32.0,1
4,20.7692307692,162.692307692,28.0,20.0,1
5,9.61538461538,85.7692307692,26.0,28.0,1
6,154.230769231,1.53846153846,34.0,24.0,1
7,238.846153846,2.69230769231,34.0,24.0,1
8,265.384615385,4.61538461538,34.0,34.0,1
9,196.153846154,189.230769231,38.0,36.0,1
