#item,x,y,dx,dy,label
0,76.0714285714,61.0714285714,34.0,24.0,1
1,11.7857142857,83.2142857143,24.0,28.0,1
2,251.071428571,2.85714285714,34.0,34.0,1
