#item,x,y,dx,dy,label
0,77.1428571429,57.5,42.0,26.0,1
1,135.0,53.9285714286,42.0,26.0,1
2,1.07142857143,3.21428571429,24.0,28.0,1
3,0.357142857143,40.7142857143,30.0,34.0,1
4,119.285714286,143.214285714,28.0,32.0,1
5,111.428571429,175.714285714,40.0,28.0,1
6,136.071428571,199.642857143,28.0,24.0,1
