#item,x,y,dx,dy,label
0,140.526315789,240.526315789,24.0,26.0,1
1,235.263157895,110.526315789,24.0,30.0,1
2,86.8421052632,107.894736842,20.0,22.0,1
