#item,x,y,dx,dy,label
0,111.923076923,20.0,28.0,30.0,1
1,116.538461538,50.3846153846,22.0,38.0,1
2,1.15384615385,32.3076923077,22.0,32.0,1
3,170.384615385,22.3076923077,28.0,42.0,1
4,185.769230769,62.6923076923,26.0,32.0,1
5,221.538461538,61.5384615385,22.0,30.0,1
6,248.846153846,4.61538461538,24.0,36.0,1
7,278.076923077,228.076923077,20.0,24.0,1
8,258.461538462,274.615384615,32.0,24.0,1
9,138.461538462,231.538461538,28.0,22.0,1
