#item,x,y,dx,dy,label
0,201.304347826,147.391304348,24.0,16.0,1
1,193.043478261,187.391304348,24.0,20.0,1
2,147.391304348,151.304347826,24.0,20.0,1
3,169.565217391,154.347826087,20.0,24.0,1
4,167.391304348,233.913043478,20.0,24.0,1
5,15.2173913043,128.260869565,20.0,24.0,1
6,35.652173913,99.5652173913,18.0,22.0,1
