#item,x,y,dx,dy,label
0,84.6153846154,156.923076923,26.0,22.0,1
1,121.538461538,200.0,28.0,28.0,1
2,151.923076923,188.846153846,28.0,28.0,1
3,174.615384615,182.307692308,26.0,28.0,1
4,161.153846154,150.384615385,24.0,26.0,1
5,184.615384615,150.0,32.0,26.0,1
6,30.3846153846,228.846153846,30.0,24.0,1
7,53.4615384615,273.076923077,26.0,26.0,1
8,208.461538462,51.9230769231,24.0,22.0,1
