#item,x,y,dx,dy,label
0,97.3913043478,15.2173913043,28.0,24.0,1
1,1.30434782609,89.1304347826,28.0,24.0,1
2,255.652173913,29.1304347826,24.0,24.0,1
3,272.173913043,18.2608695652,24.0,24.0,1
