#item,x,y,dx,dy,label
0,106.071428571,101.071428571,26.0,18.0,1
1,12.8571428571,238.571428571,26.0,32.0,1
2,232.5,195.714285714,18.0,24.0,1
