#item,x,y,dx,dy,label
0,0.526315789474,96.8421052632,34.0,32.0,1
1,214.210526316,97.3684210526,34.0,32.0,1
2,269.473684211,124.210526316,38.0,42.0,1
