#item,x,y,dx,dy,label
0,1.42857142857,100.714285714,16.0,28.0,1
1,65.0,1.78571428571,34.0,22.0,1
2,66.0714285714,58.5714285714,30.0,36.0,1
3,80.0,155.0,30.0,36.0,1
4,197.142857143,132.5,22.0,28.0,1
5,222.857142857,273.571428571,48.0,24.0,1
6,250.714285714,265.714285714,30.0,32.0,1
