#item,x,y,dx,dy,label
0,28.8461538462,45.3846153846,28.0,34.0,1
1,1.53846153846,53.4615384615,30.0,30.0,1
2,55.7692307692,61.1538461538,26.0,26.0,1
3,121.923076923,273.076923077,30.0,24.0,1
4,225.769230769,139.615384615,26.0,28.0,1
5,67.6923076923,83.8461538462,24.0,24.0,1
