#item,x,y,dx,dy,label
0,20.0,90.3846153846,28.0,22.0,1
1,16.1538461538,235.384615385,24.0,18.0,1
2,35.3846153846,246.538461538,20.0,20.0,1
3,261.153846154,85.0,20.0,14.0,1
