#item,x,y,dx,dy,label
0,144.736842105,81.0526315789,30.0,34.0,1
1,139.473684211,117.368421053,30.0,32.0,1
2,190.526315789,57.3684210526,32.0,32.0,1
