#item,x,y,dx,dy,label
0,259.130434783,85.2173913043,26.0,28.0,1
1,232.608695652,84.7826086957,26.0,22.0,1
