#item,x,y,dx,dy,label
0,212.5,197.857142857,28.0,28.0,1
1,238.571428571,162.5,26.0,26.0,1
2,10.3571428571,108.571428571,24.0,24.0,1
3,216.785714286,40.3571428571,22.0,22.0,1
4,200.357142857,20.7142857143,28.0,28.0,1
5,205.357142857,231.071428571,24.0,32.0,1
