#item,x,y,dx,dy,label
0,225.0,179.642857143,32.0,26.0,1
1,239.285714286,154.285714286,30.0,26.0,1
2,127.5,120.357142857,26.0,26.0,1
3,1.07142857143,97.1428571429,22.0,26.0,1
4,251.428571429,114.285714286,26.0,30.0,1
