#item,x,y,dx,dy,label
0,139.615384615,151.538461538,20.0,22.0,1
