#item,x,y,dx,dy,label
0,65.2631578947,44.2105263158,18.0,22.0,1
1,190.526315789,271.578947368,16.0,18.0,1
