#item,x,y,dx,dy,label
0,10.5263157895,176.842105263,22.0,22.0,1
1,62.6315789474,175.789473684,18.0,18.0,1
2,199.473684211,250.526315789,22.0,22.0,1
3,229.473684211,277.368421053,22.0,22.0,1
4,250.526315789,269.473684211,22.0,22.0,1
5,266.842105263,254.210526316,22.0,22.0,1
6,192.631578947,158.947368421,22.0,22.0,1
7,186.842105263,112.105263158,22.0,22.0,1
8,101.578947368,143.157894737,28.0,22.0,1
9,129.473684211,135.789473684,28.0,22.0,1
