#item,x,y,dx,dy,label
0,251.071428571,182.5,18.0,18.0,1
1,175.714285714,160.714285714,26.0,18.0,1
