#item,x,y,dx,dy,label
0,254.285714286,148.571428571,24.0,24.0,1
1,259.523809524,176.666666667,24.0,24.0,1
2,160.0,212.857142857,24.0,24.0,1
3,179.523809524,235.714285714,24.0,24.0,1
4,91.9047619048,224.761904762,30.0,30.0,1
5,58.0952380952,233.80952381,24.0,30.0,1
