#item,x,y,dx,dy,label
0,226.19047619,171.904761905,40.0,30.0,1
1,160.952380952,194.285714286,32.0,30.0,1
2,145.714285714,93.8095238095,30.0,34.0,1
3,194.761904762,83.8095238095,32.0,22.0,1
4,210.476190476,101.904761905,32.0,22.0,1
