#item,x,y,dx,dy,label
0,63.2142857143,179.642857143,24.0,26.0,1
1,79.6428571429,170.714285714,24.0,28.0,1
2,88.2142857143,121.071428571,30.0,36.0,1
3,49.6428571429,125.714285714,28.0,28.0,1
4,64.2857142857,35.0,28.0,34.0,1
5,122.5,35.7142857143,28.0,22.0,1
6,129.642857143,9.64285714286,30.0,24.0,1
7,265.714285714,154.285714286,28.0,28.0,1
8,165.0,18.9285714286,30.0,26.0,1
9,198.928571429,1.07142857143,26.0,22.0,1
