#item,x,y,dx,dy,label
0,16.1538461538,175.0,34.0,38.0,1
1,159.230769231,211.923076923,34.0,46.0,1
2,230.769230769,254.230769231,42.0,44.0,1
3,196.923076923,94.6153846154,40.0,34.0,1
4,241.153846154,38.8461538462,40.0,32.0,1
