#item,x,y,dx,dy,label
0,11.5789473684,208.947368421,24.0,26.0,1
1,6.31578947368,175.789473684,22.0,24.0,1
2,126.315789474,252.631578947,28.0,20.0,1
3,152.105263158,269.473684211,24.0,28.0,1
4,234.210526316,194.736842105,24.0,24.0,1
5,276.842105263,104.210526316,20.0,22.0,1
6,205.263157895,114.736842105,20.0,22.0,1
