#item,x,y,dx,dy,label
0,170.526315789,236.315789474,20.0,22.0,1
1,188.421052632,228.947368421,18.0,20.0,1
2,187.894736842,208.421052632,20.0,22.0,1
3,277.368421053,233.684210526,22.0,24.0,1
4,204.736842105,246.315789474,18.0,20.0,1
5,97.3684210526,71.5789473684,20.0,22.0,1
6,68.9473684211,46.8421052632,20.0,22.0,1
