#item,x,y,dx,dy,label
0,18.6956521739,168.260869565,40.0,34.0,1
1,68.2608695652,88.2608695652,40.0,34.0,1
2,202.173913043,43.9130434783,40.0,34.0,1
3,76.5217391304,133.47826087,30.0,38.0,1
4,146.52173913,2.17391304348,36.0,32.0,1
