#item,x,y,dx,dy,label
0,12.1428571429,177.142857143,36.0,42.0,1
1,141.428571429,91.7857142857,30.0,36.0,1
2,167.5,110.714285714,30.0,36.0,1
3,185.0,122.857142857,32.0,38.0,1
4,222.142857143,126.071428571,32.0,38.0,1
5,215.0,70.0,38.0,38.0,1
6,273.928571429,12.1428571429,26.0,46.0,1
7,169.285714286,203.214285714,32.0,42.0,1
