#item,x,y,dx,dy,label
0,4.21052631579,4.73684210526,28.0,30.0,1
1,207.368421053,207.894736842,24.0,30.0,1
