#item,x,y,dx,dy,label
0,45.3846153846,268.076923077,32.0,28.0,1
1,162.692307692,197.692307692,32.0,28.0,1
2,216.153846154,244.615384615,32.0,28.0,1
3,249.615384615,245.0,30.0,26.0,1
4,240.769230769,38.0769230769,30.0,26.0,1
