#item,x,y,dx,dy,label
0,12.8571428571,221.428571429,24.0,30.0,1
1,262.857142857,96.4285714286,20.0,26.0,1
2,271.785714286,94.2857142857,20.0,26.0,1
3,261.785714286,56.4285714286,20.0,26.0,1
4,183.214285714,264.285714286,20.0,26.0,1
