#item,x,y,dx,dy,label
0,92.8571428571,164.761904762,20.0,26.0,1
1,101.904761905,155.238095238,20.0,26.0,1
2,180.476190476,136.19047619,20.0,26.0,1
3,134.285714286,106.666666667,20.0,26.0,1
4,141.904761905,83.8095238095,20.0,20.0,1
5,125.238095238,78.0952380952,24.0,24.0,1
6,71.4285714286,130.476190476,24.0,24.0,1
7,81.4285714286,180.952380952,22.0,22.0,1
