#item,x,y,dx,dy,label
0,104.642857143,240.714285714,48.0,40.0,1
1,122.857142857,211.071428571,34.0,34.0,1
2,133.214285714,190.357142857,34.0,34.0,1
3,150.714285714,181.428571429,42.0,34.0,1
4,106.071428571,147.142857143,38.0,34.0,1
5,269.642857143,89.2857142857,28.0,36.0,1
6,253.214285714,75.7142857143,34.0,24.0,1
7,84.6428571429,192.5,34.0,24.0,1
