#item,x,y,dx,dy,label
0,1.73913043478,162.173913043,30.0,32.0,1
1,186.086956522,266.956521739,30.0,32.0,1
2,197.391304348,232.173913043,36.0,34.0,1
3,187.391304348,206.52173913,36.0,34.0,1
4,250.434782609,196.086956522,32.0,30.0,1
5,93.9130434783,109.565217391,28.0,30.0,1
6,72.1739130435,84.347826087,28.0,30.0,1
7,92.1739130435,48.6956521739,28.0,26.0,1
8,147.826086957,0.434782608696,28.0,26.0,1
9,176.956521739,33.4782608696,28.0,26.0,1
10,246.086956522,23.0434782609,28.0,26.0,1
