#item,x,y,dx,dy,label
0,25.3571428571,148.214285714,30.0,22.0,1
1,43.9285714286,162.142857143,22.0,28.0,1
2,200.714285714,170.0,28.0,28.0,1
3,176.071428571,202.857142857,28.0,28.0,1
4,230.357142857,177.5,20.0,28.0,1
5,252.857142857,145.357142857,20.0,22.0,1
6,262.857142857,173.214285714,20.0,22.0,1
7,257.5,236.428571429,24.0,26.0,1
8,3.92857142857,187.5,22.0,26.0,1
9,23.2142857143,167.5,22.0,26.0,1
10,91.4285714286,140.714285714,22.0,26.0,1
11,117.5,123.928571429,30.0,22.0,1
