#item,x,y,dx,dy,label
0,18.4615384615,7.30769230769,24.0,30.0,1
1,68.4615384615,2.69230769231,26.0,20.0,1
2,108.076923077,4.23076923077,34.0,28.0,1
3,238.846153846,6.53846153846,34.0,28.0,1
4,131.153846154,56.1538461538,22.0,28.0,1
5,150.769230769,107.307692308,22.0,28.0,1
6,136.153846154,113.846153846,22.0,28.0,1
7,178.076923077,61.5384615385,16.0,26.0,1
8,47.3076923077,158.076923077,26.0,24.0,1
9,250.769230769,185.0,18.0,24.0,1
