#item,x,y,dx,dy,label
0,117.857142857,71.4285714286,24.0,28.0,1
1,275.714285714,251.071428571,20.0,24.0,1
2,230.0,256.428571429,18.0,22.0,1
3,73.9285714286,252.857142857,26.0,26.0,1
4,0.0,116.071428571,20.0,26.0,1
5,152.142857143,192.142857143,32.0,28.0,1
