#item,x,y,dx,dy,label
0,97.6923076923,58.8461538462,20.0,24.0,1
1,98.4615384615,41.1538461538,20.0,24.0,1
2,97.3076923077,15.3846153846,30.0,26.0,1
3,115.384615385,109.230769231,20.0,26.0,1
4,130.384615385,106.153846154,24.0,18.0,1
5,101.538461538,134.615384615,24.0,20.0,1
6,121.923076923,146.153846154,22.0,22.0,1
7,137.307692308,242.307692308,22.0,22.0,1
8,106.153846154,270.769230769,26.0,26.0,1
9,223.076923077,167.692307692,20.0,26.0,1
