#item,x,y,dx,dy,label
0,197.142857143,241.071428571,22.0,20.0,1
1,119.285714286,57.1428571429,18.0,22.0,1
