#item,x,y,dx,dy,label
0,139.642857143,87.5,32.0,30.0,1
1,74.2857142857,197.142857143,26.0,30.0,1
2,91.4285714286,146.071428571,22.0,30.0,1
3,207.5,170.714285714,32.0,24.0,1
4,217.5,201.071428571,26.0,28.0,1
5,262.142857143,222.857142857,32.0,24.0,1
6,243.571428571,252.857142857,34.0,24.0,1
