#item,x,y,dx,dy,label
0,53.4615384615,86.9230769231,30.0,30.0,1
1,88.4615384615,86.9230769231,32.0,36.0,1
2,147.307692308,123.461538462,28.0,36.0,1
3,108.076923077,172.307692308,26.0,28.0,1
4,116.153846154,211.923076923,26.0,28.0,1
5,175.384615385,221.538461538,30.0,28.0,1
6,272.307692308,264.230769231,26.0,28.0,1
7,1.15384615385,40.0,32.0,28.0,1
