#item,x,y,dx,dy,label
0,111.428571429,202.857142857,24.0,22.0,1
1,94.6428571429,91.0714285714,24.0,18.0,1
2,87.5,29.2857142857,24.0,18.0,1
