#item,x,y,dx,dy,label
0,75.0,163.846153846,22.0,24.0,1
1,66.1538461538,109.615384615,22.0,20.0,1
