#item,x,y,dx,dy,label
0,215.263157895,162.631578947,24.0,22.0,1
1,202.631578947,154.210526316,28.0,18.0,1
2,215.263157895,119.473684211,24.0,20.0,1
3,25.2631578947,186.842105263,22.0,16.0,1
4,8.42105263158,244.210526316,22.0,16.0,1
5,17.3684210526,206.842105263,18.0,20.0,1
6,124.736842105,275.789473684,18.0,20.0,1
7,18.4210526316,54.7368421053,18.0,20.0,1
8,270.526315789,50.0,18.0,20.0,1
9,269.473684211,124.210526316,26.0,22.0,1
10,156.842105263,77.8947368421,26.0,22.0,1
