#item,x,y,dx,dy,label
0,91.7857142857,71.4285714286,26.0,36.0,1
1,109.642857143,63.9285714286,20.0,30.0,1
2,103.214285714,25.0,34.0,36.0,1
3,124.642857143,1.78571428571,44.0,22.0,1
4,73.2142857143,1.78571428571,44.0,18.0,1
5,153.571428571,27.1428571429,26.0,26.0,1
6,139.642857143,116.428571429,22.0,28.0,1
7,80.3571428571,190.714285714,34.0,22.0,1
8,191.071428571,128.214285714,20.0,22.0,1
9,223.928571429,240.357142857,26.0,28.0,1
10,245.0,234.285714286,32.0,22.0,1
