#item,x,y,dx,dy,label
0,43.2142857143,166.428571429,28.0,32.0,1
1,188.214285714,121.785714286,26.0,32.0,1
