#item,x,y,dx,dy,label
0,146.785714286,19.2857142857,28.0,26.0,1
