#item,x,y,dx,dy,label
0,34.347826087,82.1739130435,22.0,24.0,1
1,258.695652174,40.8695652174,22.0,24.0,1
2,241.739130435,257.391304348,22.0,24.0,1
