#item,x,y,dx,dy,label
0,65.0,68.5714285714,24.0,22.0,1
1,71.0714285714,43.9285714286,22.0,26.0,1
2,96.7857142857,56.4285714286,24.0,24.0,1
3,6.42857142857,145.357142857,34.0,24.0,1
4,153.214285714,88.2142857143,36.0,26.0,1
5,160.714285714,161.071428571,32.0,22.0,1
6,56.7857142857,228.214285714,22.0,22.0,1
7,73.2142857143,241.428571429,32.0,22.0,1
8,191.071428571,168.571428571,20.0,22.0,1
9,43.5714285714,51.0714285714,30.0,22.0,1
