#item,x,y,dx,dy,label
0,0.526315789474,170.526315789,22.0,22.0,1
1,39.4736842105,172.631578947,22.0,22.0,1
2,64.2105263158,166.315789474,24.0,24.0,1
3,204.210526316,272.105263158,24.0,24.0,1
4,226.842105263,277.368421053,22.0,22.0,1
5,221.578947368,256.842105263,20.0,20.0,1
6,241.578947368,10.0,30.0,26.0,1
7,126.315789474,188.947368421,22.0,20.0,1
8,36.3157894737,77.3684210526,34.0,30.0,1
9,87.8947368421,63.6842105263,30.0,20.0,1
10,112.631578947,242.631578947,24.0,20.0,1
