#item,x,y,dx,dy,label
0,183.571428571,112.142857143,22.0,18.0,1
1,129.642857143,103.571428571,22.0,18.0,1
2,185.714285714,46.0714285714,22.0,18.0,1
3,205.714285714,54.2857142857,22.0,20.0,1
