#item,x,y,dx,dy,label
0,205.789473684,68.9473684211,22.0,24.0,1
1,193.157894737,43.6842105263,26.0,20.0,1
2,256.315789474,134.736842105,24.0,18.0,1
3,64.7368421053,260.526315789,24.0,34.0,1
