#item,x,y,dx,dy,label
0,15.7142857143,3.80952380952,24.0,32.0,1
1,199.047619048,206.666666667,34.0,20.0,1
2,161.428571429,228.095238095,28.0,28.0,1
3,102.857142857,174.761904762,28.0,28.0,1
4,96.1904761905,12.380952381,24.0,24.0,1
5,248.095238095,130.476190476,28.0,32.0,1
