#item,x,y,dx,dy,label
0,217.5,176.428571429,22.0,22.0,1
1,21.0714285714,188.571428571,24.0,24.0,1
2,1.78571428571,150.0,16.0,24.0,1
3,194.285714286,162.142857143,20.0,20.0,1
4,121.071428571,271.071428571,24.0,24.0,1
5,43.2142857143,48.5714285714,16.0,26.0,1
6,122.5,20.3571428571,30.0,22.0,1
