#item,x,y,dx,dy,label
0,166.842105263,180.526315789,32.0,28.0,1
1,152.105263158,172.105263158,30.0,32.0,1
2,155.789473684,200.526315789,22.0,28.0,1
3,32.1052631579,187.368421053,22.0,28.0,1
4,7.36842105263,192.105263158,22.0,28.0,1
5,20.0,181.052631579,28.0,20.0,1
6,19.4736842105,160.526315789,32.0,24.0,1
7,37.3684210526,152.631578947,28.0,20.0,1
8,224.210526316,138.947368421,24.0,26.0,1
9,254.210526316,137.894736842,24.0,20.0,1
10,228.421052632,175.263157895,28.0,26.0,1
