#item,x,y,dx,dy,label
0,163.928571429,133.214285714,24.0,22.0,1
1,184.642857143,125.0,20.0,22.0,1
2,75.3571428571,171.785714286,16.0,22.0,1
3,58.9285714286,207.142857143,16.0,22.0,1
