#item,x,y,dx,dy,label
0,109.523809524,130.476190476,30.0,26.0,1
1,130.952380952,134.285714286,24.0,34.0,1
2,107.142857143,258.095238095,24.0,28.0,1
3,98.0952380952,270.476190476,24.0,28.0,1
4,44.2857142857,167.619047619,28.0,24.0,1
5,23.3333333333,152.380952381,22.0,28.0,1
6,25.7142857143,86.1904761905,24.0,26.0,1
7,236.19047619,38.5714285714,24.0,24.0,1
8,264.285714286,239.047619048,24.0,22.0,1
9,198.095238095,22.8571428571,24.0,22.0,1
