#item,x,y,dx,dy,label
0,83.2142857143,47.1428571429,22.0,32.0,1
1,89.2857142857,125.0,20.0,28.0,1
2,191.785714286,168.928571429,20.0,28.0,1
3,176.428571429,140.0,22.0,30.0,1
4,136.428571429,121.785714286,26.0,34.0,1
5,1.78571428571,271.428571429,24.0,22.0,1
6,21.7857142857,8.92857142857,24.0,24.0,1
