#item,x,y,dx,dy,label
0,221.538461538,173.461538462,32.0,36.0,1
1,119.615384615,220.769230769,56.0,30.0,1
2,169.230769231,235.384615385,38.0,30.0,1
3,151.538461538,256.538461538,38.0,40.0,1
4,113.461538462,256.923076923,46.0,38.0,1
5,45.3846153846,193.846153846,30.0,38.0,1
6,151.923076923,8.07692307692,38.0,38.0,1
7,203.076923077,79.6153846154,34.0,48.0,1
8,218.846153846,58.0769230769,42.0,32.0,1
9,183.076923077,58.0769230769,26.0,32.0,1
10,238.076923077,146.923076923,36.0,24.0,1
