#item,x,y,dx,dy,label
0,7.85714285714,25.0,22.0,30.0,1
1,27.1428571429,1.78571428571,26.0,26.0,1
2,2.5,1.42857142857,30.0,30.0,1
3,122.857142857,0.714285714286,20.0,16.0,1
4,179.642857143,0.357142857143,30.0,24.0,1
5,185.0,271.428571429,30.0,24.0,1
6,137.5,125.714285714,30.0,34.0,1
