#item,x,y,dx,dy,label
0,160.714285714,22.1428571429,26.0,18.0,1
1,58.9285714286,23.2142857143,20.0,22.0,1
