#item,x,y,dx,dy,label
0,171.071428571,209.285714286,24.0,22.0,1
1,25.3571428571,177.5,28.0,20.0,1
