#item,x,y,dx,dy,label
0,57.8571428571,90.0,34.0,24.0,1
1,163.214285714,99.2857142857,26.0,24.0,1
2,173.571428571,108.214285714,22.0,20.0,1
3,177.142857143,138.928571429,30.0,26.0,1
4,232.5,240.357142857,26.0,30.0,1
5,269.285714286,221.071428571,26.0,30.0,1
