#item,x,y,dx,dy,label
0,62.6315789474,88.4210526316,36.0,34.0,1
1,269.473684211,47.8947368421,30.0,28.0,1
