#item,x,y,dx,dy,label
0,120.384615385,125.769230769,36.0,32.0,1
1,94.6153846154,111.538461538,34.0,30.0,1
2,245.769230769,223.461538462,24.0,36.0,1
3,23.4615384615,76.9230769231,28.0,36.0,1
4,188.076923077,241.153846154,22.0,30.0,1
