#item,x,y,dx,dy,label
0,231.785714286,109.285714286,30.0,26.0,1
1,231.071428571,127.142857143,30.0,26.0,1
2,274.285714286,113.928571429,24.0,30.0,1
3,255.714285714,158.214285714,30.0,24.0,1
4,257.5,7.14285714286,34.0,28.0,1
5,273.571428571,24.6428571429,24.0,38.0,1
6,0.357142857143,270.357142857,28.0,30.0,1
