#item,x,y,dx,dy,label
0,65.0,261.428571429,30.0,36.0,1
1,80.3571428571,240.357142857,30.0,24.0,1
2,66.0714285714,168.571428571,24.0,36.0,1
3,59.6428571429,38.2142857143,44.0,36.0,1
4,131.071428571,17.1428571429,36.0,38.0,1
5,236.428571429,86.7857142857,36.0,38.0,1
6,251.785714286,118.571428571,36.0,38.0,1
7,251.428571429,42.5,24.0,32.0,1
8,12.5,20.7142857143,32.0,30.0,1
