#item,x,y,dx,dy,label
0,136.956521739,227.391304348,24.0,34.0,1
1,189.565217391,140.434782609,24.0,34.0,1
2,223.913043478,140.869565217,24.0,28.0,1
3,191.739130435,232.608695652,24.0,28.0,1
