#item,x,y,dx,dy,label
0,59.6428571429,116.428571429,20.0,20.0,1
1,45.0,112.142857143,20.0,20.0,1
2,34.2857142857,80.7142857143,20.0,28.0,1
