#item,x,y,dx,dy,label
0,268.846153846,249.615384615,28.0,24.0,1
1,256.538461538,188.846153846,20.0,24.0,1
2,271.538461538,180.0,22.0,28.0,1
3,29.2307692308,242.692307692,22.0,18.0,1
4,187.692307692,151.153846154,18.0,20.0,1
5,12.6923076923,56.1538461538,26.0,22.0,1
6,20.3846153846,111.923076923,26.0,22.0,1
7,1.92307692308,156.153846154,22.0,22.0,1
