#item,x,y,dx,dy,label
0,39.2307692308,169.615384615,26.0,32.0,1
1,51.1538461538,151.153846154,26.0,22.0,1
2,7.30769230769,202.692307692,32.0,30.0,1
3,118.076923077,168.461538462,18.0,22.0,1
4,103.076923077,10.7692307692,22.0,18.0,1
5,126.153846154,2.30769230769,28.0,14.0,1
