#item,x,y,dx,dy,label
0,185.0,173.571428571,22.0,20.0,1
1,212.142857143,219.642857143,18.0,20.0,1
2,218.928571429,238.571428571,18.0,20.0,1
3,199.642857143,231.785714286,18.0,20.0,1
4,189.285714286,247.5,22.0,20.0,1
5,176.071428571,138.214285714,26.0,28.0,1
6,195.714285714,123.928571429,48.0,32.0,1
7,162.142857143,108.214285714,28.0,32.0,1
8,136.071428571,98.5714285714,28.0,28.0,1
9,65.7142857143,32.1428571429,28.0,28.0,1
10,33.5714285714,51.0714285714,28.0,22.0,1
