#item,x,y,dx,dy,label
0,114.615384615,29.2307692308,20.0,20.0,1
1,213.076923077,10.0,18.0,22.0,1
2,275.0,233.846153846,20.0,24.0,1
