#item,x,y,dx,dy,label
0,255.357142857,17.5,28.0,26.0,1
1,215.357142857,92.1428571429,28.0,24.0,1
2,216.785714286,122.142857143,28.0,24.0,1
