#item,x,y,dx,dy,label
0,45.7692307692,182.307692308,22.0,30.0,1
1,119.230769231,148.461538462,22.0,30.0,1
2,199.615384615,1.92307692308,22.0,22.0,1
3,211.538461538,17.6923076923,18.0,22.0,1
