#item,x,y,dx,dy,label
0,0.357142857143,35.7142857143,24.0,22.0,1
1,7.85714285714,108.214285714,24.0,22.0,1
