#item,x,y,dx,dy,label
0,6.78571428571,191.428571429,26.0,28.0,1
1,241.785714286,216.428571429,26.0,22.0,1
2,269.285714286,173.928571429,26.0,34.0,1
3,248.571428571,231.071428571,24.0,32.0,1
4,268.571428571,223.928571429,22.0,30.0,1
5,5.0,5.71428571429,22.0,30.0,1
6,16.0714285714,23.5714285714,26.0,22.0,1
7,0.714285714286,28.5714285714,18.0,22.0,1
