#item,x,y,dx,dy,label
0,15.3571428571,194.285714286,28.0,26.0,1
1,31.4285714286,84.6428571429,20.0,26.0,1
2,56.0714285714,267.5,20.0,26.0,1
3,47.1428571429,208.214285714,20.0,22.0,1
4,44.2857142857,228.571428571,20.0,22.0,1
5,26.4285714286,242.142857143,20.0,22.0,1
6,265.0,144.642857143,20.0,22.0,1
7,226.428571429,190.357142857,26.0,20.0,1
