#item,x,y,dx,dy,label
0,56.4285714286,110.714285714,22.0,20.0,1
1,210.0,83.9285714286,24.0,18.0,1
2,279.642857143,175.357142857,16.0,20.0,1
