#item,x,y,dx,dy,label
0,206.52173913,87.3913043478,32.0,30.0,1
1,173.913043478,66.9565217391,28.0,26.0,1
2,205.217391304,44.347826087,28.0,26.0,1
3,243.913043478,77.8260869565,28.0,26.0,1
4,254.347826087,103.043478261,28.0,26.0,1
5,224.782608696,168.260869565,28.0,28.0,1
6,254.782608696,155.652173913,32.0,22.0,1
