#item,x,y,dx,dy,label
0,106.956521739,100.0,26.0,20.0,1
1,98.2608695652,124.347826087,24.0,22.0,1
2,90.8695652174,167.826086957,24.0,22.0,1
