#item,x,y,dx,dy,label
0,54.7368421053,56.8421052632,18.0,22.0,1
