#item,x,y,dx,dy,label
0,133.076923077,142.307692308,26.0,26.0,1
1,148.846153846,153.846153846,24.0,22.0,1
2,116.538461538,173.461538462,20.0,30.0,1
3,42.3076923077,261.538461538,32.0,30.0,1
4,33.0769230769,217.307692308,20.0,30.0,1
5,88.8461538462,277.307692308,36.0,22.0,1
6,152.692307692,277.692307692,36.0,22.0,1
7,0.769230769231,107.692307692,18.0,22.0,1
8,6.92307692308,18.0769230769,36.0,28.0,1
9,84.2307692308,233.846153846,34.0,26.0,1
