#item,x,y,dx,dy,label
0,125.357142857,181.785714286,24.0,26.0,1
1,108.571428571,197.5,24.0,20.0,1
2,159.642857143,132.142857143,22.0,22.0,1
3,82.8571428571,249.642857143,18.0,24.0,1
4,26.7857142857,275.714285714,18.0,24.0,1
