#item,x,y,dx,dy,label
0,236.071428571,102.5,30.0,34.0,1
1,257.857142857,96.4285714286,36.0,30.0,1
2,51.0714285714,49.2857142857,24.0,30.0,1
