#item,x,y,dx,dy,label
0,4.64285714286,252.857142857,28.0,22.0,1
1,61.4285714286,248.928571429,26.0,20.0,1
2,126.071428571,169.285714286,20.0,26.0,1
3,186.785714286,218.928571429,24.0,18.0,1
4,118.928571429,73.2142857143,24.0,26.0,1
5,153.214285714,81.7857142857,22.0,22.0,1
