#item,x,y,dx,dy,label
0,77.3076923077,21.1538461538,14.0,18.0,1
1,261.538461538,39.6153846154,14.0,18.0,1
