#item,x,y,dx,dy,label
0,129.523809524,219.523809524,22.0,28.0,1
1,122.857142857,225.714285714,20.0,26.0,1
2,6.19047619048,231.904761905,24.0,30.0,1
3,171.428571429,224.285714286,22.0,28.0,1
4,191.428571429,215.238095238,24.0,30.0,1
5,187.142857143,181.428571429,24.0,30.0,1
6,234.285714286,73.8095238095,24.0,30.0,1
7,256.19047619,79.5238095238,30.0,26.0,1
8,253.333333333,94.7619047619,22.0,26.0,1
9,222.380952381,44.7619047619,28.0,22.0,1
