#item,x,y,dx,dy,label
0,35.7894736842,191.578947368,20.0,20.0,1
1,44.7368421053,64.2105263158,22.0,18.0,1
2,34.2105263158,56.8421052632,14.0,18.0,1
3,44.2105263158,107.894736842,20.0,18.0,1
4,107.894736842,223.157894737,20.0,18.0,1
5,270.0,156.315789474,20.0,18.0,1
6,279.473684211,101.578947368,20.0,18.0,1
7,164.210526316,241.052631579,26.0,24.0,1
8,210.526315789,235.789473684,18.0,16.0,1
9,224.210526316,244.210526316,20.0,18.0,1
