#item,x,y,dx,dy,label
0,63.5714285714,138.571428571,36.0,30.0,1
1,89.2857142857,138.214285714,32.0,26.0,1
2,116.071428571,142.5,34.0,30.0,1
3,86.4285714286,156.428571429,38.0,34.0,1
4,189.642857143,103.571428571,32.0,30.0,1
5,219.285714286,87.8571428571,30.0,32.0,1
6,214.285714286,60.7142857143,28.0,30.0,1
7,240.0,66.7857142857,34.0,30.0,1
8,204.642857143,120.714285714,34.0,36.0,1
9,270.0,100.0,30.0,32.0,1
