#item,x,y,dx,dy,label
0,9.47368421053,35.2631578947,44.0,36.0,1
1,156.315789474,46.8421052632,40.0,32.0,1
2,124.736842105,14.7368421053,32.0,34.0,1
3,98.9473684211,56.8421052632,38.0,28.0,1
4,1.05263157895,54.2105263158,32.0,30.0,1
5,2.84217094304e-14,13.6842105263,26.0,30.0,1
