#item,x,y,dx,dy,label
0,185.263157895,99.4736842105,40.0,28.0,1
