#item,x,y,dx,dy,label
0,204.736842105,225.789473684,22.0,22.0,1
1,271.052631579,187.894736842,22.0,22.0,1
2,233.684210526,240.0,22.0,22.0,1
3,274.210526316,210.526315789,22.0,22.0,1
4,165.263157895,93.1578947368,22.0,22.0,1
