#item,x,y,dx,dy,label
0,57.6923076923,180.769230769,24.0,20.0,1
1,5.76923076923,226.923076923,28.0,32.0,1
2,185.0,41.5384615385,34.0,28.0,1
3,195.0,235.384615385,32.0,22.0,1
4,230.0,241.538461538,30.0,26.0,1
5,55.3846153846,83.4615384615,30.0,22.0,1
