#item,x,y,dx,dy,label
0,29.5652173913,187.391304348,22.0,26.0,1
1,113.47826087,196.956521739,20.0,26.0,1
2,125.217391304,180.0,22.0,26.0,1
3,113.913043478,146.52173913,26.0,32.0,1
4,119.565217391,29.5652173913,20.0,26.0,1
