#item,x,y,dx,dy,label
0,118.214285714,47.8571428571,20.0,28.0,1
1,275.714285714,183.928571429,22.0,30.0,1
