#item,x,y,dx,dy,label
0,85.7692307692,135.769230769,34.0,40.0,1
1,148.461538462,180.0,34.0,40.0,1
2,189.230769231,176.153846154,34.0,40.0,1
3,240.769230769,121.923076923,30.0,38.0,1
4,182.307692308,76.5384615385,30.0,38.0,1
5,45.0,62.6923076923,28.0,36.0,1
6,176.923076923,254.615384615,24.0,32.0,1
7,213.076923077,7.69230769231,24.0,32.0,1
8,274.230769231,163.846153846,26.0,28.0,1
9,162.307692308,135.769230769,26.0,28.0,1
