#item,x,y,dx,dy,label
0,155.714285714,188.571428571,30.0,24.0,1
1,133.571428571,203.928571429,32.0,28.0,1
2,185.357142857,38.5714285714,32.0,28.0,1
3,265.357142857,2.85714285714,32.0,28.0,1
