#item,x,y,dx,dy,label
0,168.571428571,133.214285714,30.0,20.0,1
1,174.642857143,110.357142857,30.0,20.0,1
2,181.428571429,81.4285714286,28.0,26.0,1
3,212.857142857,28.5714285714,26.0,22.0,1
4,236.071428571,40.0,26.0,22.0,1
5,209.642857143,141.428571429,28.0,24.0,1
6,274.642857143,177.142857143,22.0,28.0,1
7,218.571428571,256.785714286,30.0,38.0,1
