#item,x,y,dx,dy,label
0,1.92307692308,222.692307692,22.0,40.0,1
1,117.307692308,170.0,26.0,32.0,1
2,166.153846154,112.692307692,24.0,28.0,1
3,266.153846154,24.2307692308,24.0,30.0,1
