#item,x,y,dx,dy,label
0,9.64285714286,247.5,38.0,22.0,1
1,61.7857142857,207.142857143,26.0,34.0,1
2,64.6428571429,233.214285714,26.0,26.0,1
3,17.8571428571,225.357142857,32.0,24.0,1
4,65.7142857143,255.714285714,22.0,26.0,1
