#item,x,y,dx,dy,label
0,77.619047619,50.4761904762,40.0,50.0,1
1,63.8095238095,21.9047619048,48.0,36.0,1
2,172.380952381,21.9047619048,30.0,32.0,1
3,195.714285714,9.04761904762,40.0,38.0,1
4,213.333333333,75.7142857143,34.0,42.0,1
5,241.428571429,70.4761904762,40.0,40.0,1
6,226.19047619,56.1904761905,38.0,38.0,1
