#item,x,y,dx,dy,label
0,14.7368421053,40.0,28.0,28.0,1
1,44.2105263158,35.2631578947,22.0,30.0,1
