#item,x,y,dx,dy,label
0,107.368421053,48.4210526316,22.0,22.0,1
1,233.157894737,217.368421053,24.0,24.0,1
2,152.631578947,36.8421052632,24.0,24.0,1
