#item,x,y,dx,dy,label
0,1.90476190476,269.047619048,20.0,30.0,1
1,138.571428571,228.095238095,24.0,24.0,1
2,158.095238095,245.714285714,24.0,24.0,1
3,165.238095238,230.0,24.0,28.0,1
4,137.142857143,253.80952381,18.0,22.0,1
5,231.428571429,235.238095238,24.0,22.0,1
6,253.80952381,223.333333333,30.0,22.0,1
7,253.333333333,211.904761905,26.0,22.0,1
8,248.095238095,43.8095238095,24.0,28.0,1
9,273.80952381,44.7619047619,26.0,24.0,1
10,231.904761905,10.9523809524,20.0,20.0,1
