#item,x,y,dx,dy,label
0,119.642857143,193.571428571,24.0,34.0,1
1,136.785714286,197.5,28.0,30.0,1
2,175.0,156.785714286,22.0,20.0,1
3,9.64285714286,56.7857142857,20.0,22.0,1
