#item,x,y,dx,dy,label
0,158.095238095,50.0,22.0,20.0,1
1,179.047619048,44.7619047619,22.0,20.0,1
