#item,x,y,dx,dy,label
0,91.0526315789,236.315789474,28.0,22.0,1
1,17.3684210526,246.315789474,24.0,22.0,1
2,85.7894736842,65.2631578947,20.0,26.0,1
3,50.5263157895,37.8947368421,26.0,32.0,1
