#item,x,y,dx,dy,label
0,229.642857143,238.571428571,28.0,22.0,1
1,114.285714286,233.571428571,28.0,22.0,1
