#item,x,y,dx,dy,label
0,86.7857142857,283.571428571,26.0,16.0,1
1,17.1428571429,96.4285714286,20.0,20.0,1
2,228.214285714,145.714285714,26.0,20.0,1
