#item,x,y,dx,dy,label
0,205.357142857,46.7857142857,24.0,22.0,1
1,210.357142857,67.5,24.0,14.0,1
2,207.5,15.0,24.0,20.0,1
3,265.714285714,46.7857142857,24.0,20.0,1
