#item,x,y,dx,dy,label
0,66.7857142857,242.857142857,36.0,20.0,1
1,96.0714285714,263.214285714,24.0,16.0,1
2,115.714285714,246.071428571,22.0,20.0,1
