#item,x,y,dx,dy,label
0,1.53846153846,178.846153846,30.0,30.0,1
1,193.461538462,283.846153846,36.0,16.0,1
2,258.461538462,198.076923077,24.0,20.0,1
3,223.846153846,173.846153846,24.0,26.0,1
4,268.461538462,55.0,20.0,20.0,1
5,195.769230769,174.230769231,28.0,24.0,1
6,206.538461538,146.153846154,22.0,18.0,1
7,178.846153846,124.615384615,16.0,26.0,1
8,179.230769231,146.923076923,22.0,22.0,1
9,132.307692308,176.923076923,18.0,18.0,1
10,106.538461538,25.7692307692,20.0,16.0,1
