#item,x,y,dx,dy,label
0,53.5714285714,131.785714286,20.0,24.0,1
1,71.4285714286,129.285714286,18.0,22.0,1
2,155.714285714,122.857142857,18.0,28.0,1
3,246.071428571,119.285714286,22.0,16.0,1
4,259.642857143,126.785714286,20.0,22.0,1
