#item,x,y,dx,dy,label
0,22.8571428571,1.42857142857,36.0,18.0,1
1,78.5714285714,0.714285714286,40.0,22.0,1
2,67.1428571429,16.7857142857,38.0,28.0,1
3,105.357142857,11.0714285714,42.0,32.0,1
4,36.4285714286,99.6428571429,38.0,28.0,1
5,222.5,264.642857143,32.0,28.0,1
6,205.357142857,8.57142857143,32.0,28.0,1
