#item,x,y,dx,dy,label
0,224.210526316,41.5789473684,28.0,26.0,1
1,218.947368421,95.2631578947,32.0,26.0,1
2,2.63157894737,96.3157894737,32.0,32.0,1
3,253.157894737,166.315789474,28.0,32.0,1
4,260.0,70.5263157895,28.0,32.0,1
5,41.5789473684,58.9473684211,24.0,28.0,1
