#item,x,y,dx,dy,label
0,193.684210526,26.3157894737,46.0,42.0,1
1,108.421052632,242.105263158,26.0,22.0,1
2,132.631578947,257.894736842,24.0,28.0,1
3,126.842105263,128.947368421,28.0,28.0,1
4,57.3684210526,122.105263158,26.0,26.0,1
