#item,x,y,dx,dy,label
0,206.153846154,200.769230769,28.0,22.0,1
1,218.846153846,181.153846154,24.0,22.0,1
2,191.153846154,243.846153846,26.0,24.0,1
