#item,x,y,dx,dy,label
0,192.857142857,103.214285714,36.0,32.0,1
1,198.214285714,130.357142857,32.0,24.0,1
2,220.0,107.857142857,26.0,38.0,1
3,61.4285714286,74.6428571429,34.0,24.0,1
4,8.57142857143,88.9285714286,24.0,30.0,1
5,77.1428571429,130.0,28.0,26.0,1
6,50.0,83.9285714286,28.0,24.0,1
