#item,x,y,dx,dy,label
0,79.6153846154,63.4615384615,24.0,28.0,1
1,63.8461538462,90.3846153846,28.0,22.0,1
2,80.0,30.7692307692,16.0,22.0,1
3,276.923076923,221.538461538,22.0,30.0,1
4,208.461538462,230.0,22.0,30.0,1
5,156.538461538,120.769230769,22.0,20.0,1
