#item,x,y,dx,dy,label
0,101.071428571,115.714285714,26.0,26.0,1
1,120.357142857,106.785714286,26.0,26.0,1
2,142.5,212.142857143,26.0,26.0,1
3,234.642857143,250.714285714,26.0,22.0,1
4,157.142857143,201.428571429,26.0,22.0,1
5,140.357142857,89.6428571429,46.0,26.0,1
