#item,x,y,dx,dy,label
0,26.7857142857,79.2857142857,24.0,22.0,1
1,12.8571428571,86.4285714286,20.0,18.0,1
2,0.714285714286,104.285714286,22.0,28.0,1
3,240.357142857,168.928571429,20.0,20.0,1
