#item,x,y,dx,dy,label
0,0.384615384615,49.2307692308,26.0,34.0,1
1,1.15384615385,102.692307692,24.0,34.0,1
2,244.230769231,209.615384615,30.0,22.0,1
3,168.846153846,204.230769231,32.0,24.0,1
4,184.615384615,223.076923077,32.0,34.0,1
5,252.692307692,8.07692307692,28.0,30.0,1
6,166.153846154,76.9230769231,28.0,30.0,1
