#item,x,y,dx,dy,label
0,236.428571429,91.7857142857,20.0,20.0,1
1,244.285714286,104.285714286,24.0,26.0,1
2,198.928571429,251.071428571,22.0,24.0,1
3,50.3571428571,246.071428571,22.0,24.0,1
4,182.5,18.5714285714,24.0,18.0,1
5,113.214285714,147.142857143,24.0,14.0,1
6,133.214285714,149.285714286,20.0,14.0,1
7,57.1428571429,185.714285714,20.0,18.0,1
