#item,x,y,dx,dy,label
0,131.428571429,20.3571428571,28.0,30.0,1
1,154.285714286,26.7857142857,26.0,28.0,1
2,232.857142857,260.0,22.0,28.0,1
3,118.214285714,278.571428571,34.0,20.0,1
