#item,x,y,dx,dy,label
0,167.307692308,196.153846154,30.0,22.0,1
1,33.8461538462,263.846153846,30.0,26.0,1
2,235.384615385,2.30769230769,40.0,28.0,1
3,255.0,23.8461538462,34.0,26.0,1
4,75.7692307692,239.615384615,20.0,26.0,1
