#item,x,y,dx,dy,label
0,102.857142857,113.928571429,34.0,28.0,1
1,172.142857143,143.928571429,34.0,28.0,1
2,211.071428571,143.214285714,24.0,28.0,1
