#item,x,y,dx,dy,label
0,10.0,95.0,20.0,26.0,1
1,28.4615384615,94.6153846154,22.0,28.0,1
2,28.8461538462,75.7692307692,22.0,28.0,1
3,50.3846153846,65.3846153846,20.0,26.0,1
4,44.6153846154,36.5384615385,40.0,26.0,1
5,31.5384615385,148.461538462,32.0,20.0,1
6,56.1538461538,130.769230769,18.0,26.0,1
7,16.9230769231,171.923076923,20.0,24.0,1
8,116.538461538,276.153846154,38.0,20.0,1
9,56.1538461538,239.230769231,26.0,26.0,1
