#item,x,y,dx,dy,label
0,239.565217391,214.782608696,26.0,34.0,1
1,221.739130435,243.47826087,26.0,18.0,1
2,182.608695652,253.47826087,22.0,18.0,1
3,173.47826087,269.130434783,28.0,22.0,1
