#item,x,y,dx,dy,label
0,91.5789473684,113.157894737,16.0,18.0,1
1,108.421052632,110.0,16.0,18.0,1
2,83.6842105263,39.4736842105,18.0,20.0,1
3,272.105263158,157.368421053,18.0,24.0,1
4,4.73684210526,92.6315789474,22.0,24.0,1
