#item,x,y,dx,dy,label
0,154.736842105,187.368421053,28.0,24.0,1
1,213.157894737,73.6842105263,28.0,34.0,1
2,181.052631579,13.6842105263,34.0,32.0,1
3,228.947368421,20.0,32.0,30.0,1
4,249.473684211,74.2105263158,32.0,32.0,1
5,127.894736842,204.210526316,32.0,26.0,1
6,132.105263158,140.526315789,36.0,34.0,1
7,161.578947368,116.315789474,36.0,34.0,1
