#item,x,y,dx,dy,label
0,40.7692307692,33.0769230769,32.0,30.0,1
1,25.7692307692,40.7692307692,32.0,30.0,1
2,121.538461538,60.7692307692,22.0,30.0,1
3,113.846153846,123.461538462,18.0,26.0,1
4,11.5384615385,190.769230769,22.0,16.0,1
5,70.7692307692,200.769230769,24.0,22.0,1
6,128.461538462,220.769230769,22.0,20.0,1
7,111.538461538,238.846153846,22.0,24.0,1
8,125.769230769,272.692307692,22.0,24.0,1
9,97.3076923077,261.923076923,22.0,24.0,1
