#item,x,y,dx,dy,label
0,116.315789474,262.105263158,34.0,36.0,1
1,41.0526315789,178.947368421,32.0,34.0,1
2,257.894736842,236.842105263,32.0,34.0,1
3,127.368421053,88.4210526316,30.0,30.0,1
4,261.578947368,127.894736842,36.0,30.0,1
