#item,x,y,dx,dy,label
0,0.714285714286,28.9285714286,18.0,34.0,1
1,158.214285714,1.07142857143,36.0,26.0,1
2,246.428571429,18.5714285714,32.0,30.0,1
3,275.714285714,6.42857142857,24.0,30.0,1
4,150.357142857,120.357142857,26.0,30.0,1
5,166.071428571,142.142857143,28.0,30.0,1
6,180.357142857,162.142857143,30.0,28.0,1
7,195.0,186.785714286,34.0,32.0,1
8,229.285714286,117.142857143,34.0,32.0,1
9,245.714285714,87.5,28.0,30.0,1
