#item,x,y,dx,dy,label
0,35.7142857143,78.2142857143,30.0,28.0,1
