#item,x,y,dx,dy,label
0,140.526315789,228.421052632,22.0,20.0,1
1,155.789473684,227.368421053,30.0,18.0,1
2,105.263157895,261.578947368,24.0,22.0,1
3,73.6842105263,259.473684211,24.0,20.0,1
