#item,x,y,dx,dy,label
0,267.894736842,122.631578947,24.0,28.0,1
1,250.526315789,155.263157895,30.0,24.0,1
