#item,x,y,dx,dy,label
0,27.8571428571,213.571428571,24.0,28.0,1
1,210.0,157.857142857,26.0,32.0,1
2,243.571428571,151.071428571,30.0,36.0,1
3,228.214285714,185.0,26.0,32.0,1
4,172.857142857,71.7857142857,20.0,24.0,1
5,183.571428571,53.2142857143,22.0,26.0,1
6,192.5,78.9285714286,22.0,26.0,1
7,214.285714286,74.2857142857,22.0,26.0,1
8,236.071428571,81.0714285714,22.0,26.0,1
