#item,x,y,dx,dy,label
0,61.0714285714,75.0,30.0,24.0,1
1,41.4285714286,60.7142857143,26.0,20.0,1
2,32.8571428571,209.642857143,26.0,20.0,1
3,113.214285714,112.857142857,26.0,20.0,1
4,125.0,128.928571429,20.0,24.0,1
5,151.785714286,123.928571429,20.0,26.0,1
6,119.285714286,208.571428571,24.0,20.0,1
