#item,x,y,dx,dy,label
0,204.285714286,40.7142857143,28.0,28.0,1
1,121.785714286,145.357142857,34.0,28.0,1
