#item,x,y,dx,dy,label
0,75.7142857143,157.142857143,40.0,28.0,1
1,147.142857143,69.5238095238,28.0,30.0,1
