#item,x,y,dx,dy,label
0,68.5714285714,58.5714285714,16.0,22.0,1
1,86.0714285714,38.5714285714,24.0,22.0,1
2,90.7142857143,47.1428571429,24.0,22.0,1
3,111.428571429,26.4285714286,16.0,22.0,1
4,116.071428571,2.5,22.0,20.0,1
5,136.785714286,47.8571428571,30.0,18.0,1
6,45.7142857143,264.285714286,28.0,22.0,1
7,31.4285714286,271.785714286,26.0,18.0,1
8,66.7857142857,269.642857143,26.0,18.0,1
9,272.5,1.07142857143,26.0,18.0,1
