#item,x,y,dx,dy,label
0,130.769230769,28.8461538462,30.0,42.0,1
1,147.307692308,110.0,32.0,28.0,1
2,125.769230769,156.153846154,28.0,40.0,1
