#item,x,y,dx,dy,label
0,239.642857143,159.642857143,30.0,34.0,1
1,180.714285714,240.357142857,30.0,34.0,1
2,174.285714286,166.428571429,36.0,30.0,1
3,222.142857143,133.571428571,22.0,30.0,1
4,262.5,124.285714286,28.0,30.0,1
5,270.714285714,94.6428571429,28.0,34.0,1
