#item,x,y,dx,dy,label
0,96.4285714286,106.071428571,18.0,26.0,1
1,59.6428571429,141.071428571,26.0,20.0,1
2,67.5,154.285714286,26.0,20.0,1
3,87.8571428571,165.357142857,24.0,22.0,1
4,46.0714285714,181.071428571,24.0,20.0,1
5,75.7142857143,19.2857142857,18.0,20.0,1
6,90.0,16.0714285714,18.0,20.0,1
7,204.285714286,22.1428571429,18.0,20.0,1
8,235.714285714,30.0,18.0,20.0,1
9,245.714285714,8.92857142857,18.0,20.0,1
10,153.928571429,79.2857142857,18.0,16.0,1
