#item,x,y,dx,dy,label
0,26.9565217391,179.130434783,34.0,26.0,1
1,31.7391304348,216.086956522,34.0,26.0,1
2,86.9565217391,251.739130435,32.0,24.0,1
3,4.34782608696,266.086956522,30.0,28.0,1
4,25.652173913,279.130434783,46.0,20.0,1
5,80.0,279.565217391,46.0,20.0,1
6,254.347826087,275.652173913,34.0,20.0,1
