#item,x,y,dx,dy,label
0,6.42857142857,239.642857143,28.0,34.0,1
1,36.7857142857,248.928571429,28.0,24.0,1
2,253.214285714,182.142857143,28.0,24.0,1
3,121.785714286,79.6428571429,30.0,32.0,1
4,45.7142857143,62.8571428571,20.0,28.0,1
