#item,x,y,dx,dy,label
0,145.217391304,4.34782608696,38.0,40.0,1
1,252.608695652,254.347826087,34.0,42.0,1
