#item,x,y,dx,dy,label
0,39.2857142857,213.928571429,26.0,36.0,1
1,39.6428571429,136.785714286,32.0,28.0,1
2,76.4285714286,5.0,32.0,28.0,1
3,1.78571428571,42.1428571429,22.0,38.0,1
4,2.5,2.14285714286,22.0,34.0,1
5,68.5714285714,66.7857142857,26.0,22.0,1
