#item,x,y,dx,dy,label
0,230.0,124.642857143,34.0,26.0,1
1,252.142857143,25.7142857143,34.0,26.0,1
2,241.071428571,240.0,30.0,24.0,1
3,200.0,257.142857143,30.0,34.0,1
4,244.285714286,271.428571429,24.0,28.0,1
5,167.142857143,87.1428571429,24.0,28.0,1
