#item,x,y,dx,dy,label
0,79.4736842105,271.052631579,24.0,26.0,1
1,82.1052631579,242.105263158,24.0,26.0,1
2,122.105263158,219.473684211,24.0,22.0,1
3,135.263157895,206.315789474,26.0,24.0,1
4,126.315789474,148.421052632,36.0,30.0,1
5,113.684210526,161.578947368,30.0,30.0,1
6,171.052631579,65.7894736842,38.0,28.0,1
7,179.473684211,55.7894736842,38.0,28.0,1
8,41.5789473684,82.1052631579,28.0,24.0,1
