#item,x,y,dx,dy,label
0,61.0714285714,232.857142857,30.0,24.0,1
1,186.428571429,42.5,26.0,24.0,1
2,201.071428571,13.9285714286,34.0,24.0,1
3,31.4285714286,36.7857142857,18.0,20.0,1
4,43.5714285714,23.5714285714,16.0,18.0,1
5,56.4285714286,33.9285714286,16.0,18.0,1
