#item,x,y,dx,dy,label
0,209.642857143,161.785714286,30.0,32.0,1
1,163.571428571,150.0,34.0,36.0,1
