#item,x,y,dx,dy,label
0,66.8421052632,75.2631578947,34.0,38.0,1
1,66.8421052632,45.2631578947,30.0,34.0,1
