#item,x,y,dx,dy,label
0,34.2307692308,247.307692308,20.0,24.0,1
1,59.6153846154,257.307692308,20.0,24.0,1
2,180.769230769,265.384615385,24.0,22.0,1
3,207.692307692,46.9230769231,18.0,28.0,1
4,275.384615385,64.2307692308,22.0,28.0,1
5,269.615384615,23.0769230769,28.0,32.0,1
6,244.615384615,1.15384615385,28.0,16.0,1
7,221.538461538,23.4615384615,20.0,24.0,1
