#item,x,y,dx,dy,label
0,251.785714286,7.85714285714,34.0,38.0,1
