#item,x,y,dx,dy,label
0,167.826086957,246.956521739,38.0,50.0,1
