#item,x,y,dx,dy,label
0,107.368421053,40.5263157895,30.0,28.0,1
1,138.421052632,53.6842105263,30.0,28.0,1
2,116.842105263,64.2105263158,32.0,30.0,1
3,149.473684211,27.8947368421,34.0,32.0,1
4,164.210526316,53.6842105263,34.0,32.0,1
5,186.315789474,254.210526316,32.0,30.0,1
