#item,x,y,dx,dy,label
0,59.6428571429,181.785714286,36.0,34.0,1
1,81.7857142857,251.785714286,28.0,26.0,1
2,106.428571429,265.714285714,34.0,26.0,1
3,6.07142857143,91.7857142857,26.0,22.0,1
4,80.0,200.357142857,26.0,22.0,1
5,108.571428571,203.571428571,26.0,22.0,1
