#item,x,y,dx,dy,label
0,93.2142857143,106.785714286,16.0,28.0,1
1,102.142857143,122.857142857,20.0,26.0,1
