#item,x,y,dx,dy,label
0,23.4782608696,62.6086956522,26.0,20.0,1
1,125.217391304,203.043478261,24.0,16.0,1
