#item,x,y,dx,dy,label
0,105.0,63.0769230769,16.0,26.0,1
1,140.769230769,71.1538461538,16.0,26.0,1
