#item,x,y,dx,dy,label
0,33.0434782609,265.652173913,24.0,22.0,1
1,274.782608696,155.217391304,24.0,22.0,1
