#item,x,y,dx,dy,label
0,46.4285714286,62.1428571429,34.0,24.0,1
1,57.1428571429,81.4285714286,26.0,20.0,1
2,215.357142857,153.571428571,16.0,18.0,1
