#item,x,y,dx,dy,label
0,23.6842105263,204.736842105,24.0,24.0,1
1,2.10526315789,203.157894737,24.0,24.0,1
2,56.3157894737,158.947368421,20.0,24.0,1
3,65.7894736842,138.421052632,20.0,22.0,1
4,75.2631578947,122.105263158,20.0,22.0,1
5,114.210526316,124.736842105,24.0,28.0,1
6,133.684210526,127.368421053,24.0,28.0,1
7,162.631578947,110.0,24.0,28.0,1
8,144.210526316,92.1052631579,24.0,28.0,1
9,184.736842105,205.263157895,28.0,32.0,1
10,232.631578947,172.105263158,30.0,32.0,1
