#item,x,y,dx,dy,label
0,98.2608695652,191.739130435,30.0,30.0,1
1,93.4782608696,220.0,24.0,20.0,1
2,154.347826087,196.52173913,26.0,28.0,1
3,127.826086957,161.304347826,30.0,28.0,1
4,151.304347826,171.304347826,30.0,22.0,1
5,178.260869565,179.565217391,32.0,24.0,1
6,185.652173913,196.956521739,32.0,24.0,1
7,133.043478261,256.52173913,24.0,24.0,1
8,159.130434783,223.47826087,24.0,24.0,1
