#item,x,y,dx,dy,label
0,63.9130434783,155.652173913,34.0,32.0,1
1,65.652173913,170.869565217,28.0,36.0,1
2,50.8695652174,80.8695652174,28.0,26.0,1
3,93.9130434783,110.869565217,40.0,30.0,1
4,74.347826087,119.565217391,28.0,24.0,1
