#item,x,y,dx,dy,label
0,116.071428571,157.142857143,26.0,32.0,1
1,123.928571429,56.4285714286,22.0,28.0,1
2,194.642857143,114.642857143,26.0,32.0,1
3,109.285714286,239.642857143,20.0,26.0,1
4,37.8571428571,250.357142857,20.0,22.0,1
5,122.5,124.642857143,26.0,28.0,1
