#item,x,y,dx,dy,label
0,143.913043478,204.347826087,26.0,28.0,1
1,161.304347826,191.739130435,22.0,24.0,1
