#item,x,y,dx,dy,label
0,18.9285714286,37.5,28.0,32.0,1
1,20.3571428571,20.0,30.0,34.0,1
2,0.357142857143,59.2857142857,34.0,32.0,1
3,1.42857142857,264.285714286,30.0,32.0,1
