#item,x,y,dx,dy,label
0,58.9285714286,24.6428571429,32.0,28.0,1
1,36.0714285714,25.3571428571,20.0,20.0,1
2,249.642857143,218.571428571,28.0,26.0,1
