#item,x,y,dx,dy,label
0,126.086956522,230.0,22.0,28.0,1
1,141.304347826,234.782608696,18.0,24.0,1
2,113.913043478,210.0,22.0,28.0,1
3,100.0,201.304347826,30.0,28.0,1
4,96.5217391304,184.347826087,28.0,24.0,1
5,145.652173913,182.608695652,24.0,32.0,1
6,161.304347826,181.739130435,24.0,32.0,1
7,191.304347826,122.608695652,26.0,26.0,1
8,196.956521739,100.0,26.0,26.0,1
9,170.0,97.8260869565,26.0,26.0,1
10,223.913043478,42.1739130435,26.0,44.0,1
