#item,x,y,dx,dy,label
0,187.307692308,175.0,22.0,26.0,1
1,199.615384615,166.538461538,26.0,20.0,1
2,244.230769231,69.6153846154,26.0,20.0,1
3,241.153846154,85.0,18.0,22.0,1
