#item,x,y,dx,dy,label
0,263.571428571,51.7857142857,28.0,22.0,1
