#item,x,y,dx,dy,label
0,100.0,38.2142857143,30.0,26.0,1
1,236.071428571,108.571428571,26.0,22.0,1
2,221.428571429,51.0714285714,28.0,24.0,1
3,149.642857143,156.785714286,24.0,18.0,1
