#item,x,y,dx,dy,label
0,95.3571428571,18.9285714286,24.0,28.0,1
1,8.57142857143,27.8571428571,28.0,24.0,1
2,93.5714285714,239.642857143,28.0,24.0,1
