#item,x,y,dx,dy,label
0,49.2307692308,75.7692307692,36.0,44.0,1
1,8.46153846154,111.538461538,24.0,34.0,1
2,73.8461538462,56.1538461538,24.0,34.0,1
3,50.3846153846,140.769230769,42.0,40.0,1
4,144.615384615,97.6923076923,28.0,30.0,1
5,161.538461538,265.769230769,32.0,30.0,1
6,136.538461538,270.384615385,34.0,26.0,1
7,225.0,1.15384615385,28.0,24.0,1
