#item,x,y,dx,dy,label
0,88.2142857143,216.785714286,26.0,34.0,1
1,47.8571428571,180.714285714,20.0,18.0,1
2,58.5714285714,181.071428571,20.0,18.0,1
3,240.714285714,163.928571429,32.0,30.0,1
4,246.071428571,219.285714286,26.0,24.0,1
5,267.857142857,218.928571429,26.0,24.0,1
6,152.5,283.571428571,22.0,16.0,1
