#item,x,y,dx,dy,label
0,145.263157895,211.052631579,28.0,28.0,1
1,178.947368421,156.842105263,24.0,30.0,1
