#item,x,y,dx,dy,label
0,98.5714285714,181.785714286,22.0,24.0,1
1,22.5,115.357142857,20.0,26.0,1
2,1.42857142857,103.571428571,16.0,26.0,1
3,232.857142857,228.214285714,20.0,26.0,1
4,260.714285714,240.0,20.0,26.0,1
5,283.928571429,260.357142857,16.0,26.0,1
