#item,x,y,dx,dy,label
0,34.2307692308,159.230769231,18.0,24.0,1
1,266.923076923,5.38461538462,28.0,28.0,1
2,215.769230769,274.615384615,20.0,24.0,1
3,86.1538461538,236.153846154,26.0,28.0,1
