#item,x,y,dx,dy,label
0,51.5384615385,5.38461538462,28.0,28.0,1
1,23.4615384615,25.3846153846,30.0,24.0,1
2,1.92307692308,27.6923076923,24.0,30.0,1
3,131.923076923,78.0769230769,28.0,26.0,1
4,131.538461538,96.5384615385,28.0,26.0,1
5,173.846153846,94.2307692308,26.0,32.0,1
6,176.538461538,44.6153846154,32.0,34.0,1
7,8.07692307692,209.615384615,26.0,36.0,1
8,18.8461538462,213.461538462,24.0,34.0,1
9,8.46153846154,256.538461538,36.0,32.0,1
