#item,x,y,dx,dy,label
0,76.3157894737,201.578947368,24.0,24.0,1
1,98.4210526316,216.315789474,22.0,22.0,1
2,62.1052631579,264.210526316,20.0,20.0,1
3,223.684210526,140.526315789,26.0,26.0,1
4,51.5789473684,17.3684210526,30.0,22.0,1
