#item,x,y,dx,dy,label
0,30.3571428571,213.928571429,34.0,34.0,1
1,71.4285714286,212.857142857,28.0,32.0,1
2,51.7857142857,236.428571429,24.0,28.0,1
3,0.714285714286,248.571428571,18.0,36.0,1
4,193.214285714,241.071428571,24.0,30.0,1
5,220.0,199.285714286,26.0,32.0,1
6,190.0,166.785714286,26.0,32.0,1
7,139.642857143,149.285714286,38.0,34.0,1
