#item,x,y,dx,dy,label
0,117.142857143,225.0,36.0,26.0,1
1,202.5,238.214285714,26.0,26.0,1
2,212.5,215.0,26.0,26.0,1
3,246.428571429,199.285714286,26.0,26.0,1
4,260.357142857,168.571428571,30.0,30.0,1
5,262.5,143.571428571,30.0,26.0,1
6,135.0,174.285714286,26.0,22.0,1
7,42.8571428571,130.714285714,34.0,30.0,1
8,79.6428571429,40.3571428571,28.0,24.0,1
9,98.2142857143,54.2857142857,36.0,22.0,1
10,261.428571429,254.285714286,34.0,28.0,1
