#item,x,y,dx,dy,label
0,98.8461538462,148.846153846,34.0,26.0,1
1,164.615384615,201.153846154,28.0,36.0,1
2,121.538461538,275.769230769,22.0,24.0,1
3,198.846153846,2.30769230769,40.0,28.0,1
4,54.2307692308,85.3846153846,24.0,32.0,1
