#item,x,y,dx,dy,label
0,108.571428571,90.0,26.0,24.0,1
1,85.7142857143,83.2142857143,26.0,24.0,1
2,37.1428571429,98.9285714286,26.0,24.0,1
3,57.1428571429,107.5,26.0,24.0,1
4,108.928571429,265.357142857,26.0,24.0,1
