#item,x,y,dx,dy,label
0,53.5714285714,21.7857142857,28.0,22.0,1
1,30.0,13.2142857143,20.0,18.0,1
2,156.071428571,59.6428571429,16.0,14.0,1
3,167.142857143,56.4285714286,16.0,14.0,1
4,220.714285714,47.5,18.0,16.0,1
5,170.714285714,135.357142857,18.0,16.0,1
6,162.857142857,172.857142857,18.0,16.0,1
7,163.571428571,121.071428571,16.0,14.0,1
8,100.357142857,97.8571428571,14.0,12.0,1
9,189.642857143,246.428571429,20.0,22.0,1
