#item,x,y,dx,dy,label
0,247.5,180.357142857,32.0,30.0,1
1,205.357142857,213.928571429,32.0,30.0,1
2,126.428571429,254.285714286,30.0,38.0,1
3,1.07142857143,227.5,22.0,32.0,1
