#item,x,y,dx,dy,label
0,201.428571429,154.642857143,24.0,28.0,1
1,112.5,136.071428571,32.0,18.0,1
2,180.0,68.9285714286,22.0,20.0,1
3,192.142857143,72.5,22.0,20.0,1
4,237.5,269.285714286,30.0,28.0,1
5,27.8571428571,255.714285714,26.0,24.0,1
6,12.5,202.5,18.0,16.0,1
