#item,x,y,dx,dy,label
0,86.3157894737,148.947368421,26.0,24.0,1
1,72.6315789474,138.421052632,22.0,20.0,1
2,6.31578947368,120.0,22.0,20.0,1
3,79.4736842105,60.5263157895,24.0,22.0,1
4,233.684210526,107.894736842,24.0,18.0,1
5,142.631578947,42.6315789474,20.0,24.0,1
