#item,x,y,dx,dy,label
0,0.526315789474,247.894736842,22.0,34.0,1
1,74.7368421053,258.421052632,32.0,26.0,1
2,71.0526315789,242.631578947,26.0,24.0,1
3,97.3684210526,275.263157895,26.0,24.0,1
4,60.5263157895,214.736842105,22.0,20.0,1
5,103.157894737,211.052631579,22.0,20.0,1
6,153.157894737,72.6315789474,30.0,28.0,1
7,130.526315789,63.6842105263,26.0,24.0,1
8,144.736842105,43.1578947368,30.0,28.0,1
9,188.421052632,192.631578947,24.0,22.0,1
10,40.5263157895,185.263157895,22.0,20.0,1
