#item,x,y,dx,dy,label
0,93.2142857143,248.214285714,22.0,20.0,1
1,102.5,261.428571429,22.0,20.0,1
2,239.642857143,168.571428571,24.0,22.0,1
3,239.285714286,193.571428571,24.0,22.0,1
4,109.285714286,131.071428571,24.0,22.0,1
5,121.428571429,99.6428571429,24.0,22.0,1
6,146.428571429,118.214285714,22.0,20.0,1
7,13.9285714286,20.7142857143,26.0,24.0,1
