#item,x,y,dx,dy,label
0,117.142857143,210.357142857,32.0,24.0,1
