#item,x,y,dx,dy,label
0,135.263157895,262.105263158,20.0,22.0,1
1,20.0,218.947368421,24.0,24.0,1
2,34.2105263158,228.947368421,24.0,24.0,1
3,61.5789473684,113.157894737,30.0,24.0,1
4,67.3684210526,93.1578947368,26.0,20.0,1
5,125.789473684,59.4736842105,24.0,28.0,1
6,105.789473684,45.7894736842,28.0,28.0,1
7,180.0,92.1052631579,22.0,26.0,1
8,171.578947368,72.1052631579,26.0,28.0,1
9,51.5789473684,242.631578947,26.0,28.0,1
