#item,x,y,dx,dy,label
0,41.4285714286,236.071428571,40.0,28.0,1
1,78.5714285714,244.642857143,40.0,28.0,1
2,152.5,210.0,40.0,28.0,1
3,129.285714286,257.142857143,38.0,26.0,1
