#item,x,y,dx,dy,label
0,16.5384615385,227.307692308,30.0,34.0,1
1,228.076923077,269.615384615,26.0,30.0,1
2,272.307692308,205.769230769,26.0,36.0,1
3,111.538461538,241.538461538,24.0,18.0,1
