#item,x,y,dx,dy,label
0,120.0,120.434782609,24.0,30.0,1
1,127.391304348,80.4347826087,24.0,38.0,1
2,44.7826086957,257.391304348,26.0,20.0,1
3,26.5217391304,260.0,26.0,20.0,1
4,229.130434783,38.6956521739,26.0,20.0,1
