#item,x,y,dx,dy,label
0,76.0714285714,228.214285714,34.0,26.0,1
1,95.3571428571,215.714285714,30.0,22.0,1
2,272.142857143,202.5,26.0,40.0,1
3,84.2857142857,87.1428571429,20.0,22.0,1
