#item,x,y,dx,dy,label
0,1.42857142857,217.142857143,28.0,24.0,1
1,7.14285714286,249.523809524,26.0,30.0,1
2,238.571428571,76.6666666667,22.0,24.0,1
3,260.0,59.0476190476,20.0,20.0,1
4,259.047619048,78.0952380952,28.0,22.0,1
5,244.285714286,40.9523809524,24.0,24.0,1
6,61.9047619048,2.38095238095,28.0,18.0,1
