#item,x,y,dx,dy,label
0,1.42857142857,164.285714286,20.0,20.0,1
1,3.80952380952,196.666666667,20.0,20.0,1
2,14.2857142857,108.095238095,18.0,18.0,1
3,59.0476190476,24.2857142857,20.0,20.0,1
4,130.476190476,1.90476190476,26.0,16.0,1
5,167.142857143,49.0476190476,22.0,20.0,1
6,260.0,2.85714285714,28.0,24.0,1
7,279.047619048,206.666666667,20.0,30.0,1
8,276.666666667,164.285714286,22.0,24.0,1
